step,envId,formationType,timeStep,receiverId,old_threshold,delta_T,new_threshold,benign_exceedance_rate,reward
0,0,0,1,2,10.0,-2.0,8.0,0.0,-0.0505
1,0,0,1,3,8.0,-2.0,6.0,0.0,-0.0485
2,0,0,1,4,6.0,-2.0,4.0,0.0,-0.0465
3,0,0,1,5,4.0,-2.0,2.0,0.0,-0.0445
4,0,0,1,6,2.0,-2.0,1.0,0.0,-0.043500000000000004
5,0,0,1,7,1.0,-2.0,1.0,0.0,-0.043500000000000004
6,0,0,1,8,1.0,-2.0,1.0,0.0,-0.043500000000000004
7,0,0,1,9,1.0,-2.0,1.0,0.0,-0.043500000000000004
8,0,0,1,10,1.0,-2.0,1.0,0.0,-0.043500000000000004
9,0,0,1,11,1.0,-2.0,1.0,0.0,-0.043500000000000004
10,0,0,1,12,1.0,-2.0,1.0,0.0,-0.043500000000000004
11,0,0,1,13,1.0,-2.0,1.0,0.0,-0.043500000000000004
12,0,0,1,14,1.0,-2.0,1.0,0.0,-0.043500000000000004
13,0,0,1,15,1.0,-2.0,1.0,0.0,-0.043500000000000004
14,0,0,1,16,1.0,-2.0,1.0,0.0,-0.043500000000000004
15,0,0,1,17,1.0,-2.0,1.0,0.0,-0.043500000000000004
16,0,0,1,18,1.0,-2.0,1.0,0.0,-0.043500000000000004
17,0,0,1,19,1.0,-2.0,1.0,0.0,-0.043500000000000004
18,0,0,1,20,1.0,-2.0,1.0,0.0,-0.043500000000000004
19,0,0,2,1,1.0,-2.0,1.0,0.0,-0.043500000000000004
20,0,0,2,2,1.0,-2.0,1.0,0.0,-0.043500000000000004
21,0,0,2,3,1.0,-2.0,1.0,0.0,-0.043500000000000004
22,0,0,2,4,1.0,-2.0,1.0,0.0,-0.043500000000000004
23,0,0,2,5,1.0,-2.0,1.0,0.0,-0.043500000000000004
24,0,0,2,6,1.0,-2.0,1.0,0.0,-0.043500000000000004
25,0,0,2,7,1.0,-2.0,1.0,0.0,-0.043500000000000004
26,0,0,2,8,1.0,-2.0,1.0,0.0,-0.043500000000000004
27,0,0,2,9,1.0,-2.0,1.0,0.0,-0.043500000000000004
28,0,0,2,10,1.0,-2.0,1.0,0.0,-0.043500000000000004
29,0,0,2,11,1.0,-2.0,1.0,0.0,-0.043500000000000004
30,0,0,2,12,1.0,-2.0,1.0,0.0,-0.043500000000000004
31,0,0,2,13,1.0,-2.0,1.0,0.0,-0.043500000000000004
32,0,0,2,14,1.0,-2.0,1.0,0.0,-0.043500000000000004
33,0,0,2,15,1.0,-2.0,1.0,0.0,-0.043500000000000004
34,0,0,2,16,1.0,-2.0,1.0,0.0,-0.043500000000000004
35,0,0,2,17,1.0,-2.0,1.0,0.0,-0.043500000000000004
36,0,0,2,18,1.0,-2.0,1.0,0.0,-0.043500000000000004
37,0,0,2,19,1.0,-2.0,1.0,0.0,-0.043500000000000004
38,0,0,2,20,1.0,-2.0,1.0,0.0,-0.043500000000000004
39,0,0,3,1,1.0,-2.0,1.0,0.0,-0.043500000000000004
40,0,0,3,2,1.0,-2.0,1.0,0.0,-0.043500000000000004
41,0,0,3,3,1.0,-2.0,1.0,0.0,-0.043500000000000004
42,0,0,3,4,1.0,-2.0,1.0,0.0,-0.043500000000000004
43,0,0,3,5,1.0,-2.0,1.0,0.0,-0.043500000000000004
44,0,0,3,6,1.0,-2.0,1.0,0.0,-0.043500000000000004
45,0,0,3,7,1.0,-2.0,1.0,0.0,-0.043500000000000004
46,0,0,3,8,1.0,-2.0,1.0,0.0,-0.043500000000000004
47,0,0,3,9,1.0,-2.0,1.0,0.0,-0.043500000000000004
48,0,0,3,10,1.0,-2.0,1.0,0.0,-0.043500000000000004
49,0,0,3,11,1.0,-2.0,1.0,0.0,-0.043500000000000004
50,0,0,3,12,1.0,-2.0,1.0,0.0,-0.043500000000000004
51,0,0,3,13,1.0,-2.0,1.0,0.0,-0.043500000000000004
52,0,0,3,14,1.0,-2.0,1.0,0.0,-0.043500000000000004
53,0,0,3,15,1.0,-2.0,1.0,0.0,-0.043500000000000004
54,0,0,3,16,1.0,-2.0,1.0,0.0,-0.043500000000000004
55,0,0,3,17,1.0,-2.0,1.0,0.0,-0.043500000000000004
56,0,0,3,18,1.0,-2.0,1.0,0.0,-0.043500000000000004
57,0,0,3,19,1.0,-2.0,1.0,0.0,-0.043500000000000004
58,0,0,3,20,1.0,-2.0,1.0,0.0,-0.043500000000000004
59,0,0,4,1,1.0,-2.0,1.0,0.0,-0.043500000000000004
60,0,0,4,2,1.0,-2.0,1.0,0.0,-0.043500000000000004
61,0,0,4,3,1.0,-2.0,1.0,0.0,-0.043500000000000004
62,0,0,4,4,1.0,-2.0,1.0,0.0,-0.043500000000000004
63,0,0,4,5,1.0,-2.0,1.0,0.0,-0.043500000000000004
64,0,0,4,6,1.0,-2.0,1.0,0.0,-0.043500000000000004
65,0,0,4,7,1.0,-2.0,1.0,0.0,-0.043500000000000004
66,0,0,4,8,1.0,-2.0,1.0,0.0,-0.043500000000000004
67,0,0,4,9,1.0,-2.0,1.0,0.0,-0.043500000000000004
68,0,0,4,10,1.0,-2.0,1.0,0.0,-0.043500000000000004
69,0,0,4,11,1.0,-2.0,1.0,0.0,-0.043500000000000004
70,0,0,4,12,1.0,-2.0,1.0,0.0,-0.043500000000000004
71,0,0,4,13,1.0,-1.9999998807907104,1.0,0.0,-0.04349999523162856
72,0,0,4,14,1.0,-2.0,1.0,0.0,-0.043500000000000004
73,0,0,4,15,1.0,-2.0,1.0,0.0,-0.043500000000000004
74,0,0,4,16,1.0,-2.0,1.0,0.0,-0.043500000000000004
75,0,0,4,17,1.0,-2.0,1.0,0.0,-0.043500000000000004
76,0,0,4,18,1.0,-2.0,1.0,0.0,-0.043500000000000004
77,0,0,4,19,1.0,-2.0,1.0,0.0,-0.043500000000000004
78,0,0,4,20,1.0,-2.0,1.0,0.0,-0.043500000000000004
79,0,0,5,1,1.0,-2.0,1.0,0.0,-0.043500000000000004
80,0,0,5,2,1.0,-2.0,1.0,0.0,-0.043500000000000004
81,0,0,5,3,1.0,-2.0,1.0,0.0,-0.043500000000000004
82,0,0,5,4,1.0,-2.0,1.0,0.0,-0.043500000000000004
83,0,0,5,5,1.0,-2.0,1.0,0.0,-0.043500000000000004
84,0,0,5,6,1.0,-2.0,1.0,0.0,-0.043500000000000004
85,0,0,5,7,1.0,-2.0,1.0,0.0,-0.043500000000000004
86,0,0,5,8,1.0,-2.0,1.0,0.0,-0.043500000000000004
87,0,0,5,9,1.0,-2.0,1.0,0.0,-0.043500000000000004
88,0,0,5,10,1.0,-2.0,1.0,0.0,-0.043500000000000004
89,0,0,5,11,1.0,-2.0,1.0,0.0,-0.043500000000000004
90,0,0,5,12,1.0,-2.0,1.0,0.0,-0.043500000000000004
91,0,0,5,13,1.0,-1.9999998807907104,1.0,0.0,-0.04349999523162856
92,0,0,5,14,1.0,-2.0,1.0,0.0,-0.043500000000000004
93,0,0,5,15,1.0,-2.0,1.0,0.0,-0.043500000000000004
94,0,0,5,16,1.0,-2.0,1.0,0.0,-0.043500000000000004
95,0,0,5,17,1.0,-2.0,1.0,0.0,-0.043500000000000004
96,0,0,5,18,1.0,-2.0,1.0,0.0,-0.043500000000000004
97,0,0,5,19,1.0,-2.0,1.0,0.0,-0.043500000000000004
98,0,0,5,20,1.0,-2.0,1.0,0.0,-0.043500000000000004
99,0,0,6,1,1.0,-2.0,1.0,0.0,-0.043500000000000004
100,0,0,6,2,1.0,-2.0,1.0,0.0,-0.043500000000000004
101,0,0,6,3,1.0,-2.0,1.0,0.0,-0.043500000000000004
102,0,0,6,4,1.0,-2.0,1.0,0.0,-0.043500000000000004
103,0,0,6,5,1.0,-2.0,1.0,0.0,-0.043500000000000004
104,0,0,6,6,1.0,-2.0,1.0,0.0,-0.043500000000000004
105,0,0,6,7,1.0,-2.0,1.0,0.0,-0.043500000000000004
106,0,0,6,8,1.0,-2.0,1.0,0.0,-0.043500000000000004
107,0,0,6,9,1.0,-2.0,1.0,0.0,-0.043500000000000004
108,0,0,6,10,1.0,-2.0,1.0,0.0,-0.043500000000000004
109,0,0,6,11,1.0,-2.0,1.0,0.0,-0.043500000000000004
110,0,0,6,12,1.0,-2.0,1.0,0.0,-0.043500000000000004
111,0,0,6,13,1.0,-1.9999998807907104,1.0,0.0,-0.04349999523162856
112,0,0,6,14,1.0,-2.0,1.0,0.0,-0.043500000000000004
113,0,0,6,15,1.0,-2.0,1.0,0.0,-0.043500000000000004
114,0,0,6,16,1.0,-2.0,1.0,0.0,-0.043500000000000004
115,0,0,6,17,1.0,-2.0,1.0,0.0,-0.043500000000000004
116,0,0,6,18,1.0,-2.0,1.0,0.0,-0.043500000000000004
117,0,0,6,19,1.0,-2.0,1.0,0.0,-0.043500000000000004
118,0,0,6,20,1.0,-2.0,1.0,0.0,-0.043500000000000004
119,0,0,7,1,1.0,-2.0,1.0,0.0,-0.043500000000000004
120,0,0,7,2,1.0,-2.0,1.0,0.0,-0.043500000000000004
121,0,0,7,3,1.0,-2.0,1.0,0.0,-0.043500000000000004
122,0,0,7,4,1.0,-2.0,1.0,0.0,-0.043500000000000004
123,0,0,7,5,1.0,-2.0,1.0,0.0,-0.043500000000000004
124,0,0,7,6,1.0,-2.0,1.0,0.0,-0.043500000000000004
125,0,0,7,7,1.0,-2.0,1.0,0.0,-0.043500000000000004
126,0,0,7,8,1.0,-2.0,1.0,0.0,-0.043500000000000004
127,0,0,7,9,1.0,-2.0,1.0,0.0,-0.043500000000000004
128,0,0,7,10,1.0,-2.0,1.0,0.0,-0.043500000000000004
129,0,0,7,11,1.0,-2.0,1.0,0.0,-0.043500000000000004
130,0,0,7,12,1.0,-2.0,1.0,0.0,-0.043500000000000004
131,0,0,7,13,1.0,-1.9999998807907104,1.0,0.0,-0.04349999523162856
132,0,0,7,14,1.0,-2.0,1.0,0.0,-0.043500000000000004
133,0,0,7,15,1.0,-2.0,1.0,0.0,-0.043500000000000004
134,0,0,7,16,1.0,-2.0,1.0,0.0,-0.043500000000000004
135,0,0,7,17,1.0,-2.0,1.0,0.0,-0.043500000000000004
136,0,0,7,18,1.0,-2.0,1.0,0.0,-0.043500000000000004
137,0,0,7,19,1.0,-2.0,1.0,0.0,-0.043500000000000004
138,0,0,7,20,1.0,-2.0,1.0,0.0,-0.043500000000000004
139,0,0,8,1,1.0,-2.0,1.0,0.0,-0.043500000000000004
140,0,0,8,2,1.0,-2.0,1.0,0.0,-0.043500000000000004
141,0,0,8,3,1.0,-2.0,1.0,0.0,-0.043500000000000004
142,0,0,8,4,1.0,-2.0,1.0,0.0,-0.043500000000000004
143,0,0,8,5,1.0,-2.0,1.0,0.0,-0.043500000000000004
144,0,0,8,6,1.0,-2.0,1.0,0.0,-0.043500000000000004
145,0,0,8,7,1.0,-2.0,1.0,0.0,-0.043500000000000004
146,0,0,8,8,1.0,-2.0,1.0,0.0,-0.043500000000000004
147,0,0,8,9,1.0,-2.0,1.0,0.0,-0.043500000000000004
148,0,0,8,10,1.0,-2.0,1.0,0.0,-0.043500000000000004
149,0,0,8,11,1.0,-2.0,1.0,0.0,-0.043500000000000004
150,0,0,8,12,1.0,-2.0,1.0,0.0,-0.043500000000000004
151,0,0,8,13,1.0,-1.9999998807907104,1.0,0.0,-0.04349999523162856
152,0,0,8,14,1.0,-2.0,1.0,0.0,-0.043500000000000004
153,0,0,8,15,1.0,-2.0,1.0,0.0,-0.043500000000000004
154,0,0,8,16,1.0,-2.0,1.0,0.0,-0.043500000000000004
155,0,0,8,17,1.0,-2.0,1.0,0.0,-0.043500000000000004
156,0,0,8,18,1.0,-2.0,1.0,0.0,-0.043500000000000004
157,0,0,8,19,1.0,-2.0,1.0,0.0,-0.043500000000000004
158,0,0,8,20,1.0,-2.0,1.0,0.0,-0.043500000000000004
159,0,0,9,1,1.0,-2.0,1.0,0.0,-0.043500000000000004
160,0,0,9,2,1.0,-2.0,1.0,0.0,-0.043500000000000004
161,0,0,9,3,1.0,-2.0,1.0,0.0,-0.043500000000000004
162,0,0,9,4,1.0,-2.0,1.0,0.0,-0.043500000000000004
163,0,0,9,5,1.0,-2.0,1.0,0.0,-0.043500000000000004
164,0,0,9,6,1.0,-2.0,1.0,0.0,-0.043500000000000004
165,0,0,9,7,1.0,-2.0,1.0,0.0,-0.043500000000000004
166,0,0,9,8,1.0,-2.0,1.0,0.0,-0.043500000000000004
167,0,0,9,9,1.0,-2.0,1.0,0.0,-0.043500000000000004
168,0,0,9,10,1.0,-2.0,1.0,0.0,-0.043500000000000004
169,0,0,9,11,1.0,-2.0,1.0,0.0,-0.043500000000000004
170,0,0,9,12,1.0,-2.0,1.0,0.0,-0.043500000000000004
171,0,0,9,13,1.0,-1.9999998807907104,1.0,0.0,-0.04349999523162856
172,0,0,9,14,1.0,-2.0,1.0,0.0,-0.043500000000000004
173,0,0,9,15,1.0,-2.0,1.0,0.0,-0.043500000000000004
174,0,0,9,16,1.0,-2.0,1.0,0.0,-0.043500000000000004
175,0,0,9,17,1.0,-2.0,1.0,0.0,-0.043500000000000004
176,0,0,9,18,1.0,-2.0,1.0,0.0,-0.043500000000000004
177,0,0,9,19,1.0,-2.0,1.0,0.0,-0.043500000000000004
178,0,0,9,20,1.0,-2.0,1.0,0.0,-0.043500000000000004
179,0,0,10,1,1.0,-2.0,1.0,0.0,-0.043500000000000004
180,0,0,10,2,1.0,-2.0,1.0,0.0,-0.043500000000000004
181,0,0,10,3,1.0,-2.0,1.0,0.0,-0.043500000000000004
182,0,0,10,4,1.0,-2.0,1.0,0.0,-0.043500000000000004
183,0,0,10,5,1.0,-2.0,1.0,0.0,-0.043500000000000004
184,0,0,10,6,1.0,-2.0,1.0,0.0,-0.043500000000000004
185,0,0,10,7,1.0,-2.0,1.0,0.0,-0.043500000000000004
186,0,0,10,8,1.0,-2.0,1.0,0.0,-0.043500000000000004
187,0,0,10,9,1.0,-2.0,1.0,0.0,-0.043500000000000004
188,0,0,10,10,1.0,-2.0,1.0,0.0,-0.043500000000000004
189,0,0,10,11,1.0,-2.0,1.0,0.0,-0.043500000000000004
190,0,0,10,12,1.0,-2.0,1.0,0.0,-0.043500000000000004
191,0,0,10,13,1.0,-1.9999998807907104,1.0,0.0,-0.04349999523162856
192,0,0,10,14,1.0,-2.0,1.0,0.0,-0.043500000000000004
193,0,0,10,15,1.0,-2.0,1.0,0.0,-0.043500000000000004
194,0,0,10,16,1.0,-2.0,1.0,0.0,-0.043500000000000004
195,0,0,10,17,1.0,-2.0,1.0,0.0,-0.043500000000000004
196,0,0,10,18,1.0,-2.0,1.0,0.0,-0.043500000000000004
197,0,0,10,19,1.0,-2.0,1.0,0.0,-0.043500000000000004
198,0,0,10,20,1.0,-2.0,1.0,0.0,-0.043500000000000004
199,0,0,11,1,1.0,-2.0,1.0,0.0,-0.043500000000000004
200,0,0,11,2,1.0,-2.0,1.0,0.0,-0.043500000000000004
201,0,0,11,3,1.0,-2.0,1.0,0.0,-0.043500000000000004
202,0,0,11,4,1.0,-2.0,1.0,0.0,-0.043500000000000004
203,0,0,11,5,1.0,-2.0,1.0,0.0,-0.043500000000000004
204,0,0,11,6,1.0,-2.0,1.0,0.0,-0.043500000000000004
205,0,0,11,7,1.0,-2.0,1.0,0.0,-0.043500000000000004
206,0,0,11,8,1.0,-2.0,1.0,0.0,-0.043500000000000004
207,0,0,11,9,1.0,-2.0,1.0,0.0,-0.043500000000000004
208,0,0,11,10,1.0,-2.0,1.0,0.0,-0.043500000000000004
209,0,0,11,11,1.0,-2.0,1.0,0.0,-0.043500000000000004
210,0,0,11,12,1.0,-2.0,1.0,0.0,-0.043500000000000004
211,0,0,11,13,1.0,-1.9999998807907104,1.0,0.0,-0.04349999523162856
212,0,0,11,14,1.0,-2.0,1.0,0.0,-0.043500000000000004
213,0,0,11,15,1.0,-2.0,1.0,0.0,-0.043500000000000004
214,0,0,11,16,1.0,-2.0,1.0,0.0,-0.043500000000000004
215,0,0,11,17,1.0,-2.0,1.0,0.0,-0.043500000000000004
216,0,0,11,18,1.0,-2.0,1.0,0.0,-0.043500000000000004
217,0,0,11,19,1.0,-2.0,1.0,0.0,-0.043500000000000004
218,0,0,11,20,1.0,-2.0,1.0,0.0,-0.043500000000000004
219,0,0,12,1,1.0,-2.0,1.0,0.0,-0.043500000000000004
220,0,0,12,2,1.0,-2.0,1.0,0.0,-0.043500000000000004
221,0,0,12,3,1.0,-2.0,1.0,0.0,-0.043500000000000004
222,0,0,12,4,1.0,-2.0,1.0,0.0,-0.043500000000000004
223,0,0,12,5,1.0,-2.0,1.0,0.0,-0.043500000000000004
224,0,0,12,6,1.0,-2.0,1.0,0.0,-0.043500000000000004
225,0,0,12,7,1.0,-2.0,1.0,0.0,-0.043500000000000004
226,0,0,12,8,1.0,-2.0,1.0,0.0,-0.043500000000000004
227,0,0,12,9,1.0,-2.0,1.0,0.0,-0.043500000000000004
228,0,0,12,10,1.0,-2.0,1.0,0.0,-0.043500000000000004
229,0,0,12,11,1.0,-2.0,1.0,0.0,-0.043500000000000004
230,0,0,12,12,1.0,-2.0,1.0,0.0,-0.043500000000000004
231,0,0,12,13,1.0,-2.0,1.0,0.0,-0.043500000000000004
232,0,0,12,14,1.0,-2.0,1.0,0.0,-0.043500000000000004
233,0,0,12,15,1.0,-2.0,1.0,0.0,-0.043500000000000004
234,0,0,12,16,1.0,-2.0,1.0,0.0,-0.043500000000000004
235,0,0,12,17,1.0,-2.0,1.0,0.0,-0.043500000000000004
236,0,0,12,18,1.0,-2.0,1.0,0.0,-0.043500000000000004
237,0,0,12,19,1.0,-2.0,1.0,0.0,-0.043500000000000004
238,0,0,12,20,1.0,-2.0,1.0,0.0,-0.043500000000000004
239,0,0,13,1,1.0,-2.0,1.0,0.0,-0.043500000000000004
240,0,0,13,2,1.0,-2.0,1.0,0.0,-0.043500000000000004
241,0,0,13,3,1.0,-2.0,1.0,0.0,-0.043500000000000004
242,0,0,13,4,1.0,-2.0,1.0,0.0,-0.043500000000000004
243,0,0,13,5,1.0,-2.0,1.0,0.0,-0.043500000000000004
244,0,0,13,6,1.0,-2.0,1.0,0.0,-0.043500000000000004
245,0,0,13,7,1.0,-2.0,1.0,0.0,-0.043500000000000004
246,0,0,13,8,1.0,-2.0,1.0,0.0,-0.043500000000000004
247,0,0,13,9,1.0,-2.0,1.0,0.0,-0.043500000000000004
248,0,0,13,10,1.0,-2.0,1.0,0.0,-0.043500000000000004
249,0,0,13,11,1.0,-2.0,1.0,0.0,-0.043500000000000004
250,0,0,13,12,1.0,-2.0,1.0,0.0,-0.043500000000000004
251,0,0,13,13,1.0,-2.0,1.0,0.0,-0.043500000000000004
252,0,0,13,14,1.0,-2.0,1.0,0.0,-0.043500000000000004
253,0,0,13,15,1.0,-2.0,1.0,0.0,-0.043500000000000004
254,0,0,13,16,1.0,-2.0,1.0,0.0,-0.043500000000000004
255,0,0,13,17,1.0,-2.0,1.0,0.0,-0.043500000000000004
256,0,0,13,18,1.0,-2.0,1.0,0.0,-0.043500000000000004
257,0,0,13,19,1.0,-2.0,1.0,0.0,-0.043500000000000004
258,0,0,13,20,1.0,-2.0,1.0,0.0,-0.043500000000000004
259,0,0,14,1,1.0,-2.0,1.0,0.0,-0.043500000000000004
260,0,0,14,2,1.0,-2.0,1.0,0.0,-0.043500000000000004
261,0,0,14,3,1.0,-2.0,1.0,0.0,-0.043500000000000004
262,0,0,14,4,1.0,-2.0,1.0,0.0,-0.043500000000000004
263,0,0,14,5,1.0,-2.0,1.0,0.0,-0.043500000000000004
264,0,0,14,6,1.0,-2.0,1.0,0.0,-0.043500000000000004
265,0,0,14,7,1.0,-2.0,1.0,0.0,-0.043500000000000004
266,0,0,14,8,1.0,-2.0,1.0,0.0,-0.043500000000000004
267,0,0,14,9,1.0,-2.0,1.0,0.0,-0.043500000000000004
268,0,0,14,10,1.0,-2.0,1.0,0.0,-0.043500000000000004
269,0,0,14,11,1.0,-2.0,1.0,0.0,-0.043500000000000004
270,0,0,14,12,1.0,-2.0,1.0,0.0,-0.043500000000000004
271,0,0,14,13,1.0,-2.0,1.0,0.0,-0.043500000000000004
272,0,0,14,14,1.0,-2.0,1.0,0.0,-0.043500000000000004
273,0,0,14,15,1.0,-2.0,1.0,0.0,-0.043500000000000004
274,0,0,14,16,1.0,-2.0,1.0,0.0,-0.043500000000000004
275,0,0,14,17,1.0,-2.0,1.0,0.0,-0.043500000000000004
276,0,0,14,18,1.0,-2.0,1.0,0.0,-0.043500000000000004
277,0,0,14,19,1.0,-2.0,1.0,0.0,-0.043500000000000004
278,0,0,14,20,1.0,-2.0,1.0,0.0,-0.043500000000000004
279,0,0,15,1,1.0,-2.0,1.0,0.0,-0.043500000000000004
280,0,0,15,2,1.0,-2.0,1.0,0.0,-0.043500000000000004
281,0,0,15,3,1.0,-2.0,1.0,0.0,-0.043500000000000004
282,0,0,15,4,1.0,-2.0,1.0,0.0,-0.043500000000000004
283,0,0,15,5,1.0,-2.0,1.0,0.0,-0.043500000000000004
284,0,0,15,6,1.0,-2.0,1.0,0.0,-0.043500000000000004
285,0,0,15,7,1.0,-2.0,1.0,0.0,-0.043500000000000004
286,0,0,15,8,1.0,-2.0,1.0,0.0,-0.043500000000000004
287,0,0,15,9,1.0,-2.0,1.0,0.0,-0.043500000000000004
288,0,0,15,10,1.0,-2.0,1.0,0.0,-0.043500000000000004
289,0,0,15,11,1.0,-2.0,1.0,0.0,-0.043500000000000004
290,0,0,15,12,1.0,-2.0,1.0,0.0,-0.043500000000000004
291,0,0,15,13,1.0,-2.0,1.0,0.0,-0.043500000000000004
292,0,0,15,14,1.0,-2.0,1.0,0.0,-0.043500000000000004
293,0,0,15,15,1.0,-2.0,1.0,0.0,-0.043500000000000004
294,0,0,15,16,1.0,-2.0,1.0,0.0,-0.043500000000000004
295,0,0,15,17,1.0,-2.0,1.0,0.0,-0.043500000000000004
296,0,0,15,18,1.0,-2.0,1.0,0.0,-0.043500000000000004
297,0,0,15,19,1.0,-2.0,1.0,0.0,-0.043500000000000004
298,0,0,15,20,1.0,-2.0,1.0,0.0,-0.043500000000000004
299,0,0,16,1,1.0,-2.0,1.0,0.0,-0.043500000000000004
300,0,0,16,2,1.0,-2.0,1.0,0.0,-0.043500000000000004
301,0,0,16,3,1.0,-2.0,1.0,0.0,-0.043500000000000004
302,0,0,16,4,1.0,-2.0,1.0,0.0,-0.043500000000000004
303,0,0,16,5,1.0,-2.0,1.0,0.0,-0.043500000000000004
304,0,0,16,6,1.0,-2.0,1.0,0.0,-0.043500000000000004
305,0,0,16,7,1.0,-2.0,1.0,0.0,-0.043500000000000004
306,0,0,16,8,1.0,-2.0,1.0,0.0,-0.043500000000000004
307,0,0,16,9,1.0,-2.0,1.0,0.0,-0.043500000000000004
308,0,0,16,10,1.0,-2.0,1.0,0.0,-0.043500000000000004
309,0,0,16,11,1.0,-2.0,1.0,0.0,-0.043500000000000004
310,0,0,16,12,1.0,-2.0,1.0,0.0,-0.043500000000000004
311,0,0,16,13,1.0,-2.0,1.0,0.0,-0.043500000000000004
312,0,0,16,14,1.0,-2.0,1.0,0.0,-0.043500000000000004
313,0,0,16,15,1.0,-2.0,1.0,0.0,-0.043500000000000004
314,0,0,16,16,1.0,-2.0,1.0,0.0,-0.043500000000000004
315,0,0,16,17,1.0,-2.0,1.0,0.0,-0.043500000000000004
316,0,0,16,18,1.0,-2.0,1.0,0.0,-0.043500000000000004
317,0,0,16,19,1.0,-2.0,1.0,0.0,-0.043500000000000004
318,0,0,16,20,1.0,-2.0,1.0,0.0,-0.043500000000000004
319,0,0,17,1,1.0,-2.0,1.0,0.0,-0.043500000000000004
320,0,0,17,2,1.0,-2.0,1.0,0.0,-0.043500000000000004
321,0,0,17,3,1.0,-2.0,1.0,0.0,-0.043500000000000004
322,0,0,17,4,1.0,-2.0,1.0,0.0,-0.043500000000000004
323,0,0,17,5,1.0,-2.0,1.0,0.0,-0.043500000000000004
324,0,0,17,6,1.0,-2.0,1.0,0.0,-0.043500000000000004
325,0,0,17,7,1.0,-2.0,1.0,0.0,-0.043500000000000004
326,0,0,17,8,1.0,-2.0,1.0,0.0,-0.043500000000000004
327,0,0,17,9,1.0,-2.0,1.0,0.0,-0.043500000000000004
328,0,0,17,10,1.0,-2.0,1.0,0.0,-0.043500000000000004
329,0,0,17,11,1.0,-2.0,1.0,0.0,-0.043500000000000004
330,0,0,17,12,1.0,-2.0,1.0,0.0,-0.043500000000000004
331,0,0,17,13,1.0,-2.0,1.0,0.0,-0.043500000000000004
332,0,0,17,14,1.0,-2.0,1.0,0.0,-0.043500000000000004
333,0,0,17,15,1.0,-2.0,1.0,0.0,-0.043500000000000004
334,0,0,17,16,1.0,-2.0,1.0,0.0,-0.043500000000000004
335,0,0,17,17,1.0,-2.0,1.0,0.0,-0.043500000000000004
336,0,0,17,18,1.0,-2.0,1.0,0.0,-0.043500000000000004
337,0,0,17,19,1.0,-2.0,1.0,0.0,-0.043500000000000004
338,0,0,17,20,1.0,-2.0,1.0,0.0,-0.043500000000000004
339,0,0,18,1,1.0,-2.0,1.0,0.0,-0.043500000000000004
340,0,0,18,2,1.0,-2.0,1.0,0.0,-0.043500000000000004
341,0,0,18,3,1.0,-2.0,1.0,0.0,-0.043500000000000004
342,0,0,18,4,1.0,-2.0,1.0,0.0,-0.043500000000000004
343,0,0,18,5,1.0,-2.0,1.0,0.0,-0.043500000000000004
344,0,0,18,6,1.0,-2.0,1.0,0.0,-0.043500000000000004
345,0,0,18,7,1.0,-2.0,1.0,0.0,-0.043500000000000004
346,0,0,18,8,1.0,-2.0,1.0,0.0,-0.043500000000000004
347,0,0,18,9,1.0,-2.0,1.0,0.0,-0.043500000000000004
348,0,0,18,10,1.0,-2.0,1.0,0.0,-0.043500000000000004
349,0,0,18,11,1.0,-2.0,1.0,0.0,-0.043500000000000004
350,0,0,18,12,1.0,-2.0,1.0,0.0,-0.043500000000000004
351,0,0,18,13,1.0,-2.0,1.0,0.0,-0.043500000000000004
352,0,0,18,14,1.0,-2.0,1.0,0.0,-0.043500000000000004
353,0,0,18,15,1.0,-2.0,1.0,0.0,-0.043500000000000004
354,0,0,18,16,1.0,-2.0,1.0,0.0,-0.043500000000000004
355,0,0,18,17,1.0,-2.0,1.0,0.0,-0.043500000000000004
356,0,0,18,18,1.0,-2.0,1.0,0.0,-0.043500000000000004
357,0,0,18,19,1.0,-2.0,1.0,0.0,-0.043500000000000004
358,0,0,18,20,1.0,-2.0,1.0,0.0,-0.043500000000000004
359,0,0,19,1,1.0,-2.0,1.0,0.0,-0.043500000000000004
360,0,0,19,2,1.0,-2.0,1.0,0.0,-0.043500000000000004
361,0,0,19,3,1.0,-2.0,1.0,0.0,-0.043500000000000004
362,0,0,19,4,1.0,-2.0,1.0,0.0,-0.043500000000000004
363,0,0,19,5,1.0,-2.0,1.0,0.0,-0.043500000000000004
364,0,0,19,6,1.0,-2.0,1.0,0.0,-0.043500000000000004
365,0,0,19,7,1.0,-2.0,1.0,0.0,-0.043500000000000004
366,0,0,19,8,1.0,-2.0,1.0,0.0,-0.043500000000000004
367,0,0,19,9,1.0,-2.0,1.0,0.0,-0.043500000000000004
368,0,0,19,10,1.0,-2.0,1.0,0.0,-0.043500000000000004
369,0,0,19,11,1.0,-2.0,1.0,0.0,-0.043500000000000004
370,0,0,19,12,1.0,-2.0,1.0,0.0,-0.043500000000000004
371,0,0,19,13,1.0,-2.0,1.0,0.0,-0.043500000000000004
372,0,0,19,14,1.0,-2.0,1.0,0.0,-0.043500000000000004
373,0,0,19,15,1.0,-2.0,1.0,0.0,-0.043500000000000004
374,0,0,19,16,1.0,-2.0,1.0,0.0,-0.043500000000000004
375,0,0,19,17,1.0,-2.0,1.0,0.0,-0.043500000000000004
376,0,0,19,18,1.0,-2.0,1.0,0.0,-0.043500000000000004
377,0,0,19,19,1.0,-2.0,1.0,0.0,-0.043500000000000004
378,0,0,19,20,1.0,-2.0,1.0,0.0,-0.043500000000000004
379,0,0,20,1,1.0,-2.0,1.0,0.0,-0.043500000000000004
380,0,0,20,2,1.0,-2.0,1.0,0.0,-0.043500000000000004
381,0,0,20,3,1.0,-2.0,1.0,0.0,-0.043500000000000004
382,0,0,20,4,1.0,-2.0,1.0,0.0,-0.043500000000000004
383,0,0,20,5,1.0,-2.0,1.0,0.0,-0.043500000000000004
384,0,0,20,6,1.0,-2.0,1.0,0.0,-0.043500000000000004
385,0,0,20,7,1.0,-2.0,1.0,0.0,-0.043500000000000004
386,0,0,20,8,1.0,-2.0,1.0,0.0,-0.043500000000000004
387,0,0,20,9,1.0,-2.0,1.0,0.0,-0.043500000000000004
388,0,0,20,10,1.0,-2.0,1.0,0.0,-0.043500000000000004
389,0,0,20,11,1.0,-2.0,1.0,0.0,-0.043500000000000004
390,0,0,20,12,1.0,-2.0,1.0,0.0,-0.043500000000000004
391,0,0,20,13,1.0,-1.9999998807907104,1.0,0.0,-0.04349999523162856
392,0,0,20,14,1.0,-2.0,1.0,0.0,-0.043500000000000004
393,0,0,20,15,1.0,-2.0,1.0,0.0,-0.043500000000000004
394,0,0,20,16,1.0,-2.0,1.0,0.0,-0.043500000000000004
395,0,0,20,17,1.0,-2.0,1.0,0.0,-0.043500000000000004
396,0,0,20,18,1.0,-2.0,1.0,0.0,-0.043500000000000004
397,0,0,20,19,1.0,-2.0,1.0,0.0,-0.043500000000000004
398,0,0,20,20,1.0,-2.0,1.0,0.0,-0.043500000000000004
399,0,0,21,1,1.0,-2.0,1.0,0.0,-0.043500000000000004
400,0,0,21,2,1.0,-2.0,1.0,0.0,-0.043500000000000004
401,0,0,21,3,1.0,-2.0,1.0,0.0,-0.043500000000000004
402,0,0,21,4,1.0,-2.0,1.0,0.0,-0.043500000000000004
403,0,0,21,5,1.0,-2.0,1.0,0.0,-0.043500000000000004
404,0,0,21,6,1.0,-2.0,1.0,0.0,-0.043500000000000004
405,0,0,21,7,1.0,-2.0,1.0,0.0,-0.043500000000000004
406,0,0,21,8,1.0,-2.0,1.0,0.0,-0.043500000000000004
407,0,0,21,9,1.0,-2.0,1.0,0.0,-0.043500000000000004
408,0,0,21,10,1.0,-2.0,1.0,0.0,-0.043500000000000004
409,0,0,21,11,1.0,-2.0,1.0,0.0,-0.043500000000000004
410,0,0,21,12,1.0,-2.0,1.0,0.0,-0.043500000000000004
411,0,0,21,13,1.0,-1.9999998807907104,1.0,0.0,-0.04349999523162856
412,0,0,21,14,1.0,-2.0,1.0,0.0,-0.043500000000000004
413,0,0,21,15,1.0,-2.0,1.0,0.0,-0.043500000000000004
414,0,0,21,16,1.0,-2.0,1.0,0.0,-0.043500000000000004
415,0,0,21,17,1.0,-2.0,1.0,0.0,-0.043500000000000004
416,0,0,21,18,1.0,-2.0,1.0,0.0,-0.043500000000000004
417,0,0,21,19,1.0,-2.0,1.0,0.0,-0.043500000000000004
418,0,0,21,20,1.0,-2.0,1.0,0.0,-0.043500000000000004
419,0,0,22,1,1.0,-2.0,1.0,0.0,-0.043500000000000004
420,0,0,22,2,1.0,-2.0,1.0,0.0,-0.043500000000000004
421,0,0,22,3,1.0,-2.0,1.0,0.0,-0.043500000000000004
422,0,0,22,4,1.0,-2.0,1.0,0.0,-0.043500000000000004
423,0,0,22,5,1.0,-2.0,1.0,0.0,-0.043500000000000004
424,0,0,22,6,1.0,-2.0,1.0,0.0,-0.043500000000000004
425,0,0,22,7,1.0,-2.0,1.0,0.0,-0.043500000000000004
426,0,0,22,8,1.0,-2.0,1.0,0.0,-0.043500000000000004
427,0,0,22,9,1.0,-2.0,1.0,0.0,-0.043500000000000004
428,0,0,22,10,1.0,-2.0,1.0,0.0,-0.043500000000000004
429,0,0,22,11,1.0,-2.0,1.0,0.0,-0.043500000000000004
430,0,0,22,12,1.0,-2.0,1.0,0.0,-0.043500000000000004
431,0,0,22,13,1.0,-1.9999998807907104,1.0,0.0,-0.04349999523162856
432,0,0,22,14,1.0,-2.0,1.0,0.0,-0.043500000000000004
433,0,0,22,15,1.0,-2.0,1.0,0.0,-0.043500000000000004
434,0,0,22,16,1.0,-2.0,1.0,0.0,-0.043500000000000004
435,0,0,22,17,1.0,-2.0,1.0,0.0,-0.043500000000000004
436,0,0,22,18,1.0,-2.0,1.0,0.0,-0.043500000000000004
437,0,0,22,19,1.0,-2.0,1.0,0.0,-0.043500000000000004
438,0,0,22,20,1.0,-2.0,1.0,0.0,-0.043500000000000004
439,0,0,23,1,1.0,-2.0,1.0,0.0,-0.043500000000000004
440,0,0,23,2,1.0,-2.0,1.0,0.0,-0.043500000000000004
441,0,0,23,3,1.0,-2.0,1.0,0.0,-0.043500000000000004
442,0,0,23,4,1.0,-2.0,1.0,0.0,-0.043500000000000004
443,0,0,23,5,1.0,-2.0,1.0,0.0,-0.043500000000000004
444,0,0,23,6,1.0,-2.0,1.0,0.0,-0.043500000000000004
445,0,0,23,7,1.0,-2.0,1.0,0.0,-0.043500000000000004
446,0,0,23,8,1.0,-2.0,1.0,0.0,-0.043500000000000004
447,0,0,23,9,1.0,-2.0,1.0,0.0,-0.043500000000000004
448,0,0,23,10,1.0,-2.0,1.0,0.0,-0.043500000000000004
449,0,0,23,11,1.0,-2.0,1.0,0.0,-0.043500000000000004
450,0,0,23,12,1.0,-2.0,1.0,0.0,-0.043500000000000004
451,0,0,23,13,1.0,-1.9999998807907104,1.0,0.0,-0.04349999523162856
452,0,0,23,14,1.0,-2.0,1.0,0.0,-0.043500000000000004
453,0,0,23,15,1.0,-2.0,1.0,0.0,-0.043500000000000004
454,0,0,23,16,1.0,-2.0,1.0,0.0,-0.043500000000000004
455,0,0,23,17,1.0,-2.0,1.0,0.0,-0.043500000000000004
456,0,0,23,18,1.0,-2.0,1.0,0.0,-0.043500000000000004
457,0,0,23,19,1.0,-2.0,1.0,0.0,-0.043500000000000004
458,0,0,23,20,1.0,-2.0,1.0,0.0,-0.043500000000000004
459,0,0,24,1,1.0,-2.0,1.0,0.0,-0.043500000000000004
460,0,0,24,2,1.0,-2.0,1.0,0.0,-0.043500000000000004
461,0,0,24,3,1.0,-2.0,1.0,0.0,-0.043500000000000004
462,0,0,24,4,1.0,-2.0,1.0,0.0,-0.043500000000000004
463,0,0,24,5,1.0,-2.0,1.0,0.0,-0.043500000000000004
464,0,0,24,6,1.0,-2.0,1.0,0.0,-0.043500000000000004
465,0,0,24,7,1.0,-2.0,1.0,0.0,-0.043500000000000004
466,0,0,24,8,1.0,-2.0,1.0,0.0,-0.043500000000000004
467,0,0,24,9,1.0,-2.0,1.0,0.0,-0.043500000000000004
468,0,0,24,10,1.0,-2.0,1.0,0.0,-0.043500000000000004
469,0,0,24,11,1.0,-2.0,1.0,0.0,-0.043500000000000004
470,0,0,24,12,1.0,-2.0,1.0,0.0,-0.043500000000000004
471,0,0,24,13,1.0,-1.9999998807907104,1.0,0.0,-0.04349999523162856
472,0,0,24,14,1.0,-2.0,1.0,0.0,-0.043500000000000004
473,0,0,24,15,1.0,-2.0,1.0,0.0,-0.043500000000000004
474,0,0,24,16,1.0,-2.0,1.0,0.0,-0.043500000000000004
475,0,0,24,17,1.0,-2.0,1.0,0.0,-0.043500000000000004
476,0,0,24,18,1.0,-2.0,1.0,0.0,-0.043500000000000004
477,0,0,24,19,1.0,-2.0,1.0,0.0,-0.043500000000000004
478,0,0,24,20,1.0,-2.0,1.0,0.0,-0.043500000000000004
479,0,0,25,1,1.0,-2.0,1.0,0.0,-0.043500000000000004
480,0,0,25,2,1.0,-2.0,1.0,0.0,-0.043500000000000004
481,0,0,25,3,1.0,-2.0,1.0,0.0,-0.043500000000000004
482,0,0,25,4,1.0,-2.0,1.0,0.0,-0.043500000000000004
483,0,0,25,5,1.0,-2.0,1.0,0.0,-0.043500000000000004
484,0,0,25,6,1.0,-2.0,1.0,0.0,-0.043500000000000004
485,0,0,25,7,1.0,-2.0,1.0,0.0,-0.043500000000000004
486,0,0,25,8,1.0,-2.0,1.0,0.0,-0.043500000000000004
487,0,0,25,9,1.0,-2.0,1.0,0.0,-0.043500000000000004
488,0,0,25,10,1.0,-2.0,1.0,0.0,-0.043500000000000004
489,0,0,25,11,1.0,-2.0,1.0,0.0,-0.043500000000000004
490,0,0,25,12,1.0,-2.0,1.0,0.0,-0.043500000000000004
491,0,0,25,13,1.0,-1.9999998807907104,1.0,0.0,-0.04349999523162856
492,0,0,25,14,1.0,-2.0,1.0,0.0,-0.043500000000000004
493,0,0,25,15,1.0,-2.0,1.0,0.0,-0.043500000000000004
494,0,0,25,16,1.0,-2.0,1.0,0.0,-0.043500000000000004
495,0,0,25,17,1.0,-2.0,1.0,0.0,-0.043500000000000004
496,0,0,25,18,1.0,-2.0,1.0,0.0,-0.043500000000000004
497,0,0,25,19,1.0,-2.0,1.0,0.0,-0.043500000000000004
498,0,0,25,20,1.0,-2.0,1.0,0.0,-0.043500000000000004
499,0,0,26,1,1.0,-2.0,1.0,0.0,-0.043500000000000004
500,0,0,26,2,1.0,-2.0,1.0,0.0,-0.043500000000000004
501,0,0,26,3,1.0,-2.0,1.0,0.0,-0.043500000000000004
502,0,0,26,4,1.0,-2.0,1.0,0.0,-0.043500000000000004
503,0,0,26,5,1.0,-2.0,1.0,0.0,-0.043500000000000004
504,0,0,26,6,1.0,-2.0,1.0,0.0,-0.043500000000000004
505,0,0,26,7,1.0,-2.0,1.0,0.0,-0.043500000000000004
506,0,0,26,8,1.0,-2.0,1.0,0.0,-0.043500000000000004
507,0,0,26,9,1.0,-2.0,1.0,0.0,-0.043500000000000004
508,0,0,26,10,1.0,-2.0,1.0,0.0,-0.043500000000000004
509,0,0,26,11,1.0,-2.0,1.0,0.0,-0.043500000000000004
510,0,0,26,12,1.0,-2.0,1.0,0.0,-0.043500000000000004
511,0,0,26,13,1.0,-1.9999998807907104,1.0,0.0,-0.04349999523162856
512,0,0,26,14,1.0,-2.0,1.0,0.0,-0.043500000000000004
513,0,0,26,15,1.0,-2.0,1.0,0.0,-0.043500000000000004
514,0,0,26,16,1.0,-2.0,1.0,0.0,-0.043500000000000004
515,0,0,26,17,1.0,-2.0,1.0,0.0,-0.043500000000000004
516,0,0,26,18,1.0,-2.0,1.0,0.0,-0.043500000000000004
517,0,0,26,19,1.0,-2.0,1.0,0.0,-0.043500000000000004
518,0,0,26,20,1.0,-2.0,1.0,0.0,-0.043500000000000004
519,0,0,27,1,1.0,-2.0,1.0,0.0,-0.043500000000000004
520,0,0,27,2,1.0,-2.0,1.0,0.0,-0.043500000000000004
521,0,0,27,3,1.0,-2.0,1.0,0.0,-0.043500000000000004
522,0,0,27,4,1.0,-2.0,1.0,0.0,-0.043500000000000004
523,0,0,27,5,1.0,-2.0,1.0,0.0,-0.043500000000000004
524,0,0,27,6,1.0,-2.0,1.0,0.0,-0.043500000000000004
525,0,0,27,7,1.0,-2.0,1.0,0.0,-0.043500000000000004
526,0,0,27,8,1.0,-2.0,1.0,0.0,-0.043500000000000004
527,0,0,27,9,1.0,-2.0,1.0,0.0,-0.043500000000000004
528,0,0,27,10,1.0,-2.0,1.0,0.0,-0.043500000000000004
529,0,0,27,11,1.0,-2.0,1.0,0.0,-0.043500000000000004
530,0,0,27,12,1.0,-2.0,1.0,0.0,-0.043500000000000004
531,0,0,27,13,1.0,-2.0,1.0,0.0,-0.043500000000000004
532,0,0,27,14,1.0,-2.0,1.0,0.0,-0.043500000000000004
533,0,0,27,15,1.0,-2.0,1.0,0.0,-0.043500000000000004
534,0,0,27,16,1.0,-2.0,1.0,0.0,-0.043500000000000004
535,0,0,27,17,1.0,-2.0,1.0,0.0,-0.043500000000000004
536,0,0,27,18,1.0,-2.0,1.0,0.0,-0.043500000000000004
537,0,0,27,19,1.0,-2.0,1.0,0.0,-0.043500000000000004
538,0,0,27,20,1.0,-2.0,1.0,0.0,-0.043500000000000004
539,0,0,28,1,1.0,-2.0,1.0,0.0,-0.043500000000000004
540,0,0,28,2,1.0,-2.0,1.0,0.0,-0.043500000000000004
541,0,0,28,3,1.0,-2.0,1.0,0.0,-0.043500000000000004
542,0,0,28,4,1.0,-2.0,1.0,0.0,-0.043500000000000004
543,0,0,28,5,1.0,-2.0,1.0,0.0,-0.043500000000000004
544,0,0,28,6,1.0,-2.0,1.0,0.0,-0.043500000000000004
545,0,0,28,7,1.0,-2.0,1.0,0.0,-0.043500000000000004
546,0,0,28,8,1.0,-2.0,1.0,0.0,-0.043500000000000004
547,0,0,28,9,1.0,-2.0,1.0,0.0,-0.043500000000000004
548,0,0,28,10,1.0,-2.0,1.0,0.0,-0.043500000000000004
549,0,0,28,11,1.0,-2.0,1.0,0.0,-0.043500000000000004
550,0,0,28,12,1.0,-2.0,1.0,0.0,-0.043500000000000004
551,0,0,28,13,1.0,-2.0,1.0,0.0,-0.043500000000000004
552,0,0,28,14,1.0,-2.0,1.0,0.0,-0.043500000000000004
553,0,0,28,15,1.0,-2.0,1.0,0.0,-0.043500000000000004
554,0,0,28,16,1.0,-2.0,1.0,0.0,-0.043500000000000004
555,0,0,28,17,1.0,-2.0,1.0,0.0,-0.043500000000000004
556,0,0,28,18,1.0,-2.0,1.0,0.0,-0.043500000000000004
557,0,0,28,19,1.0,-2.0,1.0,0.0,-0.043500000000000004
558,0,0,28,20,1.0,-2.0,1.0,0.0,-0.043500000000000004
559,0,0,29,1,1.0,-2.0,1.0,0.0,-0.043500000000000004
560,0,0,29,2,1.0,-2.0,1.0,0.0,-0.043500000000000004
561,0,0,29,3,1.0,-2.0,1.0,0.0,-0.043500000000000004
562,0,0,29,4,1.0,-2.0,1.0,0.0,-0.043500000000000004
563,0,0,29,5,1.0,-2.0,1.0,0.0,-0.043500000000000004
564,0,0,29,6,1.0,-2.0,1.0,0.0,-0.043500000000000004
565,0,0,29,7,1.0,-2.0,1.0,0.0,-0.043500000000000004
566,0,0,29,8,1.0,-2.0,1.0,0.0,-0.043500000000000004
567,0,0,29,9,1.0,-2.0,1.0,0.0,-0.043500000000000004
568,0,0,29,10,1.0,-2.0,1.0,0.0,-0.043500000000000004
569,0,0,29,11,1.0,-2.0,1.0,0.0,-0.043500000000000004
570,0,0,29,12,1.0,-2.0,1.0,0.0,-0.043500000000000004
571,0,0,29,13,1.0,-2.0,1.0,0.0,-0.043500000000000004
572,0,0,29,14,1.0,-2.0,1.0,0.0,-0.043500000000000004
573,0,0,29,15,1.0,-2.0,1.0,0.0,-0.043500000000000004
574,0,0,29,16,1.0,-2.0,1.0,0.0,-0.043500000000000004
575,0,0,29,17,1.0,-2.0,1.0,0.0,-0.043500000000000004
576,0,0,29,18,1.0,-2.0,1.0,0.0,-0.043500000000000004
577,0,0,29,19,1.0,-2.0,1.0,0.0,-0.043500000000000004
578,0,0,29,20,1.0,-2.0,1.0,0.0,-0.043500000000000004
579,0,0,30,1,1.0,-2.0,1.0,0.0,-0.043500000000000004
580,0,0,30,2,1.0,-2.0,1.0,0.0,-0.043500000000000004
581,0,0,30,3,1.0,-2.0,1.0,0.0,-0.043500000000000004
582,0,0,30,4,1.0,-2.0,1.0,0.0,-0.043500000000000004
583,0,0,30,5,1.0,-2.0,1.0,0.0,-0.043500000000000004
584,0,0,30,6,1.0,-2.0,1.0,0.0,-0.043500000000000004
585,0,0,30,7,1.0,-2.0,1.0,0.0,-0.043500000000000004
586,0,0,30,8,1.0,-2.0,1.0,0.0,-0.043500000000000004
587,0,0,30,9,1.0,-2.0,1.0,0.0,-0.043500000000000004
588,0,0,30,10,1.0,-2.0,1.0,0.0,-0.043500000000000004
589,0,0,30,11,1.0,-2.0,1.0,0.0,-0.043500000000000004
590,0,0,30,12,1.0,-2.0,1.0,0.0,-0.043500000000000004
591,0,0,30,13,1.0,-2.0,1.0,0.0,-0.043500000000000004
592,0,0,30,14,1.0,-2.0,1.0,0.0,-0.043500000000000004
593,0,0,30,15,1.0,-2.0,1.0,0.0,-0.043500000000000004
594,0,0,30,16,1.0,-2.0,1.0,0.0,-0.043500000000000004
595,0,0,30,17,1.0,-2.0,1.0,0.0,-0.043500000000000004
596,0,0,30,18,1.0,-2.0,1.0,0.0,-0.043500000000000004
597,0,0,30,19,1.0,-2.0,1.0,0.0,-0.043500000000000004
598,0,0,30,20,1.0,-2.0,1.0,0.0,-0.043500000000000004
599,0,0,31,1,1.0,-2.0,1.0,0.0,-0.043500000000000004
600,0,0,31,2,1.0,-2.0,1.0,0.0,-0.043500000000000004
601,0,0,31,3,1.0,-2.0,1.0,0.0,-0.043500000000000004
602,0,0,31,4,1.0,-2.0,1.0,0.0,-0.043500000000000004
603,0,0,31,5,1.0,-2.0,1.0,0.0,-0.043500000000000004
604,0,0,31,6,1.0,-2.0,1.0,0.0,-0.043500000000000004
605,0,0,31,7,1.0,-2.0,1.0,0.0,-0.043500000000000004
606,0,0,31,8,1.0,-2.0,1.0,0.0,-0.043500000000000004
607,0,0,31,9,1.0,-2.0,1.0,0.0,-0.043500000000000004
608,0,0,31,10,1.0,-2.0,1.0,0.0,-0.043500000000000004
609,0,0,31,11,1.0,-2.0,1.0,0.0,-0.043500000000000004
610,0,0,31,12,1.0,-2.0,1.0,0.0,-0.043500000000000004
611,0,0,31,13,1.0,-2.0,1.0,0.0,-0.043500000000000004
612,0,0,31,14,1.0,-2.0,1.0,0.0,-0.043500000000000004
613,0,0,31,15,1.0,-2.0,1.0,0.0,-0.043500000000000004
614,0,0,31,16,1.0,-2.0,1.0,0.0,-0.043500000000000004
615,0,0,31,17,1.0,-2.0,1.0,0.0,-0.043500000000000004
616,0,0,31,18,1.0,-2.0,1.0,0.0,-0.043500000000000004
617,0,0,31,19,1.0,-2.0,1.0,0.0,-0.043500000000000004
618,0,0,31,20,1.0,-2.0,1.0,0.0,-0.043500000000000004
619,0,0,32,1,1.0,-2.0,1.0,0.0,-0.043500000000000004
620,0,0,32,2,1.0,-2.0,1.0,0.0,-0.043500000000000004
621,0,0,32,3,1.0,-2.0,1.0,0.0,-0.043500000000000004
622,0,0,32,4,1.0,-2.0,1.0,0.0,-0.043500000000000004
623,0,0,32,5,1.0,-2.0,1.0,0.0,-0.043500000000000004
624,0,0,32,6,1.0,-2.0,1.0,0.0,-0.043500000000000004
625,0,0,32,7,1.0,-2.0,1.0,0.0,-0.043500000000000004
626,0,0,32,8,1.0,-2.0,1.0,0.0,-0.043500000000000004
627,0,0,32,9,1.0,-2.0,1.0,0.0,-0.043500000000000004
628,0,0,32,10,1.0,-2.0,1.0,0.0,-0.043500000000000004
629,0,0,32,11,1.0,-2.0,1.0,0.0,-0.043500000000000004
630,0,0,32,12,1.0,-2.0,1.0,0.0,-0.043500000000000004
631,0,0,32,13,1.0,-2.0,1.0,0.0,-0.043500000000000004
632,0,0,32,14,1.0,-2.0,1.0,0.0,-0.043500000000000004
633,0,0,32,15,1.0,-2.0,1.0,0.0,-0.043500000000000004
634,0,0,32,16,1.0,-2.0,1.0,0.0,-0.043500000000000004
635,0,0,32,17,1.0,-2.0,1.0,0.0,-0.043500000000000004
636,0,0,32,18,1.0,-2.0,1.0,0.0,-0.043500000000000004
637,0,0,32,19,1.0,-2.0,1.0,0.0,-0.043500000000000004
638,0,0,32,20,1.0,-2.0,1.0,0.0,-0.043500000000000004
639,0,0,33,1,1.0,-2.0,1.0,0.0,-0.043500000000000004
640,0,0,33,2,1.0,-2.0,1.0,0.0,-0.043500000000000004
641,0,0,33,3,1.0,-2.0,1.0,0.0,-0.043500000000000004
642,0,0,33,4,1.0,-2.0,1.0,0.0,-0.043500000000000004
643,0,0,33,5,1.0,-2.0,1.0,0.0,-0.043500000000000004
644,0,0,33,6,1.0,-2.0,1.0,0.0,-0.043500000000000004
645,0,0,33,7,1.0,-2.0,1.0,0.0,-0.043500000000000004
646,0,0,33,8,1.0,-2.0,1.0,0.0,-0.043500000000000004
647,0,0,33,9,1.0,-2.0,1.0,0.0,-0.043500000000000004
648,0,0,33,10,1.0,-2.0,1.0,0.0,-0.043500000000000004
649,0,0,33,11,1.0,-2.0,1.0,0.0,-0.043500000000000004
650,0,0,33,12,1.0,-2.0,1.0,0.0,-0.043500000000000004
651,0,0,33,13,1.0,-2.0,1.0,0.0,-0.043500000000000004
652,0,0,33,14,1.0,-2.0,1.0,0.0,-0.043500000000000004
653,0,0,33,15,1.0,-2.0,1.0,0.0,-0.043500000000000004
654,0,0,33,16,1.0,-2.0,1.0,0.0,-0.043500000000000004
655,0,0,33,17,1.0,-2.0,1.0,0.0,-0.043500000000000004
656,0,0,33,18,1.0,-2.0,1.0,0.0,-0.043500000000000004
657,0,0,33,19,1.0,-2.0,1.0,0.0,-0.043500000000000004
658,0,0,33,20,1.0,-2.0,1.0,0.0,-0.043500000000000004
659,0,0,34,1,1.0,-2.0,1.0,0.0,-0.043500000000000004
660,0,0,34,2,1.0,-2.0,1.0,0.0,-0.043500000000000004
661,0,0,34,3,1.0,-2.0,1.0,0.0,-0.043500000000000004
662,0,0,34,4,1.0,-2.0,1.0,0.0,-0.043500000000000004
663,0,0,34,5,1.0,-2.0,1.0,0.0,-0.043500000000000004
664,0,0,34,6,1.0,-2.0,1.0,0.0,-0.043500000000000004
665,0,0,34,7,1.0,-2.0,1.0,0.0,-0.043500000000000004
666,0,0,34,8,1.0,-2.0,1.0,0.0,-0.043500000000000004
667,0,0,34,9,1.0,-2.0,1.0,0.0,-0.043500000000000004
668,0,0,34,10,1.0,-2.0,1.0,0.0,-0.043500000000000004
669,0,0,34,11,1.0,-2.0,1.0,0.0,-0.043500000000000004
670,0,0,34,12,1.0,-2.0,1.0,0.0,-0.043500000000000004
671,0,0,34,13,1.0,-2.0,1.0,0.0,-0.043500000000000004
672,0,0,34,14,1.0,-2.0,1.0,0.0,-0.043500000000000004
673,0,0,34,15,1.0,-2.0,1.0,0.0,-0.043500000000000004
674,0,0,34,16,1.0,-2.0,1.0,0.0,-0.043500000000000004
675,0,0,34,17,1.0,-2.0,1.0,0.0,-0.043500000000000004
676,0,0,34,18,1.0,-2.0,1.0,0.0,-0.043500000000000004
677,0,0,34,19,1.0,-2.0,1.0,0.0,-0.043500000000000004
678,0,0,34,20,1.0,-2.0,1.0,0.0,-0.043500000000000004
679,0,0,35,1,1.0,-2.0,1.0,0.0,-0.043500000000000004
680,0,0,35,2,1.0,-2.0,1.0,0.0,-0.043500000000000004
681,0,0,35,3,1.0,-2.0,1.0,0.0,-0.043500000000000004
682,0,0,35,4,1.0,-2.0,1.0,0.0,-0.043500000000000004
683,0,0,35,5,1.0,-2.0,1.0,0.0,-0.043500000000000004
684,0,0,35,6,1.0,-2.0,1.0,0.0,-0.043500000000000004
685,0,0,35,7,1.0,-2.0,1.0,0.0,-0.043500000000000004
686,0,0,35,8,1.0,-2.0,1.0,0.0,-0.043500000000000004
687,0,0,35,9,1.0,-2.0,1.0,0.0,-0.043500000000000004
688,0,0,35,10,1.0,-2.0,1.0,0.0,-0.043500000000000004
689,0,0,35,11,1.0,-2.0,1.0,0.0,-0.043500000000000004
690,0,0,35,12,1.0,-2.0,1.0,0.0,-0.043500000000000004
691,0,0,35,13,1.0,-1.9999998807907104,1.0,0.0,-0.04349999523162856
692,0,0,35,14,1.0,-2.0,1.0,0.0,-0.043500000000000004
693,0,0,35,15,1.0,-2.0,1.0,0.0,-0.043500000000000004
694,0,0,35,16,1.0,-2.0,1.0,0.0,-0.043500000000000004
695,0,0,35,17,1.0,-2.0,1.0,0.0,-0.043500000000000004
696,0,0,35,18,1.0,-2.0,1.0,0.0,-0.043500000000000004
697,0,0,35,19,1.0,-2.0,1.0,0.0,-0.043500000000000004
698,0,0,35,20,1.0,-2.0,1.0,0.0,-0.043500000000000004
699,0,0,36,1,1.0,-2.0,1.0,0.0,-0.043500000000000004
700,0,0,36,2,1.0,-2.0,1.0,0.0,-0.043500000000000004
701,0,0,36,3,1.0,-2.0,1.0,0.0,-0.043500000000000004
702,0,0,36,4,1.0,-2.0,1.0,0.0,-0.043500000000000004
703,0,0,36,5,1.0,-2.0,1.0,0.0,-0.043500000000000004
704,0,0,36,6,1.0,-2.0,1.0,0.0,-0.043500000000000004
705,0,0,36,7,1.0,-2.0,1.0,0.0,-0.043500000000000004
706,0,0,36,8,1.0,-2.0,1.0,0.0,-0.043500000000000004
707,0,0,36,9,1.0,-2.0,1.0,0.0,-0.043500000000000004
708,0,0,36,10,1.0,-2.0,1.0,0.0,-0.043500000000000004
709,0,0,36,11,1.0,-2.0,1.0,0.0,-0.043500000000000004
710,0,0,36,12,1.0,-2.0,1.0,0.0,-0.043500000000000004
711,0,0,36,13,1.0,-1.9999998807907104,1.0,0.0,-0.04349999523162856
712,0,0,36,14,1.0,-2.0,1.0,0.0,-0.043500000000000004
713,0,0,36,15,1.0,-2.0,1.0,0.0,-0.043500000000000004
714,0,0,36,16,1.0,-2.0,1.0,0.0,-0.043500000000000004
715,0,0,36,17,1.0,-2.0,1.0,0.0,-0.043500000000000004
716,0,0,36,18,1.0,-2.0,1.0,0.0,-0.043500000000000004
717,0,0,36,19,1.0,-2.0,1.0,0.0,-0.043500000000000004
718,0,0,36,20,1.0,-2.0,1.0,0.0,-0.043500000000000004
719,0,0,37,1,1.0,-2.0,1.0,0.0,-0.043500000000000004
720,0,0,37,2,1.0,-2.0,1.0,0.0,-0.043500000000000004
721,0,0,37,3,1.0,-2.0,1.0,0.0,-0.043500000000000004
722,0,0,37,4,1.0,-2.0,1.0,0.0,-0.043500000000000004
723,0,0,37,5,1.0,-2.0,1.0,0.0,-0.043500000000000004
724,0,0,37,6,1.0,-2.0,1.0,0.0,-0.043500000000000004
725,0,0,37,7,1.0,-2.0,1.0,0.0,-0.043500000000000004
726,0,0,37,8,1.0,-2.0,1.0,0.0,-0.043500000000000004
727,0,0,37,9,1.0,-2.0,1.0,0.0,-0.043500000000000004
728,0,0,37,10,1.0,-2.0,1.0,0.0,-0.043500000000000004
729,0,0,37,11,1.0,-2.0,1.0,0.0,-0.043500000000000004
730,0,0,37,12,1.0,-2.0,1.0,0.0,-0.043500000000000004
731,0,0,37,13,1.0,-1.9999998807907104,1.0,0.0,-0.04349999523162856
732,0,0,37,14,1.0,-2.0,1.0,0.0,-0.043500000000000004
733,0,0,37,15,1.0,-2.0,1.0,0.0,-0.043500000000000004
734,0,0,37,16,1.0,-2.0,1.0,0.0,-0.043500000000000004
735,0,0,37,17,1.0,-2.0,1.0,0.0,-0.043500000000000004
736,0,0,37,18,1.0,-2.0,1.0,0.0,-0.043500000000000004
737,0,0,37,19,1.0,-2.0,1.0,0.0,-0.043500000000000004
738,0,0,37,20,1.0,-2.0,1.0,0.0,-0.043500000000000004
739,0,0,38,1,1.0,-2.0,1.0,0.0,-0.043500000000000004
740,0,0,38,2,1.0,-2.0,1.0,0.0,-0.043500000000000004
741,0,0,38,3,1.0,-2.0,1.0,0.0,-0.043500000000000004
742,0,0,38,4,1.0,-2.0,1.0,0.0,-0.043500000000000004
743,0,0,38,5,1.0,-2.0,1.0,0.0,-0.043500000000000004
744,0,0,38,6,1.0,-2.0,1.0,0.0,-0.043500000000000004
745,0,0,38,7,1.0,-2.0,1.0,0.0,-0.043500000000000004
746,0,0,38,8,1.0,-2.0,1.0,0.0,-0.043500000000000004
747,0,0,38,9,1.0,-2.0,1.0,0.0,-0.043500000000000004
748,0,0,38,10,1.0,-2.0,1.0,0.0,-0.043500000000000004
749,0,0,38,11,1.0,-2.0,1.0,0.0,-0.043500000000000004
750,0,0,38,12,1.0,-2.0,1.0,0.0,-0.043500000000000004
751,0,0,38,13,1.0,-1.9999998807907104,1.0,0.0,-0.04349999523162856
752,0,0,38,14,1.0,-2.0,1.0,0.0,-0.043500000000000004
753,0,0,38,15,1.0,-2.0,1.0,0.0,-0.043500000000000004
754,0,0,38,16,1.0,-2.0,1.0,0.0,-0.043500000000000004
755,0,0,38,17,1.0,-2.0,1.0,0.0,-0.043500000000000004
756,0,0,38,18,1.0,-2.0,1.0,0.0,-0.043500000000000004
757,0,0,38,19,1.0,-2.0,1.0,0.0,-0.043500000000000004
758,0,0,38,20,1.0,-2.0,1.0,0.0,-0.043500000000000004
759,0,0,39,1,1.0,-2.0,1.0,0.0,-0.043500000000000004
760,0,0,39,2,1.0,-2.0,1.0,0.0,-0.043500000000000004
761,0,0,39,3,1.0,-2.0,1.0,0.0,-0.043500000000000004
762,0,0,39,4,1.0,-2.0,1.0,0.0,-0.043500000000000004
763,0,0,39,5,1.0,-2.0,1.0,0.0,-0.043500000000000004
764,0,0,39,6,1.0,-2.0,1.0,0.0,-0.043500000000000004
765,0,0,39,7,1.0,-2.0,1.0,0.0,-0.043500000000000004
766,0,0,39,8,1.0,-2.0,1.0,0.0,-0.043500000000000004
767,0,0,39,9,1.0,-2.0,1.0,0.0,-0.043500000000000004
768,0,0,39,10,1.0,-2.0,1.0,0.0,-0.043500000000000004
769,0,0,39,11,1.0,-2.0,1.0,0.0,-0.043500000000000004
770,0,0,39,12,1.0,-2.0,1.0,0.0,-0.043500000000000004
771,0,0,39,13,1.0,-1.9999998807907104,1.0,0.0,-0.04349999523162856
772,0,0,39,14,1.0,-2.0,1.0,0.0,-0.043500000000000004
773,0,0,39,15,1.0,-2.0,1.0,0.0,-0.043500000000000004
774,0,0,39,16,1.0,-2.0,1.0,0.0,-0.043500000000000004
775,0,0,39,17,1.0,-2.0,1.0,0.0,-0.043500000000000004
776,0,0,39,18,1.0,-2.0,1.0,0.0,-0.043500000000000004
777,0,0,39,19,1.0,-2.0,1.0,0.0,-0.043500000000000004
778,0,0,39,20,1.0,-2.0,1.0,0.0,-0.043500000000000004
779,0,0,40,1,1.0,-2.0,1.0,0.0,-0.043500000000000004
780,0,0,40,2,1.0,-2.0,1.0,0.0,-0.043500000000000004
781,0,0,40,3,1.0,-2.0,1.0,0.0,-0.043500000000000004
782,0,0,40,4,1.0,-2.0,1.0,0.0,-0.043500000000000004
783,0,0,40,5,1.0,-2.0,1.0,0.0,-0.043500000000000004
784,0,0,40,6,1.0,-2.0,1.0,0.0,-0.043500000000000004
785,0,0,40,7,1.0,-2.0,1.0,0.0,-0.043500000000000004
786,0,0,40,8,1.0,-2.0,1.0,0.0,-0.043500000000000004
787,0,0,40,9,1.0,-2.0,1.0,0.0,-0.043500000000000004
788,0,0,40,10,1.0,-2.0,1.0,0.0,-0.043500000000000004
789,0,0,40,11,1.0,-2.0,1.0,0.0,-0.043500000000000004
790,0,0,40,12,1.0,-2.0,1.0,0.0,-0.043500000000000004
791,0,0,40,13,1.0,-1.9999998807907104,1.0,0.0,-0.04349999523162856
792,0,0,40,14,1.0,-2.0,1.0,0.0,-0.043500000000000004
793,0,0,40,15,1.0,-2.0,1.0,0.0,-0.043500000000000004
794,0,0,40,16,1.0,-2.0,1.0,0.0,-0.043500000000000004
795,0,0,40,17,1.0,-2.0,1.0,0.0,-0.043500000000000004
796,0,0,40,18,1.0,-2.0,1.0,0.0,-0.043500000000000004
797,0,0,40,19,1.0,-2.0,1.0,0.0,-0.043500000000000004
798,0,0,40,20,1.0,-2.0,1.0,0.0,-0.043500000000000004
799,0,0,41,1,1.0,-2.0,1.0,0.0,-0.043500000000000004
800,0,0,41,2,1.0,-2.0,1.0,0.0,-0.043500000000000004
801,0,0,41,3,1.0,-2.0,1.0,0.0,-0.043500000000000004
802,0,0,41,4,1.0,-2.0,1.0,0.0,-0.043500000000000004
803,0,0,41,5,1.0,-2.0,1.0,0.0,-0.043500000000000004
804,0,0,41,6,1.0,-2.0,1.0,0.0,-0.043500000000000004
805,0,0,41,7,1.0,-2.0,1.0,0.0,-0.043500000000000004
806,0,0,41,8,1.0,-2.0,1.0,0.0,-0.043500000000000004
807,0,0,41,9,1.0,-2.0,1.0,0.0,-0.043500000000000004
808,0,0,41,10,1.0,-2.0,1.0,0.0,-0.043500000000000004
809,0,0,41,11,1.0,-2.0,1.0,0.0,-0.043500000000000004
810,0,0,41,12,1.0,-2.0,1.0,0.0,-0.043500000000000004
811,0,0,41,13,1.0,-1.9999998807907104,1.0,0.0,-0.04349999523162856
812,0,0,41,14,1.0,-2.0,1.0,0.0,-0.043500000000000004
813,0,0,41,15,1.0,-2.0,1.0,0.0,-0.043500000000000004
814,0,0,41,16,1.0,-2.0,1.0,0.0,-0.043500000000000004
815,0,0,41,17,1.0,-2.0,1.0,0.0,-0.043500000000000004
816,0,0,41,18,1.0,-2.0,1.0,0.0,-0.043500000000000004
817,0,0,41,19,1.0,-2.0,1.0,0.0,-0.043500000000000004
818,0,0,41,20,1.0,-2.0,1.0,0.0,-0.043500000000000004
819,0,0,42,1,1.0,-2.0,1.0,0.0,-0.043500000000000004
820,0,0,42,2,1.0,-2.0,1.0,0.0,-0.043500000000000004
821,0,0,42,3,1.0,-2.0,1.0,0.0,-0.043500000000000004
822,0,0,42,4,1.0,-2.0,1.0,0.0,-0.043500000000000004
823,0,0,42,5,1.0,-2.0,1.0,0.0,-0.043500000000000004
824,0,0,42,6,1.0,-2.0,1.0,0.0,-0.043500000000000004
825,0,0,42,7,1.0,-2.0,1.0,0.0,-0.043500000000000004
826,0,0,42,8,1.0,-2.0,1.0,0.0,-0.043500000000000004
827,0,0,42,9,1.0,-2.0,1.0,0.0,-0.043500000000000004
828,0,0,42,10,1.0,-2.0,1.0,0.0,-0.043500000000000004
829,0,0,42,11,1.0,-2.0,1.0,0.0,-0.043500000000000004
830,0,0,42,12,1.0,-2.0,1.0,0.0,-0.043500000000000004
831,0,0,42,13,1.0,-1.9999998807907104,1.0,0.0,-0.04349999523162856
832,0,0,42,14,1.0,-2.0,1.0,0.0,-0.043500000000000004
833,0,0,42,15,1.0,-2.0,1.0,0.0,-0.043500000000000004
834,0,0,42,16,1.0,-2.0,1.0,0.0,-0.043500000000000004
835,0,0,42,17,1.0,-2.0,1.0,0.0,-0.043500000000000004
836,0,0,42,18,1.0,-2.0,1.0,0.0,-0.043500000000000004
837,0,0,42,19,1.0,-2.0,1.0,0.0,-0.043500000000000004
838,0,0,42,20,1.0,-2.0,1.0,0.0,-0.043500000000000004
839,0,0,43,1,1.0,-2.0,1.0,0.0,-0.043500000000000004
840,0,0,43,2,1.0,-2.0,1.0,0.0,-0.043500000000000004
841,0,0,43,3,1.0,-2.0,1.0,0.0,-0.043500000000000004
842,0,0,43,4,1.0,-2.0,1.0,0.0,-0.043500000000000004
843,0,0,43,5,1.0,-2.0,1.0,0.0,-0.043500000000000004
844,0,0,43,6,1.0,-2.0,1.0,0.0,-0.043500000000000004
845,0,0,43,7,1.0,-2.0,1.0,0.0,-0.043500000000000004
846,0,0,43,8,1.0,-2.0,1.0,0.0,-0.043500000000000004
847,0,0,43,9,1.0,-2.0,1.0,0.0,-0.043500000000000004
848,0,0,43,10,1.0,-2.0,1.0,0.0,-0.043500000000000004
849,0,0,43,11,1.0,-2.0,1.0,0.0,-0.043500000000000004
850,0,0,43,12,1.0,-2.0,1.0,0.0,-0.043500000000000004
851,0,0,43,13,1.0,-2.0,1.0,0.0,-0.043500000000000004
852,0,0,43,14,1.0,-2.0,1.0,0.0,-0.043500000000000004
853,0,0,43,15,1.0,-2.0,1.0,0.0,-0.043500000000000004
854,0,0,43,16,1.0,-2.0,1.0,0.0,-0.043500000000000004
855,0,0,43,17,1.0,-2.0,1.0,0.0,-0.043500000000000004
856,0,0,43,18,1.0,-2.0,1.0,0.0,-0.043500000000000004
857,0,0,43,19,1.0,-2.0,1.0,0.0,-0.043500000000000004
858,0,0,43,20,1.0,-2.0,1.0,0.0,-0.043500000000000004
859,0,0,44,1,1.0,-2.0,1.0,0.0,-0.043500000000000004
860,0,0,44,2,1.0,-2.0,1.0,0.0,-0.043500000000000004
861,0,0,44,3,1.0,-2.0,1.0,0.0,-0.043500000000000004
862,0,0,44,4,1.0,-2.0,1.0,0.0,-0.043500000000000004
863,0,0,44,5,1.0,-2.0,1.0,0.0,-0.043500000000000004
864,0,0,44,6,1.0,-2.0,1.0,0.0,-0.043500000000000004
865,0,0,44,7,1.0,-2.0,1.0,0.0,-0.043500000000000004
866,0,0,44,8,1.0,-2.0,1.0,0.0,-0.043500000000000004
867,0,0,44,9,1.0,-2.0,1.0,0.0,-0.043500000000000004
868,0,0,44,10,1.0,-2.0,1.0,0.0,-0.043500000000000004
869,0,0,44,11,1.0,-2.0,1.0,0.0,-0.043500000000000004
870,0,0,44,12,1.0,-2.0,1.0,0.0,-0.043500000000000004
871,0,0,44,13,1.0,-2.0,1.0,0.0,-0.043500000000000004
872,0,0,44,14,1.0,-2.0,1.0,0.0,-0.043500000000000004
873,0,0,44,15,1.0,-2.0,1.0,0.0,-0.043500000000000004
874,0,0,44,16,1.0,-2.0,1.0,0.0,-0.043500000000000004
875,0,0,44,17,1.0,-2.0,1.0,0.0,-0.043500000000000004
876,0,0,44,18,1.0,-2.0,1.0,0.0,-0.043500000000000004
877,0,0,44,19,1.0,-2.0,1.0,0.0,-0.043500000000000004
878,0,0,44,20,1.0,-2.0,1.0,0.0,-0.043500000000000004
879,0,0,45,1,1.0,-2.0,1.0,0.0,-0.043500000000000004
880,0,0,45,2,1.0,-2.0,1.0,0.0,-0.043500000000000004
881,0,0,45,3,1.0,-2.0,1.0,0.0,-0.043500000000000004
882,0,0,45,4,1.0,-2.0,1.0,0.0,-0.043500000000000004
883,0,0,45,5,1.0,-2.0,1.0,0.0,-0.043500000000000004
884,0,0,45,6,1.0,-2.0,1.0,0.0,-0.043500000000000004
885,0,0,45,7,1.0,-2.0,1.0,0.0,-0.043500000000000004
886,0,0,45,8,1.0,-2.0,1.0,0.0,-0.043500000000000004
887,0,0,45,9,1.0,-2.0,1.0,0.0,-0.043500000000000004
888,0,0,45,10,1.0,-2.0,1.0,0.0,-0.043500000000000004
889,0,0,45,11,1.0,-2.0,1.0,0.0,-0.043500000000000004
890,0,0,45,12,1.0,-2.0,1.0,0.0,-0.043500000000000004
891,0,0,45,13,1.0,-2.0,1.0,0.0,-0.043500000000000004
892,0,0,45,14,1.0,-2.0,1.0,0.0,-0.043500000000000004
893,0,0,45,15,1.0,-2.0,1.0,0.0,-0.043500000000000004
894,0,0,45,16,1.0,-2.0,1.0,0.0,-0.043500000000000004
895,0,0,45,17,1.0,-2.0,1.0,0.0,-0.043500000000000004
896,0,0,45,18,1.0,-2.0,1.0,0.0,-0.043500000000000004
897,0,0,45,19,1.0,-2.0,1.0,0.0,-0.043500000000000004
898,0,0,45,20,1.0,-2.0,1.0,0.0,-0.043500000000000004
899,0,0,46,1,1.0,-2.0,1.0,0.0,-0.043500000000000004
900,0,0,46,2,1.0,-2.0,1.0,0.0,-0.043500000000000004
901,0,0,46,3,1.0,-2.0,1.0,0.0,-0.043500000000000004
902,0,0,46,4,1.0,-2.0,1.0,0.0,-0.043500000000000004
903,0,0,46,5,1.0,-2.0,1.0,0.0,-0.043500000000000004
904,0,0,46,6,1.0,-2.0,1.0,0.0,-0.043500000000000004
905,0,0,46,7,1.0,-2.0,1.0,0.0,-0.043500000000000004
906,0,0,46,8,1.0,-2.0,1.0,0.0,-0.043500000000000004
907,0,0,46,9,1.0,-2.0,1.0,0.0,-0.043500000000000004
908,0,0,46,10,1.0,-2.0,1.0,0.0,-0.043500000000000004
909,0,0,46,11,1.0,-2.0,1.0,0.0,-0.043500000000000004
910,0,0,46,12,1.0,-2.0,1.0,0.0,-0.043500000000000004
911,0,0,46,13,1.0,-2.0,1.0,0.0,-0.043500000000000004
912,0,0,46,14,1.0,-2.0,1.0,0.0,-0.043500000000000004
913,0,0,46,15,1.0,-2.0,1.0,0.0,-0.043500000000000004
914,0,0,46,16,1.0,-2.0,1.0,0.0,-0.043500000000000004
915,0,0,46,17,1.0,-2.0,1.0,0.0,-0.043500000000000004
916,0,0,46,18,1.0,-2.0,1.0,0.0,-0.043500000000000004
917,0,0,46,19,1.0,-2.0,1.0,0.0,-0.043500000000000004
918,0,0,46,20,1.0,-2.0,1.0,0.0,-0.043500000000000004
919,0,0,47,1,1.0,-2.0,1.0,0.0,-0.043500000000000004
920,0,0,47,2,1.0,-2.0,1.0,0.0,-0.043500000000000004
921,0,0,47,3,1.0,-2.0,1.0,0.0,-0.043500000000000004
922,0,0,47,4,1.0,-2.0,1.0,0.0,-0.043500000000000004
923,0,0,47,5,1.0,-2.0,1.0,0.0,-0.043500000000000004
924,0,0,47,6,1.0,-2.0,1.0,0.0,-0.043500000000000004
925,0,0,47,7,1.0,-2.0,1.0,0.0,-0.043500000000000004
926,0,0,47,8,1.0,-2.0,1.0,0.0,-0.043500000000000004
927,0,0,47,9,1.0,-2.0,1.0,0.0,-0.043500000000000004
928,0,0,47,10,1.0,-2.0,1.0,0.0,-0.043500000000000004
929,0,0,47,11,1.0,-2.0,1.0,0.0,-0.043500000000000004
930,0,0,47,12,1.0,-2.0,1.0,0.0,-0.043500000000000004
931,0,0,47,13,1.0,-2.0,1.0,0.0,-0.043500000000000004
932,0,0,47,14,1.0,-2.0,1.0,0.0,-0.043500000000000004
933,0,0,47,15,1.0,-2.0,1.0,0.0,-0.043500000000000004
934,0,0,47,16,1.0,-2.0,1.0,0.0,-0.043500000000000004
935,0,0,47,17,1.0,-2.0,1.0,0.0,-0.043500000000000004
936,0,0,47,18,1.0,-2.0,1.0,0.0,-0.043500000000000004
937,0,0,47,19,1.0,-2.0,1.0,0.0,-0.043500000000000004
938,0,0,47,20,1.0,-2.0,1.0,0.0,-0.043500000000000004
939,0,0,48,1,1.0,-2.0,1.0,0.0,-0.043500000000000004
940,0,0,48,2,1.0,-2.0,1.0,0.0,-0.043500000000000004
941,0,0,48,3,1.0,-2.0,1.0,0.0,-0.043500000000000004
942,0,0,48,4,1.0,-2.0,1.0,0.0,-0.043500000000000004
943,0,0,48,5,1.0,-2.0,1.0,0.0,-0.043500000000000004
944,0,0,48,6,1.0,-2.0,1.0,0.0,-0.043500000000000004
945,0,0,48,7,1.0,-2.0,1.0,0.0,-0.043500000000000004
946,0,0,48,8,1.0,-2.0,1.0,0.0,-0.043500000000000004
947,0,0,48,9,1.0,-2.0,1.0,0.0,-0.043500000000000004
948,0,0,48,10,1.0,-2.0,1.0,0.0,-0.043500000000000004
949,0,0,48,11,1.0,-2.0,1.0,0.0,-0.043500000000000004
950,0,0,48,12,1.0,-2.0,1.0,0.0,-0.043500000000000004
951,0,0,48,13,1.0,-2.0,1.0,0.0,-0.043500000000000004
952,0,0,48,14,1.0,-2.0,1.0,0.0,-0.043500000000000004
953,0,0,48,15,1.0,-2.0,1.0,0.0,-0.043500000000000004
954,0,0,48,16,1.0,-2.0,1.0,0.0,-0.043500000000000004
955,0,0,48,17,1.0,-2.0,1.0,0.0,-0.043500000000000004
956,0,0,48,18,1.0,-2.0,1.0,0.0,-0.043500000000000004
957,0,0,48,19,1.0,-2.0,1.0,0.0,-0.043500000000000004
958,0,0,48,20,1.0,-2.0,1.0,0.0,-0.043500000000000004
959,0,0,49,1,1.0,-2.0,1.0,0.0,-0.043500000000000004
960,0,0,49,2,1.0,-2.0,1.0,0.0,-0.043500000000000004
961,0,0,49,3,1.0,-2.0,1.0,0.0,-0.043500000000000004
962,0,0,49,4,1.0,-2.0,1.0,0.0,-0.043500000000000004
963,0,0,49,5,1.0,-2.0,1.0,0.0,-0.043500000000000004
964,0,0,49,6,1.0,-2.0,1.0,0.0,-0.043500000000000004
965,0,0,49,7,1.0,-2.0,1.0,0.0,-0.043500000000000004
966,0,0,49,8,1.0,-2.0,1.0,0.0,-0.043500000000000004
967,0,0,49,9,1.0,-2.0,1.0,0.0,-0.043500000000000004
968,0,0,49,10,1.0,-2.0,1.0,0.0,-0.043500000000000004
969,0,0,49,11,1.0,-2.0,1.0,0.0,-0.043500000000000004
970,0,0,49,12,1.0,-2.0,1.0,0.0,-0.043500000000000004
971,0,0,49,13,1.0,-2.0,1.0,0.0,-0.043500000000000004
972,0,0,49,14,1.0,-2.0,1.0,0.0,-0.043500000000000004
973,0,0,49,15,1.0,-2.0,1.0,0.0,-0.043500000000000004
974,0,0,49,16,1.0,-2.0,1.0,0.0,-0.043500000000000004
975,0,0,49,17,1.0,-2.0,1.0,0.0,-0.043500000000000004
976,0,0,49,18,1.0,-2.0,1.0,0.0,-0.043500000000000004
977,0,0,49,19,1.0,-2.0,1.0,0.0,-0.043500000000000004
978,0,0,49,20,1.0,-2.0,1.0,0.0,-0.043500000000000004
979,0,0,50,1,1.0,-2.0,1.0,0.0,-0.043500000000000004
980,0,0,50,2,1.0,-2.0,1.0,0.0,-0.043500000000000004
981,0,0,50,3,1.0,-2.0,1.0,0.0,-0.043500000000000004
982,0,0,50,4,1.0,-2.0,1.0,0.0,-0.043500000000000004
983,0,0,50,5,1.0,-2.0,1.0,0.0,-0.043500000000000004
984,0,0,50,6,1.0,-2.0,1.0,0.0,-0.043500000000000004
985,0,0,50,7,1.0,-2.0,1.0,0.0,-0.043500000000000004
986,0,0,50,8,1.0,-2.0,1.0,0.0,-0.043500000000000004
987,0,0,50,9,1.0,-2.0,1.0,0.0,-0.043500000000000004
988,0,0,50,10,1.0,-2.0,1.0,0.0,-0.043500000000000004
989,0,0,50,11,1.0,-2.0,1.0,0.0,-0.043500000000000004
990,0,0,50,12,1.0,-2.0,1.0,0.0,-0.043500000000000004
991,0,0,50,13,1.0,-2.0,1.0,0.0,-0.043500000000000004
992,0,0,50,14,1.0,-2.0,1.0,0.0,-0.043500000000000004
993,0,0,50,15,1.0,-2.0,1.0,0.0,-0.043500000000000004
994,0,0,50,16,1.0,-2.0,1.0,0.0,-0.043500000000000004
995,0,0,50,17,1.0,-2.0,1.0,0.0,-0.043500000000000004
996,0,0,50,18,1.0,-2.0,1.0,0.0,-0.043500000000000004
997,0,0,50,19,1.0,-2.0,1.0,0.0,-0.043500000000000004
998,0,0,50,20,1.0,-2.0,1.0,0.0,-0.043500000000000004
999,0,0,51,1,1.0,-2.0,1.0,0.0,-0.043500000000000004
1000,0,0,51,2,1.0,-2.0,1.0,0.0,-0.043500000000000004
1001,0,0,51,3,1.0,-2.0,1.0,0.0,-0.043500000000000004
1002,0,0,51,4,1.0,-2.0,1.0,0.0,-0.043500000000000004
1003,0,0,51,5,1.0,-2.0,1.0,0.0,-0.043500000000000004
1004,0,0,51,6,1.0,-2.0,1.0,0.0,-0.043500000000000004
1005,0,0,51,7,1.0,-2.0,1.0,0.0,-0.043500000000000004
1006,0,0,51,8,1.0,-2.0,1.0,0.0,-0.043500000000000004
1007,0,0,51,9,1.0,-2.0,1.0,0.0,-0.043500000000000004
1008,0,0,51,10,1.0,-2.0,1.0,0.0,-0.043500000000000004
1009,0,0,51,11,1.0,-2.0,1.0,0.0,-0.043500000000000004
1010,0,0,51,12,1.0,-2.0,1.0,0.0,-0.043500000000000004
1011,0,0,51,13,1.0,-1.9999998807907104,1.0,0.0,-0.04349999523162856
1012,0,0,51,14,1.0,-2.0,1.0,0.0,-0.043500000000000004
1013,0,0,51,15,1.0,-2.0,1.0,0.0,-0.043500000000000004
1014,0,0,51,16,1.0,-2.0,1.0,0.0,-0.043500000000000004
1015,0,0,51,17,1.0,-2.0,1.0,0.0,-0.043500000000000004
1016,0,0,51,18,1.0,-2.0,1.0,0.0,-0.043500000000000004
1017,0,0,51,19,1.0,-2.0,1.0,0.0,-0.043500000000000004
1018,0,0,51,20,1.0,-2.0,1.0,0.0,-0.043500000000000004
1019,0,0,52,1,1.0,-2.0,1.0,0.0,-0.043500000000000004
1020,0,0,52,2,1.0,-2.0,1.0,0.0,-0.043500000000000004
1021,0,0,52,3,1.0,-2.0,1.0,0.0,-0.043500000000000004
1022,0,0,52,4,1.0,-2.0,1.0,0.0,-0.043500000000000004
1023,0,0,52,5,1.0,-2.0,1.0,0.0,-0.043500000000000004
1024,0,0,52,6,1.0,-2.0,1.0,0.0,-0.043500000000000004
1025,0,0,52,7,1.0,-2.0,1.0,0.0,-0.043500000000000004
1026,0,0,52,8,1.0,-2.0,1.0,0.0,-0.043500000000000004
1027,0,0,52,9,1.0,-2.0,1.0,0.0,-0.043500000000000004
1028,0,0,52,10,1.0,-2.0,1.0,0.0,-0.043500000000000004
1029,0,0,52,11,1.0,-2.0,1.0,0.0,-0.043500000000000004
1030,0,0,52,12,1.0,-2.0,1.0,0.0,-0.043500000000000004
1031,0,0,52,13,1.0,-1.9999998807907104,1.0,0.0,-0.04349999523162856
1032,0,0,52,14,1.0,-2.0,1.0,0.0,-0.043500000000000004
1033,0,0,52,15,1.0,-2.0,1.0,0.0,-0.043500000000000004
1034,0,0,52,16,1.0,-2.0,1.0,0.0,-0.043500000000000004
1035,0,0,52,17,1.0,-2.0,1.0,0.0,-0.043500000000000004
1036,0,0,52,18,1.0,-2.0,1.0,0.0,-0.043500000000000004
1037,0,0,52,19,1.0,-2.0,1.0,0.0,-0.043500000000000004
1038,0,0,52,20,1.0,-2.0,1.0,0.0,-0.043500000000000004
1039,0,0,53,1,1.0,-2.0,1.0,0.0,-0.043500000000000004
1040,0,0,53,2,1.0,-2.0,1.0,0.0,-0.043500000000000004
1041,0,0,53,3,1.0,-2.0,1.0,0.0,-0.043500000000000004
1042,0,0,53,4,1.0,-2.0,1.0,0.0,-0.043500000000000004
1043,0,0,53,5,1.0,-2.0,1.0,0.0,-0.043500000000000004
1044,0,0,53,6,1.0,-2.0,1.0,0.0,-0.043500000000000004
1045,0,0,53,7,1.0,-2.0,1.0,0.0,-0.043500000000000004
1046,0,0,53,8,1.0,-2.0,1.0,0.0,-0.043500000000000004
1047,0,0,53,9,1.0,-2.0,1.0,0.0,-0.043500000000000004
1048,0,0,53,10,1.0,-2.0,1.0,0.0,-0.043500000000000004
1049,0,0,53,11,1.0,-2.0,1.0,0.0,-0.043500000000000004
1050,0,0,53,12,1.0,-2.0,1.0,0.0,-0.043500000000000004
1051,0,0,53,13,1.0,-1.9999998807907104,1.0,0.0,-0.04349999523162856
1052,0,0,53,14,1.0,-2.0,1.0,0.0,-0.043500000000000004
1053,0,0,53,15,1.0,-2.0,1.0,0.0,-0.043500000000000004
1054,0,0,53,16,1.0,-2.0,1.0,0.0,-0.043500000000000004
1055,0,0,53,17,1.0,-2.0,1.0,0.0,-0.043500000000000004
1056,0,0,53,18,1.0,-2.0,1.0,0.0,-0.043500000000000004
1057,0,0,53,19,1.0,-2.0,1.0,0.0,-0.043500000000000004
1058,0,0,53,20,1.0,-2.0,1.0,0.0,-0.043500000000000004
1059,0,0,54,1,1.0,-2.0,1.0,0.0,-0.043500000000000004
1060,0,0,54,2,1.0,-2.0,1.0,0.0,-0.043500000000000004
1061,0,0,54,3,1.0,-2.0,1.0,0.0,-0.043500000000000004
1062,0,0,54,4,1.0,-2.0,1.0,0.0,-0.043500000000000004
1063,0,0,54,5,1.0,-2.0,1.0,0.0,-0.043500000000000004
1064,0,0,54,6,1.0,-2.0,1.0,0.0,-0.043500000000000004
1065,0,0,54,7,1.0,-2.0,1.0,0.0,-0.043500000000000004
1066,0,0,54,8,1.0,-2.0,1.0,0.0,-0.043500000000000004
1067,0,0,54,9,1.0,-2.0,1.0,0.0,-0.043500000000000004
1068,0,0,54,10,1.0,-2.0,1.0,0.0,-0.043500000000000004
1069,0,0,54,11,1.0,-2.0,1.0,0.0,-0.043500000000000004
1070,0,0,54,12,1.0,-2.0,1.0,0.0,-0.043500000000000004
1071,0,0,54,13,1.0,-1.9999998807907104,1.0,0.0,-0.04349999523162856
1072,0,0,54,14,1.0,-2.0,1.0,0.0,-0.043500000000000004
1073,0,0,54,15,1.0,-2.0,1.0,0.0,-0.043500000000000004
1074,0,0,54,16,1.0,-2.0,1.0,0.0,-0.043500000000000004
1075,0,0,54,17,1.0,-2.0,1.0,0.0,-0.043500000000000004
1076,0,0,54,18,1.0,-2.0,1.0,0.0,-0.043500000000000004
1077,0,0,54,19,1.0,-2.0,1.0,0.0,-0.043500000000000004
1078,0,0,54,20,1.0,-2.0,1.0,0.0,-0.043500000000000004
1079,0,0,55,1,1.0,-2.0,1.0,0.0,-0.043500000000000004
1080,0,0,55,2,1.0,-2.0,1.0,0.0,-0.043500000000000004
1081,0,0,55,3,1.0,-2.0,1.0,0.0,-0.043500000000000004
1082,0,0,55,4,1.0,-2.0,1.0,0.0,-0.043500000000000004
1083,0,0,55,5,1.0,-2.0,1.0,0.0,-0.043500000000000004
1084,0,0,55,6,1.0,-2.0,1.0,0.0,-0.043500000000000004
1085,0,0,55,7,1.0,-2.0,1.0,0.0,-0.043500000000000004
1086,0,0,55,8,1.0,-2.0,1.0,0.0,-0.043500000000000004
1087,0,0,55,9,1.0,-2.0,1.0,0.0,-0.043500000000000004
1088,0,0,55,10,1.0,-2.0,1.0,0.0,-0.043500000000000004
1089,0,0,55,11,1.0,-2.0,1.0,0.0,-0.043500000000000004
1090,0,0,55,12,1.0,-2.0,1.0,0.0,-0.043500000000000004
1091,0,0,55,13,1.0,-1.9999998807907104,1.0,0.0,-0.04349999523162856
1092,0,0,55,14,1.0,-2.0,1.0,0.0,-0.043500000000000004
1093,0,0,55,15,1.0,-2.0,1.0,0.0,-0.043500000000000004
1094,0,0,55,16,1.0,-2.0,1.0,0.0,-0.043500000000000004
1095,0,0,55,17,1.0,-2.0,1.0,0.0,-0.043500000000000004
1096,0,0,55,18,1.0,-2.0,1.0,0.0,-0.043500000000000004
1097,0,0,55,19,1.0,-2.0,1.0,0.0,-0.043500000000000004
1098,0,0,55,20,1.0,-2.0,1.0,0.0,-0.043500000000000004
1099,0,0,56,1,1.0,-2.0,1.0,0.0,-0.043500000000000004
1100,0,0,56,2,1.0,-2.0,1.0,0.0,-0.043500000000000004
1101,0,0,56,3,1.0,-2.0,1.0,0.0,-0.043500000000000004
1102,0,0,56,4,1.0,-2.0,1.0,0.0,-0.043500000000000004
1103,0,0,56,5,1.0,-2.0,1.0,0.0,-0.043500000000000004
1104,0,0,56,6,1.0,-2.0,1.0,0.0,-0.043500000000000004
1105,0,0,56,7,1.0,-2.0,1.0,0.0,-0.043500000000000004
1106,0,0,56,8,1.0,-2.0,1.0,0.0,-0.043500000000000004
1107,0,0,56,9,1.0,-2.0,1.0,0.0,-0.043500000000000004
1108,0,0,56,10,1.0,-2.0,1.0,0.0,-0.043500000000000004
1109,0,0,56,11,1.0,-2.0,1.0,0.0,-0.043500000000000004
1110,0,0,56,12,1.0,-2.0,1.0,0.0,-0.043500000000000004
1111,0,0,56,13,1.0,-1.9999998807907104,1.0,0.0,-0.04349999523162856
1112,0,0,56,14,1.0,-2.0,1.0,0.0,-0.043500000000000004
1113,0,0,56,15,1.0,-2.0,1.0,0.0,-0.043500000000000004
1114,0,0,56,16,1.0,-2.0,1.0,0.0,-0.043500000000000004
1115,0,0,56,17,1.0,-2.0,1.0,0.0,-0.043500000000000004
1116,0,0,56,18,1.0,-2.0,1.0,0.0,-0.043500000000000004
1117,0,0,56,19,1.0,-2.0,1.0,0.0,-0.043500000000000004
1118,0,0,56,20,1.0,-2.0,1.0,0.0,-0.043500000000000004
1119,0,0,57,1,1.0,-2.0,1.0,0.0,-0.043500000000000004
1120,0,0,57,2,1.0,-2.0,1.0,0.0,-0.043500000000000004
1121,0,0,57,3,1.0,-2.0,1.0,0.0,-0.043500000000000004
1122,0,0,57,4,1.0,-2.0,1.0,0.0,-0.043500000000000004
1123,0,0,57,5,1.0,-2.0,1.0,0.0,-0.043500000000000004
1124,0,0,57,6,1.0,-2.0,1.0,0.0,-0.043500000000000004
1125,0,0,57,7,1.0,-2.0,1.0,0.0,-0.043500000000000004
1126,0,0,57,8,1.0,-2.0,1.0,0.0,-0.043500000000000004
1127,0,0,57,9,1.0,-2.0,1.0,0.0,-0.043500000000000004
1128,0,0,57,10,1.0,-2.0,1.0,0.0,-0.043500000000000004
1129,0,0,57,11,1.0,-2.0,1.0,0.0,-0.043500000000000004
1130,0,0,57,12,1.0,-2.0,1.0,0.0,-0.043500000000000004
1131,0,0,57,13,1.0,-1.9999998807907104,1.0,0.0,-0.04349999523162856
1132,0,0,57,14,1.0,-2.0,1.0,0.0,-0.043500000000000004
1133,0,0,57,15,1.0,-2.0,1.0,0.0,-0.043500000000000004
1134,0,0,57,16,1.0,-2.0,1.0,0.0,-0.043500000000000004
1135,0,0,57,17,1.0,-2.0,1.0,0.0,-0.043500000000000004
1136,0,0,57,18,1.0,-2.0,1.0,0.0,-0.043500000000000004
1137,0,0,57,19,1.0,-2.0,1.0,0.0,-0.043500000000000004
1138,0,0,57,20,1.0,-2.0,1.0,0.0,-0.043500000000000004
1139,0,0,58,1,1.0,-2.0,1.0,0.0,-0.043500000000000004
1140,0,0,58,2,1.0,-2.0,1.0,0.0,-0.043500000000000004
1141,0,0,58,3,1.0,-2.0,1.0,0.0,-0.043500000000000004
1142,0,0,58,4,1.0,-2.0,1.0,0.0,-0.043500000000000004
1143,0,0,58,5,1.0,-2.0,1.0,0.0,-0.043500000000000004
1144,0,0,58,6,1.0,-2.0,1.0,0.0,-0.043500000000000004
1145,0,0,58,7,1.0,-2.0,1.0,0.0,-0.043500000000000004
1146,0,0,58,8,1.0,-2.0,1.0,0.0,-0.043500000000000004
1147,0,0,58,9,1.0,-2.0,1.0,0.0,-0.043500000000000004
1148,0,0,58,10,1.0,-2.0,1.0,0.0,-0.043500000000000004
1149,0,0,58,11,1.0,-2.0,1.0,0.0,-0.043500000000000004
1150,0,0,58,12,1.0,-2.0,1.0,0.0,-0.043500000000000004
1151,0,0,58,13,1.0,-1.9999998807907104,1.0,0.0,-0.04349999523162856
1152,0,0,58,14,1.0,-2.0,1.0,0.0,-0.043500000000000004
1153,0,0,58,15,1.0,-2.0,1.0,0.0,-0.043500000000000004
1154,0,0,58,16,1.0,-2.0,1.0,0.0,-0.043500000000000004
1155,0,0,58,17,1.0,-2.0,1.0,0.0,-0.043500000000000004
1156,0,0,58,18,1.0,-2.0,1.0,0.0,-0.043500000000000004
1157,0,0,58,19,1.0,-2.0,1.0,0.0,-0.043500000000000004
1158,0,0,58,20,1.0,-2.0,1.0,0.0,-0.043500000000000004
1159,0,0,59,1,1.0,-2.0,1.0,0.0,-0.043500000000000004
1160,0,0,59,2,1.0,-2.0,1.0,0.0,-0.043500000000000004
1161,0,0,59,3,1.0,-2.0,1.0,0.0,-0.043500000000000004
1162,0,0,59,4,1.0,-2.0,1.0,0.0,-0.043500000000000004
1163,0,0,59,5,1.0,-2.0,1.0,0.0,-0.043500000000000004
1164,0,0,59,6,1.0,-2.0,1.0,0.0,-0.043500000000000004
1165,0,0,59,7,1.0,-2.0,1.0,0.0,-0.043500000000000004
1166,0,0,59,8,1.0,-2.0,1.0,0.0,-0.043500000000000004
1167,0,0,59,9,1.0,-2.0,1.0,0.0,-0.043500000000000004
1168,0,0,59,10,1.0,-2.0,1.0,0.0,-0.043500000000000004
1169,0,0,59,11,1.0,-2.0,1.0,0.0,-0.043500000000000004
1170,0,0,59,12,1.0,-2.0,1.0,0.0,-0.043500000000000004
1171,0,0,59,13,1.0,-2.0,1.0,0.0,-0.043500000000000004
1172,0,0,59,14,1.0,-2.0,1.0,0.0,-0.043500000000000004
1173,0,0,59,15,1.0,-2.0,1.0,0.0,-0.043500000000000004
1174,0,0,59,16,1.0,-2.0,1.0,0.0,-0.043500000000000004
1175,0,0,59,17,1.0,-2.0,1.0,0.0,-0.043500000000000004
1176,0,0,59,18,1.0,-2.0,1.0,0.0,-0.043500000000000004
1177,0,0,59,19,1.0,-2.0,1.0,0.0,-0.043500000000000004
1178,0,0,59,20,1.0,-2.0,1.0,0.0,-0.043500000000000004
1179,0,0,60,1,1.0,-2.0,1.0,0.0,-0.043500000000000004
1180,0,0,60,2,1.0,-2.0,1.0,0.0,-0.043500000000000004
1181,0,0,60,3,1.0,-2.0,1.0,0.0,-0.043500000000000004
1182,0,0,60,4,1.0,-2.0,1.0,0.0,-0.043500000000000004
1183,0,0,60,5,1.0,-2.0,1.0,0.0,-0.043500000000000004
1184,0,0,60,6,1.0,-2.0,1.0,0.0,-0.043500000000000004
1185,0,0,60,7,1.0,-2.0,1.0,0.0,-0.043500000000000004
1186,0,0,60,8,1.0,-2.0,1.0,0.0,-0.043500000000000004
1187,0,0,60,9,1.0,-2.0,1.0,0.0,-0.043500000000000004
1188,0,0,60,10,1.0,-2.0,1.0,0.0,-0.043500000000000004
1189,0,0,60,11,1.0,-2.0,1.0,0.0,-0.043500000000000004
1190,0,0,60,12,1.0,-2.0,1.0,0.0,-0.043500000000000004
1191,0,0,60,13,1.0,-2.0,1.0,0.0,-0.043500000000000004
1192,0,0,60,14,1.0,-2.0,1.0,0.0,-0.043500000000000004
1193,0,0,60,15,1.0,-2.0,1.0,0.0,-0.043500000000000004
1194,0,0,60,16,1.0,-2.0,1.0,0.0,-0.043500000000000004
1195,0,0,60,17,1.0,-2.0,1.0,0.0,-0.043500000000000004
1196,0,0,60,18,1.0,-2.0,1.0,0.0,-0.043500000000000004
1197,0,0,60,19,1.0,-2.0,1.0,0.0,-0.043500000000000004
1198,0,0,60,20,1.0,-2.0,1.0,0.0,-0.043500000000000004
1199,0,0,61,1,1.0,-2.0,1.0,0.0,-0.043500000000000004
1200,0,0,61,2,1.0,-2.0,1.0,0.0,-0.043500000000000004
1201,0,0,61,3,1.0,-2.0,1.0,0.0,-0.043500000000000004
1202,0,0,61,4,1.0,-2.0,1.0,0.0,-0.043500000000000004
1203,0,0,61,5,1.0,-2.0,1.0,0.0,-0.043500000000000004
1204,0,0,61,6,1.0,-2.0,1.0,0.0,-0.043500000000000004
1205,0,0,61,7,1.0,-2.0,1.0,0.0,-0.043500000000000004
1206,0,0,61,8,1.0,-2.0,1.0,0.0,-0.043500000000000004
1207,0,0,61,9,1.0,-2.0,1.0,0.0,-0.043500000000000004
1208,0,0,61,10,1.0,-2.0,1.0,0.0,-0.043500000000000004
1209,0,0,61,11,1.0,-2.0,1.0,0.0,-0.043500000000000004
1210,0,0,61,12,1.0,-2.0,1.0,0.0,-0.043500000000000004
1211,0,0,61,13,1.0,-2.0,1.0,0.0,-0.043500000000000004
1212,0,0,61,14,1.0,-2.0,1.0,0.0,-0.043500000000000004
1213,0,0,61,15,1.0,-2.0,1.0,0.0,-0.043500000000000004
1214,0,0,61,16,1.0,-2.0,1.0,0.0,-0.043500000000000004
1215,0,0,61,17,1.0,-2.0,1.0,0.0,-0.043500000000000004
1216,0,0,61,18,1.0,-2.0,1.0,0.0,-0.043500000000000004
1217,0,0,61,19,1.0,-2.0,1.0,0.0,-0.043500000000000004
1218,0,0,61,20,1.0,-2.0,1.0,0.0,-0.043500000000000004
1219,0,0,62,1,1.0,-2.0,1.0,0.0,-0.043500000000000004
1220,0,0,62,2,1.0,-2.0,1.0,0.0,-0.043500000000000004
1221,0,0,62,3,1.0,-2.0,1.0,0.0,-0.043500000000000004
1222,0,0,62,4,1.0,-2.0,1.0,0.0,-0.043500000000000004
1223,0,0,62,5,1.0,-2.0,1.0,0.0,-0.043500000000000004
1224,0,0,62,6,1.0,-2.0,1.0,0.0,-0.043500000000000004
1225,0,0,62,7,1.0,-2.0,1.0,0.0,-0.043500000000000004
1226,0,0,62,8,1.0,-2.0,1.0,0.0,-0.043500000000000004
1227,0,0,62,9,1.0,-2.0,1.0,0.0,-0.043500000000000004
1228,0,0,62,10,1.0,-2.0,1.0,0.0,-0.043500000000000004
1229,0,0,62,11,1.0,-2.0,1.0,0.0,-0.043500000000000004
1230,0,0,62,12,1.0,-2.0,1.0,0.0,-0.043500000000000004
1231,0,0,62,13,1.0,-2.0,1.0,0.0,-0.043500000000000004
1232,0,0,62,14,1.0,-2.0,1.0,0.0,-0.043500000000000004
1233,0,0,62,15,1.0,-2.0,1.0,0.0,-0.043500000000000004
1234,0,0,62,16,1.0,-2.0,1.0,0.0,-0.043500000000000004
1235,0,0,62,17,1.0,-2.0,1.0,0.0,-0.043500000000000004
1236,0,0,62,18,1.0,-2.0,1.0,0.0,-0.043500000000000004
1237,0,0,62,19,1.0,-2.0,1.0,0.0,-0.043500000000000004
1238,0,0,62,20,1.0,-2.0,1.0,0.0,-0.043500000000000004
1239,0,0,63,1,1.0,-2.0,1.0,0.0,-0.043500000000000004
1240,0,0,63,2,1.0,-2.0,1.0,0.0,-0.043500000000000004
1241,0,0,63,3,1.0,-2.0,1.0,0.0,-0.043500000000000004
1242,0,0,63,4,1.0,-2.0,1.0,0.0,-0.043500000000000004
1243,0,0,63,5,1.0,-2.0,1.0,0.0,-0.043500000000000004
1244,0,0,63,6,1.0,-2.0,1.0,0.0,-0.043500000000000004
1245,0,0,63,7,1.0,-2.0,1.0,0.0,-0.043500000000000004
1246,0,0,63,8,1.0,-2.0,1.0,0.0,-0.043500000000000004
1247,0,0,63,9,1.0,-2.0,1.0,0.0,-0.043500000000000004
1248,0,0,63,10,1.0,-2.0,1.0,0.0,-0.043500000000000004
1249,0,0,63,11,1.0,-2.0,1.0,0.0,-0.043500000000000004
1250,0,0,63,12,1.0,-2.0,1.0,0.0,-0.043500000000000004
1251,0,0,63,13,1.0,-2.0,1.0,0.0,-0.043500000000000004
1252,0,0,63,14,1.0,-2.0,1.0,0.0,-0.043500000000000004
1253,0,0,63,15,1.0,-2.0,1.0,0.0,-0.043500000000000004
1254,0,0,63,16,1.0,-2.0,1.0,0.0,-0.043500000000000004
1255,0,0,63,17,1.0,-2.0,1.0,0.0,-0.043500000000000004
1256,0,0,63,18,1.0,-2.0,1.0,0.0,-0.043500000000000004
1257,0,0,63,19,1.0,-2.0,1.0,0.0,-0.043500000000000004
1258,0,0,63,20,1.0,-2.0,1.0,0.0,-0.043500000000000004
1259,0,0,64,1,1.0,-2.0,1.0,0.0,-0.043500000000000004
1260,0,0,64,2,1.0,-2.0,1.0,0.0,-0.043500000000000004
1261,0,0,64,3,1.0,-2.0,1.0,0.0,-0.043500000000000004
1262,0,0,64,4,1.0,-2.0,1.0,0.0,-0.043500000000000004
1263,0,0,64,5,1.0,-2.0,1.0,0.0,-0.043500000000000004
1264,0,0,64,6,1.0,-2.0,1.0,0.0,-0.043500000000000004
1265,0,0,64,7,1.0,-2.0,1.0,0.0,-0.043500000000000004
1266,0,0,64,8,1.0,-2.0,1.0,0.0,-0.043500000000000004
1267,0,0,64,9,1.0,-2.0,1.0,0.0,-0.043500000000000004
1268,0,0,64,10,1.0,-2.0,1.0,0.0,-0.043500000000000004
1269,0,0,64,11,1.0,-2.0,1.0,0.0,-0.043500000000000004
1270,0,0,64,12,1.0,-2.0,1.0,0.0,-0.043500000000000004
1271,0,0,64,13,1.0,-2.0,1.0,0.0,-0.043500000000000004
1272,0,0,64,14,1.0,-2.0,1.0,0.0,-0.043500000000000004
1273,0,0,64,15,1.0,-2.0,1.0,0.0,-0.043500000000000004
1274,0,0,64,16,1.0,-2.0,1.0,0.0,-0.043500000000000004
1275,0,0,64,17,1.0,-2.0,1.0,0.0,-0.043500000000000004
1276,0,0,64,18,1.0,-2.0,1.0,0.0,-0.043500000000000004
1277,0,0,64,19,1.0,-2.0,1.0,0.0,-0.043500000000000004
1278,0,0,64,20,1.0,-2.0,1.0,0.0,-0.043500000000000004
1279,0,0,65,1,1.0,-2.0,1.0,0.0,-0.043500000000000004
1280,0,0,65,2,1.0,-2.0,1.0,0.0,-0.043500000000000004
1281,0,0,65,3,1.0,-2.0,1.0,0.0,-0.043500000000000004
1282,0,0,65,4,1.0,-2.0,1.0,0.0,-0.043500000000000004
1283,0,0,65,5,1.0,-2.0,1.0,0.0,-0.043500000000000004
1284,0,0,65,6,1.0,-2.0,1.0,0.0,-0.043500000000000004
1285,0,0,65,7,1.0,-2.0,1.0,0.0,-0.043500000000000004
1286,0,0,65,8,1.0,-2.0,1.0,0.0,-0.043500000000000004
1287,0,0,65,9,1.0,-2.0,1.0,0.0,-0.043500000000000004
1288,0,0,65,10,1.0,-2.0,1.0,0.0,-0.043500000000000004
1289,0,0,65,11,1.0,-2.0,1.0,0.0,-0.043500000000000004
1290,0,0,65,12,1.0,-2.0,1.0,0.0,-0.043500000000000004
1291,0,0,65,13,1.0,-2.0,1.0,0.0,-0.043500000000000004
1292,0,0,65,14,1.0,-2.0,1.0,0.0,-0.043500000000000004
1293,0,0,65,15,1.0,-2.0,1.0,0.0,-0.043500000000000004
1294,0,0,65,16,1.0,-2.0,1.0,0.0,-0.043500000000000004
1295,0,0,65,17,1.0,-2.0,1.0,0.0,-0.043500000000000004
1296,0,0,65,18,1.0,-2.0,1.0,0.0,-0.043500000000000004
1297,0,0,65,19,1.0,-2.0,1.0,0.0,-0.043500000000000004
1298,0,0,65,20,1.0,-2.0,1.0,0.0,-0.043500000000000004
1299,0,0,66,1,1.0,-2.0,1.0,0.0,-0.043500000000000004
1300,0,0,66,2,1.0,-2.0,1.0,0.0,-0.043500000000000004
1301,0,0,66,3,1.0,-2.0,1.0,0.0,-0.043500000000000004
1302,0,0,66,4,1.0,-2.0,1.0,0.0,-0.043500000000000004
1303,0,0,66,5,1.0,-2.0,1.0,0.0,-0.043500000000000004
1304,0,0,66,6,1.0,-2.0,1.0,0.0,-0.043500000000000004
1305,0,0,66,7,1.0,-2.0,1.0,0.0,-0.043500000000000004
1306,0,0,66,8,1.0,-2.0,1.0,0.0,-0.043500000000000004
1307,0,0,66,9,1.0,-2.0,1.0,0.0,-0.043500000000000004
1308,0,0,66,10,1.0,-2.0,1.0,0.0,-0.043500000000000004
1309,0,0,66,11,1.0,-2.0,1.0,0.0,-0.043500000000000004
1310,0,0,66,12,1.0,-2.0,1.0,0.0,-0.043500000000000004
1311,0,0,66,13,1.0,-2.0,1.0,0.0,-0.043500000000000004
1312,0,0,66,14,1.0,-2.0,1.0,0.0,-0.043500000000000004
1313,0,0,66,15,1.0,-2.0,1.0,0.0,-0.043500000000000004
1314,0,0,66,16,1.0,-2.0,1.0,0.0,-0.043500000000000004
1315,0,0,66,17,1.0,-2.0,1.0,0.0,-0.043500000000000004
1316,0,0,66,18,1.0,-2.0,1.0,0.0,-0.043500000000000004
1317,0,0,66,19,1.0,-2.0,1.0,0.0,-0.043500000000000004
1318,0,0,66,20,1.0,-2.0,1.0,0.0,-0.043500000000000004
1319,0,0,67,1,1.0,-2.0,1.0,0.0,-0.043500000000000004
1320,0,0,67,2,1.0,-2.0,1.0,0.0,-0.043500000000000004
1321,0,0,67,3,1.0,-2.0,1.0,0.0,-0.043500000000000004
1322,0,0,67,4,1.0,-2.0,1.0,0.0,-0.043500000000000004
1323,0,0,67,5,1.0,-2.0,1.0,0.0,-0.043500000000000004
1324,0,0,67,6,1.0,-2.0,1.0,0.0,-0.043500000000000004
1325,0,0,67,7,1.0,-2.0,1.0,0.0,-0.043500000000000004
1326,0,0,67,8,1.0,-2.0,1.0,0.0,-0.043500000000000004
1327,0,0,67,9,1.0,-2.0,1.0,0.0,-0.043500000000000004
1328,0,0,67,10,1.0,-2.0,1.0,0.0,-0.043500000000000004
1329,0,0,67,11,1.0,-2.0,1.0,0.0,-0.043500000000000004
1330,0,0,67,12,1.0,-2.0,1.0,0.0,-0.043500000000000004
1331,0,0,67,13,1.0,-1.9999998807907104,1.0,0.0,-0.04349999523162856
1332,0,0,67,14,1.0,-2.0,1.0,0.0,-0.043500000000000004
1333,0,0,67,15,1.0,-2.0,1.0,0.0,-0.043500000000000004
1334,0,0,67,16,1.0,-2.0,1.0,0.0,-0.043500000000000004
1335,0,0,67,17,1.0,-2.0,1.0,0.0,-0.043500000000000004
1336,0,0,67,18,1.0,-2.0,1.0,0.0,-0.043500000000000004
1337,0,0,67,19,1.0,-2.0,1.0,0.0,-0.043500000000000004
1338,0,0,67,20,1.0,-2.0,1.0,0.0,-0.043500000000000004
1339,0,0,68,1,1.0,-2.0,1.0,0.0,-0.043500000000000004
1340,0,0,68,2,1.0,-2.0,1.0,0.0,-0.043500000000000004
1341,0,0,68,3,1.0,-2.0,1.0,0.0,-0.043500000000000004
1342,0,0,68,4,1.0,-2.0,1.0,0.0,-0.043500000000000004
1343,0,0,68,5,1.0,-2.0,1.0,0.0,-0.043500000000000004
1344,0,0,68,6,1.0,-2.0,1.0,0.0,-0.043500000000000004
1345,0,0,68,7,1.0,-2.0,1.0,0.0,-0.043500000000000004
1346,0,0,68,8,1.0,-2.0,1.0,0.0,-0.043500000000000004
1347,0,0,68,9,1.0,-2.0,1.0,0.0,-0.043500000000000004
1348,0,0,68,10,1.0,-2.0,1.0,0.0,-0.043500000000000004
1349,0,0,68,11,1.0,-2.0,1.0,0.0,-0.043500000000000004
1350,0,0,68,12,1.0,-2.0,1.0,0.0,-0.043500000000000004
1351,0,0,68,13,1.0,-1.9999998807907104,1.0,0.0,-0.04349999523162856
1352,0,0,68,14,1.0,-2.0,1.0,0.0,-0.043500000000000004
1353,0,0,68,15,1.0,-2.0,1.0,0.0,-0.043500000000000004
1354,0,0,68,16,1.0,-2.0,1.0,0.0,-0.043500000000000004
1355,0,0,68,17,1.0,-2.0,1.0,0.0,-0.043500000000000004
1356,0,0,68,18,1.0,-2.0,1.0,0.0,-0.043500000000000004
1357,0,0,68,19,1.0,-2.0,1.0,0.0,-0.043500000000000004
1358,0,0,68,20,1.0,-2.0,1.0,0.0,-0.043500000000000004
1359,0,0,69,1,1.0,-2.0,1.0,0.0,-0.043500000000000004
1360,0,0,69,2,1.0,-2.0,1.0,0.0,-0.043500000000000004
1361,0,0,69,3,1.0,-2.0,1.0,0.0,-0.043500000000000004
1362,0,0,69,4,1.0,-2.0,1.0,0.0,-0.043500000000000004
1363,0,0,69,5,1.0,-2.0,1.0,0.0,-0.043500000000000004
1364,0,0,69,6,1.0,-2.0,1.0,0.0,-0.043500000000000004
1365,0,0,69,7,1.0,-2.0,1.0,0.0,-0.043500000000000004
1366,0,0,69,8,1.0,-2.0,1.0,0.0,-0.043500000000000004
1367,0,0,69,9,1.0,-2.0,1.0,0.0,-0.043500000000000004
1368,0,0,69,10,1.0,-2.0,1.0,0.0,-0.043500000000000004
1369,0,0,69,11,1.0,-2.0,1.0,0.0,-0.043500000000000004
1370,0,0,69,12,1.0,-2.0,1.0,0.0,-0.043500000000000004
1371,0,0,69,13,1.0,-1.9999998807907104,1.0,0.0,-0.04349999523162856
1372,0,0,69,14,1.0,-2.0,1.0,0.0,-0.043500000000000004
1373,0,0,69,15,1.0,-2.0,1.0,0.0,-0.043500000000000004
1374,0,0,69,16,1.0,-2.0,1.0,0.0,-0.043500000000000004
1375,0,0,69,17,1.0,-2.0,1.0,0.0,-0.043500000000000004
1376,0,0,69,18,1.0,-2.0,1.0,0.0,-0.043500000000000004
1377,0,0,69,19,1.0,-2.0,1.0,0.0,-0.043500000000000004
1378,0,0,69,20,1.0,-2.0,1.0,0.0,-0.043500000000000004
1379,0,0,70,1,1.0,-2.0,1.0,0.0,-0.043500000000000004
1380,0,0,70,2,1.0,-2.0,1.0,0.0,-0.043500000000000004
1381,0,0,70,3,1.0,-2.0,1.0,0.0,-0.043500000000000004
1382,0,0,70,4,1.0,-2.0,1.0,0.0,-0.043500000000000004
1383,0,0,70,5,1.0,-2.0,1.0,0.0,-0.043500000000000004
1384,0,0,70,6,1.0,-2.0,1.0,0.0,-0.043500000000000004
1385,0,0,70,7,1.0,-2.0,1.0,0.0,-0.043500000000000004
1386,0,0,70,8,1.0,-2.0,1.0,0.0,-0.043500000000000004
1387,0,0,70,9,1.0,-2.0,1.0,0.0,-0.043500000000000004
1388,0,0,70,10,1.0,-2.0,1.0,0.0,-0.043500000000000004
1389,0,0,70,11,1.0,-2.0,1.0,0.0,-0.043500000000000004
1390,0,0,70,12,1.0,-2.0,1.0,0.0,-0.043500000000000004
1391,0,0,70,13,1.0,-1.9999998807907104,1.0,0.0,-0.04349999523162856
1392,0,0,70,14,1.0,-2.0,1.0,0.0,-0.043500000000000004
1393,0,0,70,15,1.0,-2.0,1.0,0.0,-0.043500000000000004
1394,0,0,70,16,1.0,-2.0,1.0,0.0,-0.043500000000000004
1395,0,0,70,17,1.0,-2.0,1.0,0.0,-0.043500000000000004
1396,0,0,70,18,1.0,-2.0,1.0,0.0,-0.043500000000000004
1397,0,0,70,19,1.0,-2.0,1.0,0.0,-0.043500000000000004
1398,0,0,70,20,1.0,-2.0,1.0,0.0,-0.043500000000000004
1399,0,0,71,1,1.0,-2.0,1.0,0.0,-0.043500000000000004
1400,0,0,71,2,1.0,-2.0,1.0,0.0,-0.043500000000000004
1401,0,0,71,3,1.0,-2.0,1.0,0.0,-0.043500000000000004
1402,0,0,71,4,1.0,-2.0,1.0,0.0,-0.043500000000000004
1403,0,0,71,5,1.0,-2.0,1.0,0.0,-0.043500000000000004
1404,0,0,71,6,1.0,-2.0,1.0,0.0,-0.043500000000000004
1405,0,0,71,7,1.0,-2.0,1.0,0.0,-0.043500000000000004
1406,0,0,71,8,1.0,-2.0,1.0,0.0,-0.043500000000000004
1407,0,0,71,9,1.0,-2.0,1.0,0.0,-0.043500000000000004
1408,0,0,71,10,1.0,-2.0,1.0,0.0,-0.043500000000000004
1409,0,0,71,11,1.0,-2.0,1.0,0.0,-0.043500000000000004
1410,0,0,71,12,1.0,-2.0,1.0,0.0,-0.043500000000000004
1411,0,0,71,13,1.0,-1.9999998807907104,1.0,0.0,-0.04349999523162856
1412,0,0,71,14,1.0,-2.0,1.0,0.0,-0.043500000000000004
1413,0,0,71,15,1.0,-2.0,1.0,0.0,-0.043500000000000004
1414,0,0,71,16,1.0,-2.0,1.0,0.0,-0.043500000000000004
1415,0,0,71,17,1.0,-2.0,1.0,0.0,-0.043500000000000004
1416,0,0,71,18,1.0,-2.0,1.0,0.0,-0.043500000000000004
1417,0,0,71,19,1.0,-2.0,1.0,0.0,-0.043500000000000004
1418,0,0,71,20,1.0,-2.0,1.0,0.0,-0.043500000000000004
1419,0,0,72,1,1.0,-2.0,1.0,0.0,-0.043500000000000004
1420,0,0,72,2,1.0,-2.0,1.0,0.0,-0.043500000000000004
1421,0,0,72,3,1.0,-2.0,1.0,0.0,-0.043500000000000004
1422,0,0,72,4,1.0,-2.0,1.0,0.0,-0.043500000000000004
1423,0,0,72,5,1.0,-2.0,1.0,0.0,-0.043500000000000004
1424,0,0,72,6,1.0,-2.0,1.0,0.0,-0.043500000000000004
1425,0,0,72,7,1.0,-2.0,1.0,0.0,-0.043500000000000004
1426,0,0,72,8,1.0,-2.0,1.0,0.0,-0.043500000000000004
1427,0,0,72,9,1.0,-2.0,1.0,0.0,-0.043500000000000004
1428,0,0,72,10,1.0,-2.0,1.0,0.0,-0.043500000000000004
1429,0,0,72,11,1.0,-2.0,1.0,0.0,-0.043500000000000004
1430,0,0,72,12,1.0,-2.0,1.0,0.0,-0.043500000000000004
1431,0,0,72,13,1.0,-1.9999998807907104,1.0,0.0,-0.04349999523162856
1432,0,0,72,14,1.0,-2.0,1.0,0.0,-0.043500000000000004
1433,0,0,72,15,1.0,-2.0,1.0,0.0,-0.043500000000000004
1434,0,0,72,16,1.0,-2.0,1.0,0.0,-0.043500000000000004
1435,0,0,72,17,1.0,-2.0,1.0,0.0,-0.043500000000000004
1436,0,0,72,18,1.0,-2.0,1.0,0.0,-0.043500000000000004
1437,0,0,72,19,1.0,-2.0,1.0,0.0,-0.043500000000000004
1438,0,0,72,20,1.0,-2.0,1.0,0.0,-0.043500000000000004
1439,0,0,73,1,1.0,-2.0,1.0,0.0,-0.043500000000000004
1440,0,0,73,2,1.0,-2.0,1.0,0.0,-0.043500000000000004
1441,0,0,73,3,1.0,-2.0,1.0,0.0,-0.043500000000000004
1442,0,0,73,4,1.0,-2.0,1.0,0.0,-0.043500000000000004
1443,0,0,73,5,1.0,-2.0,1.0,0.0,-0.043500000000000004
1444,0,0,73,6,1.0,-2.0,1.0,0.0,-0.043500000000000004
1445,0,0,73,7,1.0,-2.0,1.0,0.0,-0.043500000000000004
1446,0,0,73,8,1.0,-2.0,1.0,0.0,-0.043500000000000004
1447,0,0,73,9,1.0,-2.0,1.0,0.0,-0.043500000000000004
1448,0,0,73,10,1.0,-2.0,1.0,0.0,-0.043500000000000004
1449,0,0,73,11,1.0,-2.0,1.0,0.0,-0.043500000000000004
1450,0,0,73,12,1.0,-2.0,1.0,0.0,-0.043500000000000004
1451,0,0,73,13,1.0,-1.9999998807907104,1.0,0.0,-0.04349999523162856
1452,0,0,73,14,1.0,-2.0,1.0,0.0,-0.043500000000000004
1453,0,0,73,15,1.0,-2.0,1.0,0.0,-0.043500000000000004
1454,0,0,73,16,1.0,-2.0,1.0,0.0,-0.043500000000000004
1455,0,0,73,17,1.0,-2.0,1.0,0.0,-0.043500000000000004
1456,0,0,73,18,1.0,-2.0,1.0,0.0,-0.043500000000000004
1457,0,0,73,19,1.0,-2.0,1.0,0.0,-0.043500000000000004
1458,0,0,73,20,1.0,-2.0,1.0,0.0,-0.043500000000000004
1459,0,0,74,1,1.0,-2.0,1.0,0.0,-0.043500000000000004
1460,0,0,74,2,1.0,-2.0,1.0,0.0,-0.043500000000000004
1461,0,0,74,3,1.0,-2.0,1.0,0.0,-0.043500000000000004
1462,0,0,74,4,1.0,-2.0,1.0,0.0,-0.043500000000000004
1463,0,0,74,5,1.0,-2.0,1.0,0.0,-0.043500000000000004
1464,0,0,74,6,1.0,-2.0,1.0,0.0,-0.043500000000000004
1465,0,0,74,7,1.0,-2.0,1.0,0.0,-0.043500000000000004
1466,0,0,74,8,1.0,-2.0,1.0,0.0,-0.043500000000000004
1467,0,0,74,9,1.0,-2.0,1.0,0.0,-0.043500000000000004
1468,0,0,74,10,1.0,-2.0,1.0,0.0,-0.043500000000000004
1469,0,0,74,11,1.0,-2.0,1.0,0.0,-0.043500000000000004
1470,0,0,74,12,1.0,-2.0,1.0,0.0,-0.043500000000000004
1471,0,0,74,13,1.0,-1.9999998807907104,1.0,0.0,-0.04349999523162856
1472,0,0,74,14,1.0,-2.0,1.0,0.0,-0.043500000000000004
1473,0,0,74,15,1.0,-2.0,1.0,0.0,-0.043500000000000004
1474,0,0,74,16,1.0,-2.0,1.0,0.0,-0.043500000000000004
1475,0,0,74,17,1.0,-2.0,1.0,0.0,-0.043500000000000004
1476,0,0,74,18,1.0,-2.0,1.0,0.0,-0.043500000000000004
1477,0,0,74,19,1.0,-2.0,1.0,0.0,-0.043500000000000004
1478,0,0,74,20,1.0,-2.0,1.0,0.0,-0.043500000000000004
1479,0,0,75,1,1.0,-2.0,1.0,0.0,-0.043500000000000004
1480,0,0,75,2,1.0,-2.0,1.0,0.0,-0.043500000000000004
1481,0,0,75,3,1.0,-2.0,1.0,0.0,-0.043500000000000004
1482,0,0,75,4,1.0,-2.0,1.0,0.0,-0.043500000000000004
1483,0,0,75,5,1.0,-2.0,1.0,0.0,-0.043500000000000004
1484,0,0,75,6,1.0,-2.0,1.0,0.0,-0.043500000000000004
1485,0,0,75,7,1.0,-2.0,1.0,0.0,-0.043500000000000004
1486,0,0,75,8,1.0,-2.0,1.0,0.0,-0.043500000000000004
1487,0,0,75,9,1.0,-2.0,1.0,0.0,-0.043500000000000004
1488,0,0,75,10,1.0,-2.0,1.0,0.0,-0.043500000000000004
1489,0,0,75,11,1.0,-2.0,1.0,0.0,-0.043500000000000004
1490,0,0,75,12,1.0,-2.0,1.0,0.0,-0.043500000000000004
1491,0,0,75,13,1.0,-2.0,1.0,0.0,-0.043500000000000004
1492,0,0,75,14,1.0,-2.0,1.0,0.0,-0.043500000000000004
1493,0,0,75,15,1.0,-2.0,1.0,0.0,-0.043500000000000004
1494,0,0,75,16,1.0,-2.0,1.0,0.0,-0.043500000000000004
1495,0,0,75,17,1.0,-2.0,1.0,0.0,-0.043500000000000004
1496,0,0,75,18,1.0,-2.0,1.0,0.0,-0.043500000000000004
1497,0,0,75,19,1.0,-2.0,1.0,0.0,-0.043500000000000004
1498,0,0,75,20,1.0,-2.0,1.0,0.0,-0.043500000000000004
1499,0,0,76,1,1.0,-2.0,1.0,0.0,-0.043500000000000004
1500,0,0,76,2,1.0,-2.0,1.0,0.0,-0.043500000000000004
1501,0,0,76,3,1.0,-2.0,1.0,0.0,-0.043500000000000004
1502,0,0,76,4,1.0,-2.0,1.0,0.0,-0.043500000000000004
1503,0,0,76,5,1.0,-2.0,1.0,0.0,-0.043500000000000004
1504,0,0,76,6,1.0,-2.0,1.0,0.0,-0.043500000000000004
1505,0,0,76,7,1.0,-2.0,1.0,0.0,-0.043500000000000004
1506,0,0,76,8,1.0,-2.0,1.0,0.0,-0.043500000000000004
1507,0,0,76,9,1.0,-2.0,1.0,0.0,-0.043500000000000004
1508,0,0,76,10,1.0,-2.0,1.0,0.0,-0.043500000000000004
1509,0,0,76,11,1.0,-2.0,1.0,0.0,-0.043500000000000004
1510,0,0,76,12,1.0,-2.0,1.0,0.0,-0.043500000000000004
1511,0,0,76,13,1.0,-2.0,1.0,0.0,-0.043500000000000004
1512,0,0,76,14,1.0,-2.0,1.0,0.0,-0.043500000000000004
1513,0,0,76,15,1.0,-2.0,1.0,0.0,-0.043500000000000004
1514,0,0,76,16,1.0,-2.0,1.0,0.0,-0.043500000000000004
1515,0,0,76,17,1.0,-2.0,1.0,0.0,-0.043500000000000004
1516,0,0,76,18,1.0,-2.0,1.0,0.0,-0.043500000000000004
1517,0,0,76,19,1.0,-2.0,1.0,0.0,-0.043500000000000004
1518,0,0,76,20,1.0,-2.0,1.0,0.0,-0.043500000000000004
1519,0,0,77,1,1.0,-2.0,1.0,0.0,-0.043500000000000004
1520,0,0,77,2,1.0,-2.0,1.0,0.0,-0.043500000000000004
1521,0,0,77,3,1.0,-2.0,1.0,0.0,-0.043500000000000004
1522,0,0,77,4,1.0,-2.0,1.0,0.0,-0.043500000000000004
1523,0,0,77,5,1.0,-2.0,1.0,0.0,-0.043500000000000004
1524,0,0,77,6,1.0,-2.0,1.0,0.0,-0.043500000000000004
1525,0,0,77,7,1.0,-2.0,1.0,0.0,-0.043500000000000004
1526,0,0,77,8,1.0,-2.0,1.0,0.0,-0.043500000000000004
1527,0,0,77,9,1.0,-2.0,1.0,0.0,-0.043500000000000004
1528,0,0,77,10,1.0,-2.0,1.0,0.0,-0.043500000000000004
1529,0,0,77,11,1.0,-2.0,1.0,0.0,-0.043500000000000004
1530,0,0,77,12,1.0,-2.0,1.0,0.0,-0.043500000000000004
1531,0,0,77,13,1.0,-2.0,1.0,0.0,-0.043500000000000004
1532,0,0,77,14,1.0,-2.0,1.0,0.0,-0.043500000000000004
1533,0,0,77,15,1.0,-2.0,1.0,0.0,-0.043500000000000004
1534,0,0,77,16,1.0,-2.0,1.0,0.0,-0.043500000000000004
1535,0,0,77,17,1.0,-2.0,1.0,0.0,-0.043500000000000004
1536,0,0,77,18,1.0,-2.0,1.0,0.0,-0.043500000000000004
1537,0,0,77,19,1.0,-2.0,1.0,0.0,-0.043500000000000004
1538,0,0,77,20,1.0,-2.0,1.0,0.0,-0.043500000000000004
1539,0,0,78,1,1.0,-2.0,1.0,0.0,-0.043500000000000004
1540,0,0,78,2,1.0,-2.0,1.0,0.0,-0.043500000000000004
1541,0,0,78,3,1.0,-2.0,1.0,0.0,-0.043500000000000004
1542,0,0,78,4,1.0,-2.0,1.0,0.0,-0.043500000000000004
1543,0,0,78,5,1.0,-2.0,1.0,0.0,-0.043500000000000004
1544,0,0,78,6,1.0,-2.0,1.0,0.0,-0.043500000000000004
1545,0,0,78,7,1.0,-2.0,1.0,0.0,-0.043500000000000004
1546,0,0,78,8,1.0,-2.0,1.0,0.0,-0.043500000000000004
1547,0,0,78,9,1.0,-2.0,1.0,0.0,-0.043500000000000004
1548,0,0,78,10,1.0,-2.0,1.0,0.0,-0.043500000000000004
1549,0,0,78,11,1.0,-2.0,1.0,0.0,-0.043500000000000004
1550,0,0,78,12,1.0,-2.0,1.0,0.0,-0.043500000000000004
1551,0,0,78,13,1.0,-2.0,1.0,0.0,-0.043500000000000004
1552,0,0,78,14,1.0,-2.0,1.0,0.0,-0.043500000000000004
1553,0,0,78,15,1.0,-2.0,1.0,0.0,-0.043500000000000004
1554,0,0,78,16,1.0,-2.0,1.0,0.0,-0.043500000000000004
1555,0,0,78,17,1.0,-2.0,1.0,0.0,-0.043500000000000004
1556,0,0,78,18,1.0,-2.0,1.0,0.0,-0.043500000000000004
1557,0,0,78,19,1.0,-2.0,1.0,0.0,-0.043500000000000004
1558,0,0,78,20,1.0,-2.0,1.0,0.0,-0.043500000000000004
1559,0,0,79,1,1.0,-2.0,1.0,0.0,-0.043500000000000004
1560,0,0,79,2,1.0,-2.0,1.0,0.0,-0.043500000000000004
1561,0,0,79,3,1.0,-2.0,1.0,0.0,-0.043500000000000004
1562,0,0,79,4,1.0,-2.0,1.0,0.0,-0.043500000000000004
1563,0,0,79,5,1.0,-2.0,1.0,0.0,-0.043500000000000004
1564,0,0,79,6,1.0,-2.0,1.0,0.0,-0.043500000000000004
1565,0,0,79,7,1.0,-2.0,1.0,0.0,-0.043500000000000004
1566,0,0,79,8,1.0,-2.0,1.0,0.0,-0.043500000000000004
1567,0,0,79,9,1.0,-2.0,1.0,0.0,-0.043500000000000004
1568,0,0,79,10,1.0,-2.0,1.0,0.0,-0.043500000000000004
1569,0,0,79,11,1.0,-2.0,1.0,0.0,-0.043500000000000004
1570,0,0,79,12,1.0,-2.0,1.0,0.0,-0.043500000000000004
1571,0,0,79,13,1.0,-2.0,1.0,0.0,-0.043500000000000004
1572,0,0,79,14,1.0,-2.0,1.0,0.0,-0.043500000000000004
1573,0,0,79,15,1.0,-2.0,1.0,0.0,-0.043500000000000004
1574,0,0,79,16,1.0,-2.0,1.0,0.0,-0.043500000000000004
1575,0,0,79,17,1.0,-2.0,1.0,0.0,-0.043500000000000004
1576,0,0,79,18,1.0,-2.0,1.0,0.0,-0.043500000000000004
1577,0,0,79,19,1.0,-2.0,1.0,0.0,-0.043500000000000004
1578,0,0,79,20,1.0,-2.0,1.0,0.0,-0.043500000000000004
1579,0,0,80,1,1.0,-2.0,1.0,0.0,-0.043500000000000004
1580,0,0,80,2,1.0,-2.0,1.0,0.0,-0.043500000000000004
1581,0,0,80,3,1.0,-2.0,1.0,0.0,-0.043500000000000004
1582,0,0,80,4,1.0,-2.0,1.0,0.0,-0.043500000000000004
1583,0,0,80,5,1.0,-2.0,1.0,0.0,-0.043500000000000004
1584,0,0,80,6,1.0,-2.0,1.0,0.0,-0.043500000000000004
1585,0,0,80,7,1.0,-2.0,1.0,0.0,-0.043500000000000004
1586,0,0,80,8,1.0,-2.0,1.0,0.0,-0.043500000000000004
1587,0,0,80,9,1.0,-2.0,1.0,0.0,-0.043500000000000004
1588,0,0,80,10,1.0,-2.0,1.0,0.0,-0.043500000000000004
1589,0,0,80,11,1.0,-2.0,1.0,0.0,-0.043500000000000004
1590,0,0,80,12,1.0,-2.0,1.0,0.0,-0.043500000000000004
1591,0,0,80,13,1.0,-2.0,1.0,0.0,-0.043500000000000004
1592,0,0,80,14,1.0,-2.0,1.0,0.0,-0.043500000000000004
1593,0,0,80,15,1.0,-2.0,1.0,0.0,-0.043500000000000004
1594,0,0,80,16,1.0,-2.0,1.0,0.0,-0.043500000000000004
1595,0,0,80,17,1.0,-2.0,1.0,0.0,-0.043500000000000004
1596,0,0,80,18,1.0,-2.0,1.0,0.0,-0.043500000000000004
1597,0,0,80,19,1.0,-2.0,1.0,0.0,-0.043500000000000004
1598,0,0,80,20,1.0,-2.0,1.0,0.0,-0.043500000000000004
1599,0,0,81,1,1.0,-2.0,1.0,0.0,-0.043500000000000004
1600,0,0,81,2,1.0,-2.0,1.0,0.0,-0.043500000000000004
1601,0,0,81,3,1.0,-2.0,1.0,0.0,-0.043500000000000004
1602,0,0,81,4,1.0,-2.0,1.0,0.0,-0.043500000000000004
1603,0,0,81,5,1.0,-2.0,1.0,0.0,-0.043500000000000004
1604,0,0,81,6,1.0,-2.0,1.0,0.0,-0.043500000000000004
1605,0,0,81,7,1.0,-2.0,1.0,0.0,-0.043500000000000004
1606,0,0,81,8,1.0,-2.0,1.0,0.0,-0.043500000000000004
1607,0,0,81,9,1.0,-2.0,1.0,0.0,-0.043500000000000004
1608,0,0,81,10,1.0,-2.0,1.0,0.0,-0.043500000000000004
1609,0,0,81,11,1.0,-2.0,1.0,0.0,-0.043500000000000004
1610,0,0,81,12,1.0,-2.0,1.0,0.0,-0.043500000000000004
1611,0,0,81,13,1.0,-2.0,1.0,0.0,-0.043500000000000004
1612,0,0,81,14,1.0,-2.0,1.0,0.0,-0.043500000000000004
1613,0,0,81,15,1.0,-2.0,1.0,0.0,-0.043500000000000004
1614,0,0,81,16,1.0,-2.0,1.0,0.0,-0.043500000000000004
1615,0,0,81,17,1.0,-2.0,1.0,0.0,-0.043500000000000004
1616,0,0,81,18,1.0,-2.0,1.0,0.0,-0.043500000000000004
1617,0,0,81,19,1.0,-2.0,1.0,0.0,-0.043500000000000004
1618,0,0,81,20,1.0,-2.0,1.0,0.0,-0.043500000000000004
1619,0,0,82,1,1.0,-2.0,1.0,0.0,-0.043500000000000004
1620,0,0,82,2,1.0,-2.0,1.0,0.0,-0.043500000000000004
1621,0,0,82,3,1.0,-2.0,1.0,0.0,-0.043500000000000004
1622,0,0,82,4,1.0,-2.0,1.0,0.0,-0.043500000000000004
1623,0,0,82,5,1.0,-2.0,1.0,0.0,-0.043500000000000004
1624,0,0,82,6,1.0,-2.0,1.0,0.0,-0.043500000000000004
1625,0,0,82,7,1.0,-2.0,1.0,0.0,-0.043500000000000004
1626,0,0,82,8,1.0,-2.0,1.0,0.0,-0.043500000000000004
1627,0,0,82,9,1.0,-2.0,1.0,0.0,-0.043500000000000004
1628,0,0,82,10,1.0,-2.0,1.0,0.0,-0.043500000000000004
1629,0,0,82,11,1.0,-2.0,1.0,0.0,-0.043500000000000004
1630,0,0,82,12,1.0,-2.0,1.0,0.0,-0.043500000000000004
1631,0,0,82,13,1.0,-2.0,1.0,0.0,-0.043500000000000004
1632,0,0,82,14,1.0,-2.0,1.0,0.0,-0.043500000000000004
1633,0,0,82,15,1.0,-2.0,1.0,0.0,-0.043500000000000004
1634,0,0,82,16,1.0,-2.0,1.0,0.0,-0.043500000000000004
1635,0,0,82,17,1.0,-2.0,1.0,0.0,-0.043500000000000004
1636,0,0,82,18,1.0,-2.0,1.0,0.0,-0.043500000000000004
1637,0,0,82,19,1.0,-2.0,1.0,0.0,-0.043500000000000004
1638,0,0,82,20,1.0,-2.0,1.0,0.0,-0.043500000000000004
1639,0,0,83,1,1.0,-2.0,1.0,0.0,-0.043500000000000004
1640,0,0,83,2,1.0,-2.0,1.0,0.0,-0.043500000000000004
1641,0,0,83,3,1.0,-2.0,1.0,0.0,-0.043500000000000004
1642,0,0,83,4,1.0,-2.0,1.0,0.0,-0.043500000000000004
1643,0,0,83,5,1.0,-2.0,1.0,0.0,-0.043500000000000004
1644,0,0,83,6,1.0,-2.0,1.0,0.0,-0.043500000000000004
1645,0,0,83,7,1.0,-2.0,1.0,0.0,-0.043500000000000004
1646,0,0,83,8,1.0,-2.0,1.0,0.0,-0.043500000000000004
1647,0,0,83,9,1.0,-2.0,1.0,0.0,-0.043500000000000004
1648,0,0,83,10,1.0,-2.0,1.0,0.0,-0.043500000000000004
1649,0,0,83,11,1.0,-2.0,1.0,0.0,-0.043500000000000004
1650,0,0,83,12,1.0,-2.0,1.0,0.0,-0.043500000000000004
1651,0,0,83,13,1.0,-1.9999998807907104,1.0,0.0,-0.04349999523162856
1652,0,0,83,14,1.0,-2.0,1.0,0.0,-0.043500000000000004
1653,0,0,83,15,1.0,-2.0,1.0,0.0,-0.043500000000000004
1654,0,0,83,16,1.0,-2.0,1.0,0.0,-0.043500000000000004
1655,0,0,83,17,1.0,-2.0,1.0,0.0,-0.043500000000000004
1656,0,0,83,18,1.0,-2.0,1.0,0.0,-0.043500000000000004
1657,0,0,83,19,1.0,-2.0,1.0,0.0,-0.043500000000000004
1658,0,0,83,20,1.0,-2.0,1.0,0.0,-0.043500000000000004
1659,0,0,84,1,1.0,-2.0,1.0,0.0,-0.043500000000000004
1660,0,0,84,2,1.0,-2.0,1.0,0.0,-0.043500000000000004
1661,0,0,84,3,1.0,-2.0,1.0,0.0,-0.043500000000000004
1662,0,0,84,4,1.0,-2.0,1.0,0.0,-0.043500000000000004
1663,0,0,84,5,1.0,-2.0,1.0,0.0,-0.043500000000000004
1664,0,0,84,6,1.0,-2.0,1.0,0.0,-0.043500000000000004
1665,0,0,84,7,1.0,-2.0,1.0,0.0,-0.043500000000000004
1666,0,0,84,8,1.0,-2.0,1.0,0.0,-0.043500000000000004
1667,0,0,84,9,1.0,-2.0,1.0,0.0,-0.043500000000000004
1668,0,0,84,10,1.0,-2.0,1.0,0.0,-0.043500000000000004
1669,0,0,84,11,1.0,-2.0,1.0,0.0,-0.043500000000000004
1670,0,0,84,12,1.0,-2.0,1.0,0.0,-0.043500000000000004
1671,0,0,84,13,1.0,-1.9999998807907104,1.0,0.0,-0.04349999523162856
1672,0,0,84,14,1.0,-2.0,1.0,0.0,-0.043500000000000004
1673,0,0,84,15,1.0,-2.0,1.0,0.0,-0.043500000000000004
1674,0,0,84,16,1.0,-2.0,1.0,0.0,-0.043500000000000004
1675,0,0,84,17,1.0,-2.0,1.0,0.0,-0.043500000000000004
1676,0,0,84,18,1.0,-2.0,1.0,0.0,-0.043500000000000004
1677,0,0,84,19,1.0,-2.0,1.0,0.0,-0.043500000000000004
1678,0,0,84,20,1.0,-2.0,1.0,0.0,-0.043500000000000004
1679,0,0,85,1,1.0,-2.0,1.0,0.0,-0.043500000000000004
1680,0,0,85,2,1.0,-2.0,1.0,0.0,-0.043500000000000004
1681,0,0,85,3,1.0,-2.0,1.0,0.0,-0.043500000000000004
1682,0,0,85,4,1.0,-2.0,1.0,0.0,-0.043500000000000004
1683,0,0,85,5,1.0,-2.0,1.0,0.0,-0.043500000000000004
1684,0,0,85,6,1.0,-2.0,1.0,0.0,-0.043500000000000004
1685,0,0,85,7,1.0,-2.0,1.0,0.0,-0.043500000000000004
1686,0,0,85,8,1.0,-2.0,1.0,0.0,-0.043500000000000004
1687,0,0,85,9,1.0,-2.0,1.0,0.0,-0.043500000000000004
1688,0,0,85,10,1.0,-2.0,1.0,0.0,-0.043500000000000004
1689,0,0,85,11,1.0,-2.0,1.0,0.0,-0.043500000000000004
1690,0,0,85,12,1.0,-2.0,1.0,0.0,-0.043500000000000004
1691,0,0,85,13,1.0,-1.9999998807907104,1.0,0.0,-0.04349999523162856
1692,0,0,85,14,1.0,-2.0,1.0,0.0,-0.043500000000000004
1693,0,0,85,15,1.0,-2.0,1.0,0.0,-0.043500000000000004
1694,0,0,85,16,1.0,-2.0,1.0,0.0,-0.043500000000000004
1695,0,0,85,17,1.0,-2.0,1.0,0.0,-0.043500000000000004
1696,0,0,85,18,1.0,-2.0,1.0,0.0,-0.043500000000000004
1697,0,0,85,19,1.0,-2.0,1.0,0.0,-0.043500000000000004
1698,0,0,85,20,1.0,-2.0,1.0,0.0,-0.043500000000000004
1699,0,0,86,1,1.0,-2.0,1.0,0.0,-0.043500000000000004
1700,0,0,86,2,1.0,-2.0,1.0,0.0,-0.043500000000000004
1701,0,0,86,3,1.0,-2.0,1.0,0.0,-0.043500000000000004
1702,0,0,86,4,1.0,-2.0,1.0,0.0,-0.043500000000000004
1703,0,0,86,5,1.0,-2.0,1.0,0.0,-0.043500000000000004
1704,0,0,86,6,1.0,-2.0,1.0,0.0,-0.043500000000000004
1705,0,0,86,7,1.0,-2.0,1.0,0.0,-0.043500000000000004
1706,0,0,86,8,1.0,-2.0,1.0,0.0,-0.043500000000000004
1707,0,0,86,9,1.0,-2.0,1.0,0.0,-0.043500000000000004
1708,0,0,86,10,1.0,-2.0,1.0,0.0,-0.043500000000000004
1709,0,0,86,11,1.0,-2.0,1.0,0.0,-0.043500000000000004
1710,0,0,86,12,1.0,-2.0,1.0,0.0,-0.043500000000000004
1711,0,0,86,13,1.0,-1.9999998807907104,1.0,0.0,-0.04349999523162856
1712,0,0,86,14,1.0,-2.0,1.0,0.0,-0.043500000000000004
1713,0,0,86,15,1.0,-2.0,1.0,0.0,-0.043500000000000004
1714,0,0,86,16,1.0,-2.0,1.0,0.0,-0.043500000000000004
1715,0,0,86,17,1.0,-2.0,1.0,0.0,-0.043500000000000004
1716,0,0,86,18,1.0,-2.0,1.0,0.0,-0.043500000000000004
1717,0,0,86,19,1.0,-2.0,1.0,0.0,-0.043500000000000004
1718,0,0,86,20,1.0,-2.0,1.0,0.0,-0.043500000000000004
1719,0,0,87,1,1.0,-2.0,1.0,0.0,-0.043500000000000004
1720,0,0,87,2,1.0,-2.0,1.0,0.0,-0.043500000000000004
1721,0,0,87,3,1.0,-2.0,1.0,0.0,-0.043500000000000004
1722,0,0,87,4,1.0,-2.0,1.0,0.0,-0.043500000000000004
1723,0,0,87,5,1.0,-2.0,1.0,0.0,-0.043500000000000004
1724,0,0,87,6,1.0,-2.0,1.0,0.0,-0.043500000000000004
1725,0,0,87,7,1.0,-2.0,1.0,0.0,-0.043500000000000004
1726,0,0,87,8,1.0,-2.0,1.0,0.0,-0.043500000000000004
1727,0,0,87,9,1.0,-2.0,1.0,0.0,-0.043500000000000004
1728,0,0,87,10,1.0,-2.0,1.0,0.0,-0.043500000000000004
1729,0,0,87,11,1.0,-2.0,1.0,0.0,-0.043500000000000004
1730,0,0,87,12,1.0,-2.0,1.0,0.0,-0.043500000000000004
1731,0,0,87,13,1.0,-1.9999998807907104,1.0,0.0,-0.04349999523162856
1732,0,0,87,14,1.0,-2.0,1.0,0.0,-0.043500000000000004
1733,0,0,87,15,1.0,-2.0,1.0,0.0,-0.043500000000000004
1734,0,0,87,16,1.0,-2.0,1.0,0.0,-0.043500000000000004
1735,0,0,87,17,1.0,-2.0,1.0,0.0,-0.043500000000000004
1736,0,0,87,18,1.0,-2.0,1.0,0.0,-0.043500000000000004
1737,0,0,87,19,1.0,-2.0,1.0,0.0,-0.043500000000000004
1738,0,0,87,20,1.0,-2.0,1.0,0.0,-0.043500000000000004
1739,0,0,88,1,1.0,-2.0,1.0,0.0,-0.043500000000000004
1740,0,0,88,2,1.0,-2.0,1.0,0.0,-0.043500000000000004
1741,0,0,88,3,1.0,-2.0,1.0,0.0,-0.043500000000000004
1742,0,0,88,4,1.0,-2.0,1.0,0.0,-0.043500000000000004
1743,0,0,88,5,1.0,-2.0,1.0,0.0,-0.043500000000000004
1744,0,0,88,6,1.0,-2.0,1.0,0.0,-0.043500000000000004
1745,0,0,88,7,1.0,-2.0,1.0,0.0,-0.043500000000000004
1746,0,0,88,8,1.0,-2.0,1.0,0.0,-0.043500000000000004
1747,0,0,88,9,1.0,-2.0,1.0,0.0,-0.043500000000000004
1748,0,0,88,10,1.0,-2.0,1.0,0.0,-0.043500000000000004
1749,0,0,88,11,1.0,-2.0,1.0,0.0,-0.043500000000000004
1750,0,0,88,12,1.0,-2.0,1.0,0.0,-0.043500000000000004
1751,0,0,88,13,1.0,-1.9999998807907104,1.0,0.0,-0.04349999523162856
1752,0,0,88,14,1.0,-2.0,1.0,0.0,-0.043500000000000004
1753,0,0,88,15,1.0,-2.0,1.0,0.0,-0.043500000000000004
1754,0,0,88,16,1.0,-2.0,1.0,0.0,-0.043500000000000004
1755,0,0,88,17,1.0,-2.0,1.0,0.0,-0.043500000000000004
1756,0,0,88,18,1.0,-2.0,1.0,0.0,-0.043500000000000004
1757,0,0,88,19,1.0,-2.0,1.0,0.0,-0.043500000000000004
1758,0,0,88,20,1.0,-2.0,1.0,0.0,-0.043500000000000004
1759,0,0,89,1,1.0,-2.0,1.0,0.0,-0.043500000000000004
1760,0,0,89,2,1.0,-2.0,1.0,0.0,-0.043500000000000004
1761,0,0,89,3,1.0,-2.0,1.0,0.0,-0.043500000000000004
1762,0,0,89,4,1.0,-2.0,1.0,0.0,-0.043500000000000004
1763,0,0,89,5,1.0,-2.0,1.0,0.0,-0.043500000000000004
1764,0,0,89,6,1.0,-2.0,1.0,0.0,-0.043500000000000004
1765,0,0,89,7,1.0,-2.0,1.0,0.0,-0.043500000000000004
1766,0,0,89,8,1.0,-2.0,1.0,0.0,-0.043500000000000004
1767,0,0,89,9,1.0,-2.0,1.0,0.0,-0.043500000000000004
1768,0,0,89,10,1.0,-2.0,1.0,0.0,-0.043500000000000004
1769,0,0,89,11,1.0,-2.0,1.0,0.0,-0.043500000000000004
1770,0,0,89,12,1.0,-2.0,1.0,0.0,-0.043500000000000004
1771,0,0,89,13,1.0,-1.9999998807907104,1.0,0.0,-0.04349999523162856
1772,0,0,89,14,1.0,-2.0,1.0,0.0,-0.043500000000000004
1773,0,0,89,15,1.0,-2.0,1.0,0.0,-0.043500000000000004
1774,0,0,89,16,1.0,-2.0,1.0,0.0,-0.043500000000000004
1775,0,0,89,17,1.0,-2.0,1.0,0.0,-0.043500000000000004
1776,0,0,89,18,1.0,-2.0,1.0,0.0,-0.043500000000000004
1777,0,0,89,19,1.0,-2.0,1.0,0.0,-0.043500000000000004
1778,0,0,89,20,1.0,-2.0,1.0,0.0,-0.043500000000000004
1779,0,0,90,1,1.0,-2.0,1.0,0.0,-0.043500000000000004
1780,0,0,90,2,1.0,-2.0,1.0,0.0,-0.043500000000000004
1781,0,0,90,3,1.0,-2.0,1.0,0.0,-0.043500000000000004
1782,0,0,90,4,1.0,-2.0,1.0,0.0,-0.043500000000000004
1783,0,0,90,5,1.0,-2.0,1.0,0.0,-0.043500000000000004
1784,0,0,90,6,1.0,-2.0,1.0,0.0,-0.043500000000000004
1785,0,0,90,7,1.0,-2.0,1.0,0.0,-0.043500000000000004
1786,0,0,90,8,1.0,-2.0,1.0,0.0,-0.043500000000000004
1787,0,0,90,9,1.0,-2.0,1.0,0.0,-0.043500000000000004
1788,0,0,90,10,1.0,-2.0,1.0,0.0,-0.043500000000000004
1789,0,0,90,11,1.0,-2.0,1.0,0.0,-0.043500000000000004
1790,0,0,90,12,1.0,-2.0,1.0,0.0,-0.043500000000000004
1791,0,0,90,13,1.0,-2.0,1.0,0.0,-0.043500000000000004
1792,0,0,90,14,1.0,-2.0,1.0,0.0,-0.043500000000000004
1793,0,0,90,15,1.0,-2.0,1.0,0.0,-0.043500000000000004
1794,0,0,90,16,1.0,-2.0,1.0,0.0,-0.043500000000000004
1795,0,0,90,17,1.0,-2.0,1.0,0.0,-0.043500000000000004
1796,0,0,90,18,1.0,-2.0,1.0,0.0,-0.043500000000000004
1797,0,0,90,19,1.0,-2.0,1.0,0.0,-0.043500000000000004
1798,0,0,90,20,1.0,-2.0,1.0,0.0,-0.043500000000000004
1799,0,0,91,1,1.0,-2.0,1.0,0.0,-0.043500000000000004
1800,0,0,91,2,1.0,-2.0,1.0,0.0,-0.043500000000000004
1801,0,0,91,3,1.0,-2.0,1.0,0.0,-0.043500000000000004
1802,0,0,91,4,1.0,-2.0,1.0,0.0,-0.043500000000000004
1803,0,0,91,5,1.0,-2.0,1.0,0.0,-0.043500000000000004
1804,0,0,91,6,1.0,-2.0,1.0,0.0,-0.043500000000000004
1805,0,0,91,7,1.0,-2.0,1.0,0.0,-0.043500000000000004
1806,0,0,91,8,1.0,-2.0,1.0,0.0,-0.043500000000000004
1807,0,0,91,9,1.0,-2.0,1.0,0.0,-0.043500000000000004
1808,0,0,91,10,1.0,-2.0,1.0,0.0,-0.043500000000000004
1809,0,0,91,11,1.0,-2.0,1.0,0.0,-0.043500000000000004
1810,0,0,91,12,1.0,-2.0,1.0,0.0,-0.043500000000000004
1811,0,0,91,13,1.0,-2.0,1.0,0.0,-0.043500000000000004
1812,0,0,91,14,1.0,-2.0,1.0,0.0,-0.043500000000000004
1813,0,0,91,15,1.0,-2.0,1.0,0.0,-0.043500000000000004
1814,0,0,91,16,1.0,-2.0,1.0,0.0,-0.043500000000000004
1815,0,0,91,17,1.0,-2.0,1.0,0.0,-0.043500000000000004
1816,0,0,91,18,1.0,-2.0,1.0,0.0,-0.043500000000000004
1817,0,0,91,19,1.0,-2.0,1.0,0.0,-0.043500000000000004
1818,0,0,91,20,1.0,-2.0,1.0,0.0,-0.043500000000000004
1819,0,0,92,1,1.0,-2.0,1.0,0.0,-0.043500000000000004
1820,0,0,92,2,1.0,-2.0,1.0,0.0,-0.043500000000000004
1821,0,0,92,3,1.0,-2.0,1.0,0.0,-0.043500000000000004
1822,0,0,92,4,1.0,-2.0,1.0,0.0,-0.043500000000000004
1823,0,0,92,5,1.0,-2.0,1.0,0.0,-0.043500000000000004
1824,0,0,92,6,1.0,-2.0,1.0,0.0,-0.043500000000000004
1825,0,0,92,7,1.0,-2.0,1.0,0.0,-0.043500000000000004
1826,0,0,92,8,1.0,-2.0,1.0,0.0,-0.043500000000000004
1827,0,0,92,9,1.0,-2.0,1.0,0.0,-0.043500000000000004
1828,0,0,92,10,1.0,-2.0,1.0,0.0,-0.043500000000000004
1829,0,0,92,11,1.0,-2.0,1.0,0.0,-0.043500000000000004
1830,0,0,92,12,1.0,-2.0,1.0,0.0,-0.043500000000000004
1831,0,0,92,13,1.0,-2.0,1.0,0.0,-0.043500000000000004
1832,0,0,92,14,1.0,-2.0,1.0,0.0,-0.043500000000000004
1833,0,0,92,15,1.0,-2.0,1.0,0.0,-0.043500000000000004
1834,0,0,92,16,1.0,-2.0,1.0,0.0,-0.043500000000000004
1835,0,0,92,17,1.0,-2.0,1.0,0.0,-0.043500000000000004
1836,0,0,92,18,1.0,-2.0,1.0,0.0,-0.043500000000000004
1837,0,0,92,19,1.0,-2.0,1.0,0.0,-0.043500000000000004
1838,0,0,92,20,1.0,-2.0,1.0,0.0,-0.043500000000000004
1839,0,0,93,1,1.0,-2.0,1.0,0.0,-0.043500000000000004
1840,0,0,93,2,1.0,-2.0,1.0,0.0,-0.043500000000000004
1841,0,0,93,3,1.0,-2.0,1.0,0.0,-0.043500000000000004
1842,0,0,93,4,1.0,-2.0,1.0,0.0,-0.043500000000000004
1843,0,0,93,5,1.0,-2.0,1.0,0.0,-0.043500000000000004
1844,0,0,93,6,1.0,-2.0,1.0,0.0,-0.043500000000000004
1845,0,0,93,7,1.0,-2.0,1.0,0.0,-0.043500000000000004
1846,0,0,93,8,1.0,-2.0,1.0,0.0,-0.043500000000000004
1847,0,0,93,9,1.0,-2.0,1.0,0.0,-0.043500000000000004
1848,0,0,93,10,1.0,-2.0,1.0,0.0,-0.043500000000000004
1849,0,0,93,11,1.0,-2.0,1.0,0.0,-0.043500000000000004
1850,0,0,93,12,1.0,-2.0,1.0,0.0,-0.043500000000000004
1851,0,0,93,13,1.0,-2.0,1.0,0.0,-0.043500000000000004
1852,0,0,93,14,1.0,-2.0,1.0,0.0,-0.043500000000000004
1853,0,0,93,15,1.0,-2.0,1.0,0.0,-0.043500000000000004
1854,0,0,93,16,1.0,-2.0,1.0,0.0,-0.043500000000000004
1855,0,0,93,17,1.0,-2.0,1.0,0.0,-0.043500000000000004
1856,0,0,93,18,1.0,-2.0,1.0,0.0,-0.043500000000000004
1857,0,0,93,19,1.0,-2.0,1.0,0.0,-0.043500000000000004
1858,0,0,93,20,1.0,-2.0,1.0,0.0,-0.043500000000000004
1859,0,0,94,1,1.0,-2.0,1.0,0.0,-0.043500000000000004
1860,0,0,94,2,1.0,-2.0,1.0,0.0,-0.043500000000000004
1861,0,0,94,3,1.0,-2.0,1.0,0.0,-0.043500000000000004
1862,0,0,94,4,1.0,-2.0,1.0,0.0,-0.043500000000000004
1863,0,0,94,5,1.0,-2.0,1.0,0.0,-0.043500000000000004
1864,0,0,94,6,1.0,-2.0,1.0,0.0,-0.043500000000000004
1865,0,0,94,7,1.0,-2.0,1.0,0.0,-0.043500000000000004
1866,0,0,94,8,1.0,-2.0,1.0,0.0,-0.043500000000000004
1867,0,0,94,9,1.0,-2.0,1.0,0.0,-0.043500000000000004
1868,0,0,94,10,1.0,-2.0,1.0,0.0,-0.043500000000000004
1869,0,0,94,11,1.0,-2.0,1.0,0.0,-0.043500000000000004
1870,0,0,94,12,1.0,-2.0,1.0,0.0,-0.043500000000000004
1871,0,0,94,13,1.0,-2.0,1.0,0.0,-0.043500000000000004
1872,0,0,94,14,1.0,-2.0,1.0,0.0,-0.043500000000000004
1873,0,0,94,15,1.0,-2.0,1.0,0.0,-0.043500000000000004
1874,0,0,94,16,1.0,-2.0,1.0,0.0,-0.043500000000000004
1875,0,0,94,17,1.0,-2.0,1.0,0.0,-0.043500000000000004
1876,0,0,94,18,1.0,-2.0,1.0,0.0,-0.043500000000000004
1877,0,0,94,19,1.0,-2.0,1.0,0.0,-0.043500000000000004
1878,0,0,94,20,1.0,-2.0,1.0,0.0,-0.043500000000000004
1879,0,0,95,1,1.0,-2.0,1.0,0.0,-0.043500000000000004
1880,0,0,95,2,1.0,-2.0,1.0,0.0,-0.043500000000000004
1881,0,0,95,3,1.0,-2.0,1.0,0.0,-0.043500000000000004
1882,0,0,95,4,1.0,-2.0,1.0,0.0,-0.043500000000000004
1883,0,0,95,5,1.0,-2.0,1.0,0.0,-0.043500000000000004
1884,0,0,95,6,1.0,-2.0,1.0,0.0,-0.043500000000000004
1885,0,0,95,7,1.0,-2.0,1.0,0.0,-0.043500000000000004
1886,0,0,95,8,1.0,-2.0,1.0,0.0,-0.043500000000000004
1887,0,0,95,9,1.0,-2.0,1.0,0.0,-0.043500000000000004
1888,0,0,95,10,1.0,-2.0,1.0,0.0,-0.043500000000000004
1889,0,0,95,11,1.0,-2.0,1.0,0.0,-0.043500000000000004
1890,0,0,95,12,1.0,-2.0,1.0,0.0,-0.043500000000000004
1891,0,0,95,13,1.0,-2.0,1.0,0.0,-0.043500000000000004
1892,0,0,95,14,1.0,-2.0,1.0,0.0,-0.043500000000000004
1893,0,0,95,15,1.0,-2.0,1.0,0.0,-0.043500000000000004
1894,0,0,95,16,1.0,-2.0,1.0,0.0,-0.043500000000000004
1895,0,0,95,17,1.0,-2.0,1.0,0.0,-0.043500000000000004
1896,0,0,95,18,1.0,-2.0,1.0,0.0,-0.043500000000000004
1897,0,0,95,19,1.0,-2.0,1.0,0.0,-0.043500000000000004
1898,0,0,95,20,1.0,-2.0,1.0,0.0,-0.043500000000000004
1899,0,0,96,1,1.0,-2.0,1.0,0.0,-0.043500000000000004
1900,0,0,96,2,1.0,-2.0,1.0,0.0,-0.043500000000000004
1901,0,0,96,3,1.0,-2.0,1.0,0.0,-0.043500000000000004
1902,0,0,96,4,1.0,-2.0,1.0,0.0,-0.043500000000000004
1903,0,0,96,5,1.0,-2.0,1.0,0.0,-0.043500000000000004
1904,0,0,96,6,1.0,-2.0,1.0,0.0,-0.043500000000000004
1905,0,0,96,7,1.0,-2.0,1.0,0.0,-0.043500000000000004
1906,0,0,96,8,1.0,-2.0,1.0,0.0,-0.043500000000000004
1907,0,0,96,9,1.0,-2.0,1.0,0.0,-0.043500000000000004
1908,0,0,96,10,1.0,-2.0,1.0,0.0,-0.043500000000000004
1909,0,0,96,11,1.0,-2.0,1.0,0.0,-0.043500000000000004
1910,0,0,96,12,1.0,-2.0,1.0,0.0,-0.043500000000000004
1911,0,0,96,13,1.0,-2.0,1.0,0.0,-0.043500000000000004
1912,0,0,96,14,1.0,-2.0,1.0,0.0,-0.043500000000000004
1913,0,0,96,15,1.0,-2.0,1.0,0.0,-0.043500000000000004
1914,0,0,96,16,1.0,-2.0,1.0,0.0,-0.043500000000000004
1915,0,0,96,17,1.0,-2.0,1.0,0.0,-0.043500000000000004
1916,0,0,96,18,1.0,-2.0,1.0,0.0,-0.043500000000000004
1917,0,0,96,19,1.0,-2.0,1.0,0.0,-0.043500000000000004
1918,0,0,96,20,1.0,-2.0,1.0,0.0,-0.043500000000000004
1919,0,0,97,1,1.0,-2.0,1.0,0.0,-0.043500000000000004
1920,0,0,97,2,1.0,-2.0,1.0,0.0,-0.043500000000000004
1921,0,0,97,3,1.0,-2.0,1.0,0.0,-0.043500000000000004
1922,0,0,97,4,1.0,-2.0,1.0,0.0,-0.043500000000000004
1923,0,0,97,5,1.0,-2.0,1.0,0.0,-0.043500000000000004
1924,0,0,97,6,1.0,-2.0,1.0,0.0,-0.043500000000000004
1925,0,0,97,7,1.0,-2.0,1.0,0.0,-0.043500000000000004
1926,0,0,97,8,1.0,-2.0,1.0,0.0,-0.043500000000000004
1927,0,0,97,9,1.0,-2.0,1.0,0.0,-0.043500000000000004
1928,0,0,97,10,1.0,-2.0,1.0,0.0,-0.043500000000000004
1929,0,0,97,11,1.0,-2.0,1.0,0.0,-0.043500000000000004
1930,0,0,97,12,1.0,-2.0,1.0,0.0,-0.043500000000000004
1931,0,0,97,13,1.0,-2.0,1.0,0.0,-0.043500000000000004
1932,0,0,97,14,1.0,-2.0,1.0,0.0,-0.043500000000000004
1933,0,0,97,15,1.0,-2.0,1.0,0.0,-0.043500000000000004
1934,0,0,97,16,1.0,-2.0,1.0,0.0,-0.043500000000000004
1935,0,0,97,17,1.0,-2.0,1.0,0.0,-0.043500000000000004
1936,0,0,97,18,1.0,-2.0,1.0,0.0,-0.043500000000000004
1937,0,0,97,19,1.0,-2.0,1.0,0.0,-0.043500000000000004
1938,0,0,97,20,1.0,-2.0,1.0,0.0,-0.043500000000000004
1939,0,0,98,1,1.0,-2.0,1.0,0.0,-0.043500000000000004
1940,0,0,98,2,1.0,-2.0,1.0,0.0,-0.043500000000000004
1941,0,0,98,3,1.0,-2.0,1.0,0.0,-0.043500000000000004
1942,0,0,98,4,1.0,-2.0,1.0,0.0,-0.043500000000000004
1943,0,0,98,5,1.0,-2.0,1.0,0.0,-0.043500000000000004
1944,0,0,98,6,1.0,-2.0,1.0,0.0,-0.043500000000000004
1945,0,0,98,7,1.0,-2.0,1.0,0.0,-0.043500000000000004
1946,0,0,98,8,1.0,-2.0,1.0,0.0,-0.043500000000000004
1947,0,0,98,9,1.0,-2.0,1.0,0.0,-0.043500000000000004
1948,0,0,98,10,1.0,-2.0,1.0,0.0,-0.043500000000000004
1949,0,0,98,11,1.0,-2.0,1.0,0.0,-0.043500000000000004
1950,0,0,98,12,1.0,-2.0,1.0,0.0,-0.043500000000000004
1951,0,0,98,13,1.0,-1.9999998807907104,1.0,0.0,-0.04349999523162856
1952,0,0,98,14,1.0,-2.0,1.0,0.0,-0.043500000000000004
1953,0,0,98,15,1.0,-2.0,1.0,0.0,-0.043500000000000004
1954,0,0,98,16,1.0,-2.0,1.0,0.0,-0.043500000000000004
1955,0,0,98,17,1.0,-2.0,1.0,0.0,-0.043500000000000004
1956,0,0,98,18,1.0,-2.0,1.0,0.0,-0.043500000000000004
1957,0,0,98,19,1.0,-2.0,1.0,0.0,-0.043500000000000004
1958,0,0,98,20,1.0,-2.0,1.0,0.0,-0.043500000000000004
1959,0,0,99,1,1.0,-2.0,1.0,0.0,-0.043500000000000004
1960,0,0,99,2,1.0,-2.0,1.0,0.0,-0.043500000000000004
1961,0,0,99,3,1.0,-2.0,1.0,0.0,-0.043500000000000004
1962,0,0,99,4,1.0,-2.0,1.0,0.0,-0.043500000000000004
1963,0,0,99,5,1.0,-2.0,1.0,0.0,-0.043500000000000004
1964,0,0,99,6,1.0,-2.0,1.0,0.0,-0.043500000000000004
1965,0,0,99,7,1.0,-2.0,1.0,0.0,-0.043500000000000004
1966,0,0,99,8,1.0,-2.0,1.0,0.0,-0.043500000000000004
1967,0,0,99,9,1.0,-2.0,1.0,0.0,-0.043500000000000004
1968,0,0,99,10,1.0,-2.0,1.0,0.0,-0.043500000000000004
1969,0,0,99,11,1.0,-2.0,1.0,0.0,-0.043500000000000004
1970,0,0,99,12,1.0,-2.0,1.0,0.0,-0.043500000000000004
1971,0,0,99,13,1.0,-1.9999998807907104,1.0,0.0,-0.04349999523162856
1972,0,0,99,14,1.0,-2.0,1.0,0.0,-0.043500000000000004
1973,0,0,99,15,1.0,-2.0,1.0,0.0,-0.043500000000000004
1974,0,0,99,16,1.0,-2.0,1.0,0.0,-0.043500000000000004
1975,0,0,99,17,1.0,-2.0,1.0,0.0,-0.043500000000000004
1976,0,0,99,18,1.0,-2.0,1.0,0.0,-0.043500000000000004
1977,0,0,99,19,1.0,-2.0,1.0,0.0,-0.043500000000000004
1978,0,0,99,20,1.0,-2.0,1.0,0.0,-0.043500000000000004
1979,0,0,100,1,1.0,-2.0,1.0,0.0,-0.043500000000000004
1980,0,0,100,2,1.0,-2.0,1.0,0.0,-0.043500000000000004
1981,0,0,100,3,1.0,-2.0,1.0,0.0,-0.043500000000000004
1982,0,0,100,4,1.0,-2.0,1.0,0.0,-0.043500000000000004
1983,0,0,100,5,1.0,-2.0,1.0,0.0,-0.043500000000000004
1984,0,0,100,6,1.0,-2.0,1.0,0.0,-0.043500000000000004
1985,0,0,100,7,1.0,-2.0,1.0,0.0,-0.043500000000000004
1986,0,0,100,8,1.0,-2.0,1.0,0.0,-0.043500000000000004
1987,0,0,100,9,1.0,-2.0,1.0,0.0,-0.043500000000000004
1988,0,0,100,10,1.0,-2.0,1.0,0.0,-0.043500000000000004
1989,0,0,100,11,1.0,-2.0,1.0,0.0,-0.043500000000000004
1990,0,0,100,12,1.0,-2.0,1.0,0.0,-0.043500000000000004
1991,0,0,100,13,1.0,-1.9999998807907104,1.0,0.0,-0.04349999523162856
1992,0,0,100,14,1.0,-2.0,1.0,0.0,-0.043500000000000004
1993,0,0,100,15,1.0,-2.0,1.0,0.0,-0.043500000000000004
1994,0,0,100,16,1.0,-2.0,1.0,0.0,-0.043500000000000004
1995,0,0,100,17,1.0,-2.0,1.0,0.0,-0.043500000000000004
1996,0,0,100,18,1.0,-2.0,1.0,0.0,-0.043500000000000004
1997,0,0,100,19,1.0,-2.0,1.0,0.0,-0.043500000000000004
1998,0,0,100,20,1.0,-2.0,1.0,0.0,-0.043500000000000004
1999,0,0,101,1,1.0,-2.0,1.0,0.0,-0.043500000000000004
2000,0,0,101,2,1.0,-2.0,1.0,0.0,-0.043500000000000004
2001,0,0,101,3,1.0,-2.0,1.0,0.0,-0.043500000000000004
2002,0,0,101,4,1.0,-2.0,1.0,0.0,-0.043500000000000004
2003,0,0,101,5,1.0,-2.0,1.0,0.0,-0.043500000000000004
2004,0,0,101,6,1.0,-2.0,1.0,0.0,-0.043500000000000004
2005,0,0,101,7,1.0,-2.0,1.0,0.0,-0.043500000000000004
2006,0,0,101,8,1.0,-2.0,1.0,0.0,-0.043500000000000004
2007,0,0,101,9,1.0,-2.0,1.0,0.0,-0.043500000000000004
2008,0,0,101,10,1.0,-2.0,1.0,0.0,-0.043500000000000004
2009,0,0,101,11,1.0,-2.0,1.0,0.0,-0.043500000000000004
2010,0,0,101,12,1.0,-2.0,1.0,0.0,-0.043500000000000004
2011,0,0,101,13,1.0,-1.9999998807907104,1.0,0.0,-0.04349999523162856
2012,0,0,101,14,1.0,-2.0,1.0,0.0,-0.043500000000000004
2013,0,0,101,15,1.0,-2.0,1.0,0.0,-0.043500000000000004
2014,0,0,101,16,1.0,-2.0,1.0,0.0,-0.043500000000000004
2015,0,0,101,17,1.0,-2.0,1.0,0.0,-0.043500000000000004
2016,0,0,101,18,1.0,-2.0,1.0,0.0,-0.043500000000000004
2017,0,0,101,19,1.0,-2.0,1.0,0.0,-0.043500000000000004
2018,0,0,101,20,1.0,-2.0,1.0,0.0,-0.043500000000000004
2019,0,0,102,1,1.0,-2.0,1.0,0.0,-0.043500000000000004
2020,0,0,102,2,1.0,-2.0,1.0,0.0,-0.043500000000000004
2021,0,0,102,3,1.0,-2.0,1.0,0.0,-0.043500000000000004
2022,0,0,102,4,1.0,-2.0,1.0,0.0,-0.043500000000000004
2023,0,0,102,5,1.0,-2.0,1.0,0.0,-0.043500000000000004
2024,0,0,102,6,1.0,-2.0,1.0,0.0,-0.043500000000000004
2025,0,0,102,7,1.0,-2.0,1.0,0.0,-0.043500000000000004
2026,0,0,102,8,1.0,-2.0,1.0,0.0,-0.043500000000000004
2027,0,0,102,9,1.0,-2.0,1.0,0.0,-0.043500000000000004
2028,0,0,102,10,1.0,-2.0,1.0,0.0,-0.043500000000000004
2029,0,0,102,11,1.0,-2.0,1.0,0.0,-0.043500000000000004
2030,0,0,102,12,1.0,-2.0,1.0,0.0,-0.043500000000000004
2031,0,0,102,13,1.0,-1.9999998807907104,1.0,0.0,-0.04349999523162856
2032,0,0,102,14,1.0,-2.0,1.0,0.0,-0.043500000000000004
2033,0,0,102,15,1.0,-2.0,1.0,0.0,-0.043500000000000004
2034,0,0,102,16,1.0,-2.0,1.0,0.0,-0.043500000000000004
2035,0,0,102,17,1.0,-2.0,1.0,0.0,-0.043500000000000004
2036,0,0,102,18,1.0,-2.0,1.0,0.0,-0.043500000000000004
2037,0,0,102,19,1.0,-2.0,1.0,0.0,-0.043500000000000004
2038,0,0,102,20,1.0,-2.0,1.0,0.0,-0.043500000000000004
2039,0,0,103,1,1.0,-2.0,1.0,0.0,-0.043500000000000004
2040,0,0,103,2,1.0,-2.0,1.0,0.0,-0.043500000000000004
2041,0,0,103,3,1.0,-2.0,1.0,0.0,-0.043500000000000004
2042,0,0,103,4,1.0,-2.0,1.0,0.0,-0.043500000000000004
2043,0,0,103,5,1.0,-2.0,1.0,0.0,-0.043500000000000004
2044,0,0,103,6,1.0,-2.0,1.0,0.0,-0.043500000000000004
2045,0,0,103,7,1.0,-2.0,1.0,0.0,-0.043500000000000004
2046,0,0,103,8,1.0,-2.0,1.0,0.0,-0.043500000000000004
2047,0,0,103,9,1.0,-2.0,1.0,0.0,-0.043500000000000004
2048,0,0,103,10,1.0,-2.0,1.0,0.0,-0.043500000000000004
2049,0,0,103,11,1.0,-2.0,1.0,0.0,-0.043500000000000004
2050,0,0,103,12,1.0,-2.0,1.0,0.0,-0.043500000000000004
2051,0,0,103,13,1.0,-1.9999998807907104,1.0,0.0,-0.04349999523162856
2052,0,0,103,14,1.0,-2.0,1.0,0.0,-0.043500000000000004
2053,0,0,103,15,1.0,-2.0,1.0,0.0,-0.043500000000000004
2054,0,0,103,16,1.0,-2.0,1.0,0.0,-0.043500000000000004
2055,0,0,103,17,1.0,-2.0,1.0,0.0,-0.043500000000000004
2056,0,0,103,18,1.0,-2.0,1.0,0.0,-0.043500000000000004
2057,0,0,103,19,1.0,-2.0,1.0,0.0,-0.043500000000000004
2058,0,0,103,20,1.0,-2.0,1.0,0.0,-0.043500000000000004
2059,0,0,104,1,1.0,-2.0,1.0,0.0,-0.043500000000000004
2060,0,0,104,2,1.0,-2.0,1.0,0.0,-0.043500000000000004
2061,0,0,104,3,1.0,-2.0,1.0,0.0,-0.043500000000000004
2062,0,0,104,4,1.0,-2.0,1.0,0.0,-0.043500000000000004
2063,0,0,104,5,1.0,-2.0,1.0,0.0,-0.043500000000000004
2064,0,0,104,6,1.0,-2.0,1.0,0.0,-0.043500000000000004
2065,0,0,104,7,1.0,-2.0,1.0,0.0,-0.043500000000000004
2066,0,0,104,8,1.0,-2.0,1.0,0.0,-0.043500000000000004
2067,0,0,104,9,1.0,-2.0,1.0,0.0,-0.043500000000000004
2068,0,0,104,10,1.0,-2.0,1.0,0.0,-0.043500000000000004
2069,0,0,104,11,1.0,-2.0,1.0,0.0,-0.043500000000000004
2070,0,0,104,12,1.0,-2.0,1.0,0.0,-0.043500000000000004
2071,0,0,104,13,1.0,-1.9999998807907104,1.0,0.0,-0.04349999523162856
2072,0,0,104,14,1.0,-2.0,1.0,0.0,-0.043500000000000004
2073,0,0,104,15,1.0,-2.0,1.0,0.0,-0.043500000000000004
2074,0,0,104,16,1.0,-2.0,1.0,0.0,-0.043500000000000004
2075,0,0,104,17,1.0,-2.0,1.0,0.0,-0.043500000000000004
2076,0,0,104,18,1.0,-2.0,1.0,0.0,-0.043500000000000004
2077,0,0,104,19,1.0,-2.0,1.0,0.0,-0.043500000000000004
2078,0,0,104,20,1.0,-2.0,1.0,0.0,-0.043500000000000004
2079,0,0,105,1,1.0,-2.0,1.0,0.0,-0.043500000000000004
2080,0,0,105,2,1.0,-2.0,1.0,0.0,-0.043500000000000004
2081,0,0,105,3,1.0,-2.0,1.0,0.0,-0.043500000000000004
2082,0,0,105,4,1.0,-2.0,1.0,0.0,-0.043500000000000004
2083,0,0,105,5,1.0,-2.0,1.0,0.0,-0.043500000000000004
2084,0,0,105,6,1.0,-2.0,1.0,0.0,-0.043500000000000004
2085,0,0,105,7,1.0,-2.0,1.0,0.0,-0.043500000000000004
2086,0,0,105,8,1.0,-2.0,1.0,0.0,-0.043500000000000004
2087,0,0,105,9,1.0,-2.0,1.0,0.0,-0.043500000000000004
2088,0,0,105,10,1.0,-2.0,1.0,0.0,-0.043500000000000004
2089,0,0,105,11,1.0,-2.0,1.0,0.0,-0.043500000000000004
2090,0,0,105,12,1.0,-2.0,1.0,0.0,-0.043500000000000004
2091,0,0,105,13,1.0,-1.9999998807907104,1.0,0.0,-0.04349999523162856
2092,0,0,105,14,1.0,-2.0,1.0,0.0,-0.043500000000000004
2093,0,0,105,15,1.0,-2.0,1.0,0.0,-0.043500000000000004
2094,0,0,105,16,1.0,-2.0,1.0,0.0,-0.043500000000000004
2095,0,0,105,17,1.0,-2.0,1.0,0.0,-0.043500000000000004
2096,0,0,105,18,1.0,-2.0,1.0,0.0,-0.043500000000000004
2097,0,0,105,19,1.0,-2.0,1.0,0.0,-0.043500000000000004
2098,0,0,105,20,1.0,-2.0,1.0,0.0,-0.043500000000000004
2099,0,0,106,1,1.0,-2.0,1.0,0.0,-0.043500000000000004
2100,0,0,106,2,1.0,-2.0,1.0,0.0,-0.043500000000000004
2101,0,0,106,3,1.0,-2.0,1.0,0.0,-0.043500000000000004
2102,0,0,106,4,1.0,-2.0,1.0,0.0,-0.043500000000000004
2103,0,0,106,5,1.0,-2.0,1.0,0.0,-0.043500000000000004
2104,0,0,106,6,1.0,-2.0,1.0,0.0,-0.043500000000000004
2105,0,0,106,7,1.0,-2.0,1.0,0.0,-0.043500000000000004
2106,0,0,106,8,1.0,-2.0,1.0,0.0,-0.043500000000000004
2107,0,0,106,9,1.0,-2.0,1.0,0.0,-0.043500000000000004
2108,0,0,106,10,1.0,-2.0,1.0,0.0,-0.043500000000000004
2109,0,0,106,11,1.0,-2.0,1.0,0.0,-0.043500000000000004
2110,0,0,106,12,1.0,-2.0,1.0,0.0,-0.043500000000000004
2111,0,0,106,13,1.0,-2.0,1.0,0.0,-0.043500000000000004
2112,0,0,106,14,1.0,-2.0,1.0,0.0,-0.043500000000000004
2113,0,0,106,15,1.0,-2.0,1.0,0.0,-0.043500000000000004
2114,0,0,106,16,1.0,-2.0,1.0,0.0,-0.043500000000000004
2115,0,0,106,17,1.0,-2.0,1.0,0.0,-0.043500000000000004
2116,0,0,106,18,1.0,-2.0,1.0,0.0,-0.043500000000000004
2117,0,0,106,19,1.0,-2.0,1.0,0.0,-0.043500000000000004
2118,0,0,106,20,1.0,-2.0,1.0,0.0,-0.043500000000000004
2119,0,0,107,1,1.0,-2.0,1.0,0.0,-0.043500000000000004
2120,0,0,107,2,1.0,-2.0,1.0,0.0,-0.043500000000000004
2121,0,0,107,3,1.0,-2.0,1.0,0.0,-0.043500000000000004
2122,0,0,107,4,1.0,-2.0,1.0,0.0,-0.043500000000000004
2123,0,0,107,5,1.0,-2.0,1.0,0.0,-0.043500000000000004
2124,0,0,107,6,1.0,-2.0,1.0,0.0,-0.043500000000000004
2125,0,0,107,7,1.0,-2.0,1.0,0.0,-0.043500000000000004
2126,0,0,107,8,1.0,-2.0,1.0,0.0,-0.043500000000000004
2127,0,0,107,9,1.0,-2.0,1.0,0.0,-0.043500000000000004
2128,0,0,107,10,1.0,-2.0,1.0,0.0,-0.043500000000000004
2129,0,0,107,11,1.0,-2.0,1.0,0.0,-0.043500000000000004
2130,0,0,107,12,1.0,-2.0,1.0,0.0,-0.043500000000000004
2131,0,0,107,13,1.0,-2.0,1.0,0.0,-0.043500000000000004
2132,0,0,107,14,1.0,-2.0,1.0,0.0,-0.043500000000000004
2133,0,0,107,15,1.0,-2.0,1.0,0.0,-0.043500000000000004
2134,0,0,107,16,1.0,-2.0,1.0,0.0,-0.043500000000000004
2135,0,0,107,17,1.0,-2.0,1.0,0.0,-0.043500000000000004
2136,0,0,107,18,1.0,-2.0,1.0,0.0,-0.043500000000000004
2137,0,0,107,19,1.0,-2.0,1.0,0.0,-0.043500000000000004
2138,0,0,107,20,1.0,-2.0,1.0,0.0,-0.043500000000000004
2139,0,0,108,1,1.0,-2.0,1.0,0.0,-0.043500000000000004
2140,0,0,108,2,1.0,-2.0,1.0,0.0,-0.043500000000000004
2141,0,0,108,3,1.0,-2.0,1.0,0.0,-0.043500000000000004
2142,0,0,108,4,1.0,-2.0,1.0,0.0,-0.043500000000000004
2143,0,0,108,5,1.0,-2.0,1.0,0.0,-0.043500000000000004
2144,0,0,108,6,1.0,-2.0,1.0,0.0,-0.043500000000000004
2145,0,0,108,7,1.0,-2.0,1.0,0.0,-0.043500000000000004
2146,0,0,108,8,1.0,-2.0,1.0,0.0,-0.043500000000000004
2147,0,0,108,9,1.0,-2.0,1.0,0.0,-0.043500000000000004
2148,0,0,108,10,1.0,-2.0,1.0,0.0,-0.043500000000000004
2149,0,0,108,11,1.0,-2.0,1.0,0.0,-0.043500000000000004
2150,0,0,108,12,1.0,-2.0,1.0,0.0,-0.043500000000000004
2151,0,0,108,13,1.0,-2.0,1.0,0.0,-0.043500000000000004
2152,0,0,108,14,1.0,-2.0,1.0,0.0,-0.043500000000000004
2153,0,0,108,15,1.0,-2.0,1.0,0.0,-0.043500000000000004
2154,0,0,108,16,1.0,-2.0,1.0,0.0,-0.043500000000000004
2155,0,0,108,17,1.0,-2.0,1.0,0.0,-0.043500000000000004
2156,0,0,108,18,1.0,-2.0,1.0,0.0,-0.043500000000000004
2157,0,0,108,19,1.0,-2.0,1.0,0.0,-0.043500000000000004
2158,0,0,108,20,1.0,-2.0,1.0,0.0,-0.043500000000000004
2159,0,0,109,1,1.0,-2.0,1.0,0.0,-0.043500000000000004
2160,0,0,109,2,1.0,-2.0,1.0,0.0,-0.043500000000000004
2161,0,0,109,3,1.0,-2.0,1.0,0.0,-0.043500000000000004
2162,0,0,109,4,1.0,-2.0,1.0,0.0,-0.043500000000000004
2163,0,0,109,5,1.0,-2.0,1.0,0.0,-0.043500000000000004
2164,0,0,109,6,1.0,-2.0,1.0,0.0,-0.043500000000000004
2165,0,0,109,7,1.0,-2.0,1.0,0.0,-0.043500000000000004
2166,0,0,109,8,1.0,-2.0,1.0,0.0,-0.043500000000000004
2167,0,0,109,9,1.0,-2.0,1.0,0.0,-0.043500000000000004
2168,0,0,109,10,1.0,-2.0,1.0,0.0,-0.043500000000000004
2169,0,0,109,11,1.0,-2.0,1.0,0.0,-0.043500000000000004
2170,0,0,109,12,1.0,-2.0,1.0,0.0,-0.043500000000000004
2171,0,0,109,13,1.0,-2.0,1.0,0.0,-0.043500000000000004
2172,0,0,109,14,1.0,-2.0,1.0,0.0,-0.043500000000000004
2173,0,0,109,15,1.0,-2.0,1.0,0.0,-0.043500000000000004
2174,0,0,109,16,1.0,-2.0,1.0,0.0,-0.043500000000000004
2175,0,0,109,17,1.0,-2.0,1.0,0.0,-0.043500000000000004
2176,0,0,109,18,1.0,-2.0,1.0,0.0,-0.043500000000000004
2177,0,0,109,19,1.0,-2.0,1.0,0.0,-0.043500000000000004
2178,0,0,109,20,1.0,-2.0,1.0,0.0,-0.043500000000000004
2179,0,0,110,1,1.0,-2.0,1.0,0.0,-0.043500000000000004
2180,0,0,110,2,1.0,-2.0,1.0,0.0,-0.043500000000000004
2181,0,0,110,3,1.0,-2.0,1.0,0.0,-0.043500000000000004
2182,0,0,110,4,1.0,-2.0,1.0,0.0,-0.043500000000000004
2183,0,0,110,5,1.0,-2.0,1.0,0.0,-0.043500000000000004
2184,0,0,110,6,1.0,-2.0,1.0,0.0,-0.043500000000000004
2185,0,0,110,7,1.0,-2.0,1.0,0.0,-0.043500000000000004
2186,0,0,110,8,1.0,-2.0,1.0,0.0,-0.043500000000000004
2187,0,0,110,9,1.0,-2.0,1.0,0.0,-0.043500000000000004
2188,0,0,110,10,1.0,-2.0,1.0,0.0,-0.043500000000000004
2189,0,0,110,11,1.0,-2.0,1.0,0.0,-0.043500000000000004
2190,0,0,110,12,1.0,-2.0,1.0,0.0,-0.043500000000000004
2191,0,0,110,13,1.0,-2.0,1.0,0.0,-0.043500000000000004
2192,0,0,110,14,1.0,-2.0,1.0,0.0,-0.043500000000000004
2193,0,0,110,15,1.0,-2.0,1.0,0.0,-0.043500000000000004
2194,0,0,110,16,1.0,-2.0,1.0,0.0,-0.043500000000000004
2195,0,0,110,17,1.0,-2.0,1.0,0.0,-0.043500000000000004
2196,0,0,110,18,1.0,-2.0,1.0,0.0,-0.043500000000000004
2197,0,0,110,19,1.0,-2.0,1.0,0.0,-0.043500000000000004
2198,0,0,110,20,1.0,-2.0,1.0,0.0,-0.043500000000000004
2199,0,0,111,1,1.0,-2.0,1.0,0.0,-0.043500000000000004
2200,0,0,111,2,1.0,-2.0,1.0,0.0,-0.043500000000000004
2201,0,0,111,3,1.0,-2.0,1.0,0.0,-0.043500000000000004
2202,0,0,111,4,1.0,-2.0,1.0,0.0,-0.043500000000000004
2203,0,0,111,5,1.0,-2.0,1.0,0.0,-0.043500000000000004
2204,0,0,111,6,1.0,-2.0,1.0,0.0,-0.043500000000000004
2205,0,0,111,7,1.0,-2.0,1.0,0.0,-0.043500000000000004
2206,0,0,111,8,1.0,-2.0,1.0,0.0,-0.043500000000000004
2207,0,0,111,9,1.0,-2.0,1.0,0.0,-0.043500000000000004
2208,0,0,111,10,1.0,-2.0,1.0,0.0,-0.043500000000000004
2209,0,0,111,11,1.0,-2.0,1.0,0.0,-0.043500000000000004
2210,0,0,111,12,1.0,-2.0,1.0,0.0,-0.043500000000000004
2211,0,0,111,13,1.0,-2.0,1.0,0.0,-0.043500000000000004
2212,0,0,111,14,1.0,-2.0,1.0,0.0,-0.043500000000000004
2213,0,0,111,15,1.0,-2.0,1.0,0.0,-0.043500000000000004
2214,0,0,111,16,1.0,-2.0,1.0,0.0,-0.043500000000000004
2215,0,0,111,17,1.0,-2.0,1.0,0.0,-0.043500000000000004
2216,0,0,111,18,1.0,-2.0,1.0,0.0,-0.043500000000000004
2217,0,0,111,19,1.0,-2.0,1.0,0.0,-0.043500000000000004
2218,0,0,111,20,1.0,-2.0,1.0,0.0,-0.043500000000000004
2219,0,0,112,1,1.0,-2.0,1.0,0.0,-0.043500000000000004
2220,0,0,112,2,1.0,-2.0,1.0,0.0,-0.043500000000000004
2221,0,0,112,3,1.0,-2.0,1.0,0.0,-0.043500000000000004
2222,0,0,112,4,1.0,-2.0,1.0,0.0,-0.043500000000000004
2223,0,0,112,5,1.0,-2.0,1.0,0.0,-0.043500000000000004
2224,0,0,112,6,1.0,-2.0,1.0,0.0,-0.043500000000000004
2225,0,0,112,7,1.0,-2.0,1.0,0.0,-0.043500000000000004
2226,0,0,112,8,1.0,-2.0,1.0,0.0,-0.043500000000000004
2227,0,0,112,9,1.0,-2.0,1.0,0.0,-0.043500000000000004
2228,0,0,112,10,1.0,-2.0,1.0,0.0,-0.043500000000000004
2229,0,0,112,11,1.0,-2.0,1.0,0.0,-0.043500000000000004
2230,0,0,112,12,1.0,-2.0,1.0,0.0,-0.043500000000000004
2231,0,0,112,13,1.0,-2.0,1.0,0.0,-0.043500000000000004
2232,0,0,112,14,1.0,-2.0,1.0,0.0,-0.043500000000000004
2233,0,0,112,15,1.0,-2.0,1.0,0.0,-0.043500000000000004
2234,0,0,112,16,1.0,-2.0,1.0,0.0,-0.043500000000000004
2235,0,0,112,17,1.0,-2.0,1.0,0.0,-0.043500000000000004
2236,0,0,112,18,1.0,-2.0,1.0,0.0,-0.043500000000000004
2237,0,0,112,19,1.0,-2.0,1.0,0.0,-0.043500000000000004
2238,0,0,112,20,1.0,-2.0,1.0,0.0,-0.043500000000000004
2239,0,0,113,1,1.0,-2.0,1.0,0.0,-0.043500000000000004
2240,0,0,113,2,1.0,-2.0,1.0,0.0,-0.043500000000000004
2241,0,0,113,3,1.0,-2.0,1.0,0.0,-0.043500000000000004
2242,0,0,113,4,1.0,-2.0,1.0,0.0,-0.043500000000000004
2243,0,0,113,5,1.0,-2.0,1.0,0.0,-0.043500000000000004
2244,0,0,113,6,1.0,-2.0,1.0,0.0,-0.043500000000000004
2245,0,0,113,7,1.0,-2.0,1.0,0.0,-0.043500000000000004
2246,0,0,113,8,1.0,-2.0,1.0,0.0,-0.043500000000000004
2247,0,0,113,9,1.0,-2.0,1.0,0.0,-0.043500000000000004
2248,0,0,113,10,1.0,-2.0,1.0,0.0,-0.043500000000000004
2249,0,0,113,11,1.0,-2.0,1.0,0.0,-0.043500000000000004
2250,0,0,113,12,1.0,-2.0,1.0,0.0,-0.043500000000000004
2251,0,0,113,13,1.0,-2.0,1.0,0.0,-0.043500000000000004
2252,0,0,113,14,1.0,-2.0,1.0,0.0,-0.043500000000000004
2253,0,0,113,15,1.0,-2.0,1.0,0.0,-0.043500000000000004
2254,0,0,113,16,1.0,-2.0,1.0,0.0,-0.043500000000000004
2255,0,0,113,17,1.0,-2.0,1.0,0.0,-0.043500000000000004
2256,0,0,113,18,1.0,-2.0,1.0,0.0,-0.043500000000000004
2257,0,0,113,19,1.0,-2.0,1.0,0.0,-0.043500000000000004
2258,0,0,113,20,1.0,-2.0,1.0,0.0,-0.043500000000000004
2259,0,0,114,1,1.0,-2.0,1.0,0.0,-0.043500000000000004
2260,0,0,114,2,1.0,-2.0,1.0,0.0,-0.043500000000000004
2261,0,0,114,3,1.0,-2.0,1.0,0.0,-0.043500000000000004
2262,0,0,114,4,1.0,-2.0,1.0,0.0,-0.043500000000000004
2263,0,0,114,5,1.0,-2.0,1.0,0.0,-0.043500000000000004
2264,0,0,114,6,1.0,-2.0,1.0,0.0,-0.043500000000000004
2265,0,0,114,7,1.0,-2.0,1.0,0.0,-0.043500000000000004
2266,0,0,114,8,1.0,-2.0,1.0,0.0,-0.043500000000000004
2267,0,0,114,9,1.0,-2.0,1.0,0.0,-0.043500000000000004
2268,0,0,114,10,1.0,-2.0,1.0,0.0,-0.043500000000000004
2269,0,0,114,11,1.0,-2.0,1.0,0.0,-0.043500000000000004
2270,0,0,114,12,1.0,-2.0,1.0,0.0,-0.043500000000000004
2271,0,0,114,13,1.0,-1.9999998807907104,1.0,0.0,-0.04349999523162856
2272,0,0,114,14,1.0,-2.0,1.0,0.0,-0.043500000000000004
2273,0,0,114,15,1.0,-2.0,1.0,0.0,-0.043500000000000004
2274,0,0,114,16,1.0,-2.0,1.0,0.0,-0.043500000000000004
2275,0,0,114,17,1.0,-2.0,1.0,0.0,-0.043500000000000004
2276,0,0,114,18,1.0,-2.0,1.0,0.0,-0.043500000000000004
2277,0,0,114,19,1.0,-2.0,1.0,0.0,-0.043500000000000004
2278,0,0,114,20,1.0,-2.0,1.0,0.0,-0.043500000000000004
2279,0,0,115,1,1.0,-2.0,1.0,0.0,-0.043500000000000004
2280,0,0,115,2,1.0,-2.0,1.0,0.0,-0.043500000000000004
2281,0,0,115,3,1.0,-2.0,1.0,0.0,-0.043500000000000004
2282,0,0,115,4,1.0,-2.0,1.0,0.0,-0.043500000000000004
2283,0,0,115,5,1.0,-2.0,1.0,0.0,-0.043500000000000004
2284,0,0,115,6,1.0,-2.0,1.0,0.0,-0.043500000000000004
2285,0,0,115,7,1.0,-2.0,1.0,0.0,-0.043500000000000004
2286,0,0,115,8,1.0,-2.0,1.0,0.0,-0.043500000000000004
2287,0,0,115,9,1.0,-2.0,1.0,0.0,-0.043500000000000004
2288,0,0,115,10,1.0,-2.0,1.0,0.0,-0.043500000000000004
2289,0,0,115,11,1.0,-2.0,1.0,0.0,-0.043500000000000004
2290,0,0,115,12,1.0,-2.0,1.0,0.0,-0.043500000000000004
2291,0,0,115,13,1.0,-1.9999998807907104,1.0,0.0,-0.04349999523162856
2292,0,0,115,14,1.0,-2.0,1.0,0.0,-0.043500000000000004
2293,0,0,115,15,1.0,-2.0,1.0,0.0,-0.043500000000000004
2294,0,0,115,16,1.0,-2.0,1.0,0.0,-0.043500000000000004
2295,0,0,115,17,1.0,-2.0,1.0,0.0,-0.043500000000000004
2296,0,0,115,18,1.0,-2.0,1.0,0.0,-0.043500000000000004
2297,0,0,115,19,1.0,-2.0,1.0,0.0,-0.043500000000000004
2298,0,0,115,20,1.0,-2.0,1.0,0.0,-0.043500000000000004
2299,0,0,116,1,1.0,-2.0,1.0,0.0,-0.043500000000000004
2300,0,0,116,2,1.0,-2.0,1.0,0.0,-0.043500000000000004
2301,0,0,116,3,1.0,-2.0,1.0,0.0,-0.043500000000000004
2302,0,0,116,4,1.0,-2.0,1.0,0.0,-0.043500000000000004
2303,0,0,116,5,1.0,-2.0,1.0,0.0,-0.043500000000000004
2304,0,0,116,6,1.0,-2.0,1.0,0.0,-0.043500000000000004
2305,0,0,116,7,1.0,-2.0,1.0,0.0,-0.043500000000000004
2306,0,0,116,8,1.0,-2.0,1.0,0.0,-0.043500000000000004
2307,0,0,116,9,1.0,-2.0,1.0,0.0,-0.043500000000000004
2308,0,0,116,10,1.0,-2.0,1.0,0.0,-0.043500000000000004
2309,0,0,116,11,1.0,-2.0,1.0,0.0,-0.043500000000000004
2310,0,0,116,12,1.0,-2.0,1.0,0.0,-0.043500000000000004
2311,0,0,116,13,1.0,-1.9999998807907104,1.0,0.0,-0.04349999523162856
2312,0,0,116,14,1.0,-2.0,1.0,0.0,-0.043500000000000004
2313,0,0,116,15,1.0,-2.0,1.0,0.0,-0.043500000000000004
2314,0,0,116,16,1.0,-2.0,1.0,0.0,-0.043500000000000004
2315,0,0,116,17,1.0,-2.0,1.0,0.0,-0.043500000000000004
2316,0,0,116,18,1.0,-2.0,1.0,0.0,-0.043500000000000004
2317,0,0,116,19,1.0,-2.0,1.0,0.0,-0.043500000000000004
2318,0,0,116,20,1.0,-2.0,1.0,0.0,-0.043500000000000004
2319,0,0,117,1,1.0,-2.0,1.0,0.0,-0.043500000000000004
2320,0,0,117,2,1.0,-2.0,1.0,0.0,-0.043500000000000004
2321,0,0,117,3,1.0,-2.0,1.0,0.0,-0.043500000000000004
2322,0,0,117,4,1.0,-2.0,1.0,0.0,-0.043500000000000004
2323,0,0,117,5,1.0,-2.0,1.0,0.0,-0.043500000000000004
2324,0,0,117,6,1.0,-2.0,1.0,0.0,-0.043500000000000004
2325,0,0,117,7,1.0,-2.0,1.0,0.0,-0.043500000000000004
2326,0,0,117,8,1.0,-2.0,1.0,0.0,-0.043500000000000004
2327,0,0,117,9,1.0,-2.0,1.0,0.0,-0.043500000000000004
2328,0,0,117,10,1.0,-2.0,1.0,0.0,-0.043500000000000004
2329,0,0,117,11,1.0,-2.0,1.0,0.0,-0.043500000000000004
2330,0,0,117,12,1.0,-2.0,1.0,0.0,-0.043500000000000004
2331,0,0,117,13,1.0,-1.9999998807907104,1.0,0.0,-0.04349999523162856
2332,0,0,117,14,1.0,-2.0,1.0,0.0,-0.043500000000000004
2333,0,0,117,15,1.0,-2.0,1.0,0.0,-0.043500000000000004
2334,0,0,117,16,1.0,-2.0,1.0,0.0,-0.043500000000000004
2335,0,0,117,17,1.0,-2.0,1.0,0.0,-0.043500000000000004
2336,0,0,117,18,1.0,-2.0,1.0,0.0,-0.043500000000000004
2337,0,0,117,19,1.0,-2.0,1.0,0.0,-0.043500000000000004
2338,0,0,117,20,1.0,-2.0,1.0,0.0,-0.043500000000000004
2339,0,0,118,1,1.0,-2.0,1.0,0.0,-0.043500000000000004
2340,0,0,118,2,1.0,-2.0,1.0,0.0,-0.043500000000000004
2341,0,0,118,3,1.0,-2.0,1.0,0.0,-0.043500000000000004
2342,0,0,118,4,1.0,-2.0,1.0,0.0,-0.043500000000000004
2343,0,0,118,5,1.0,-2.0,1.0,0.0,-0.043500000000000004
2344,0,0,118,6,1.0,-2.0,1.0,0.0,-0.043500000000000004
2345,0,0,118,7,1.0,-2.0,1.0,0.0,-0.043500000000000004
2346,0,0,118,8,1.0,-2.0,1.0,0.0,-0.043500000000000004
2347,0,0,118,9,1.0,-2.0,1.0,0.0,-0.043500000000000004
2348,0,0,118,10,1.0,-2.0,1.0,0.0,-0.043500000000000004
2349,0,0,118,11,1.0,-2.0,1.0,0.0,-0.043500000000000004
2350,0,0,118,12,1.0,-2.0,1.0,0.0,-0.043500000000000004
2351,0,0,118,13,1.0,-1.9999998807907104,1.0,0.0,-0.04349999523162856
2352,0,0,118,14,1.0,-2.0,1.0,0.0,-0.043500000000000004
2353,0,0,118,15,1.0,-2.0,1.0,0.0,-0.043500000000000004
2354,0,0,118,16,1.0,-2.0,1.0,0.0,-0.043500000000000004
2355,0,0,118,17,1.0,-2.0,1.0,0.0,-0.043500000000000004
2356,0,0,118,18,1.0,-2.0,1.0,0.0,-0.043500000000000004
2357,0,0,118,19,1.0,-2.0,1.0,0.0,-0.043500000000000004
2358,0,0,118,20,1.0,-2.0,1.0,0.0,-0.043500000000000004
2359,0,0,119,1,1.0,-2.0,1.0,0.0,-0.043500000000000004
2360,0,0,119,2,1.0,-2.0,1.0,0.0,-0.043500000000000004
2361,0,0,119,3,1.0,-2.0,1.0,0.0,-0.043500000000000004
2362,0,0,119,4,1.0,-2.0,1.0,0.0,-0.043500000000000004
2363,0,0,119,5,1.0,-2.0,1.0,0.0,-0.043500000000000004
2364,0,0,119,6,1.0,-2.0,1.0,0.0,-0.043500000000000004
2365,0,0,119,7,1.0,-2.0,1.0,0.0,-0.043500000000000004
2366,0,0,119,8,1.0,-2.0,1.0,0.0,-0.043500000000000004
2367,0,0,119,9,1.0,-2.0,1.0,0.0,-0.043500000000000004
2368,0,0,119,10,1.0,-2.0,1.0,0.0,-0.043500000000000004
2369,0,0,119,11,1.0,-2.0,1.0,0.0,-0.043500000000000004
2370,0,0,119,12,1.0,-2.0,1.0,0.0,-0.043500000000000004
2371,0,0,119,13,1.0,-1.9999998807907104,1.0,0.0,-0.04349999523162856
2372,0,0,119,14,1.0,-2.0,1.0,0.0,-0.043500000000000004
2373,0,0,119,15,1.0,-2.0,1.0,0.0,-0.043500000000000004
2374,0,0,119,16,1.0,-2.0,1.0,0.0,-0.043500000000000004
2375,0,0,119,17,1.0,-2.0,1.0,0.0,-0.043500000000000004
2376,0,0,119,18,1.0,-2.0,1.0,0.0,-0.043500000000000004
2377,0,0,119,19,1.0,-2.0,1.0,0.0,-0.043500000000000004
2378,0,0,119,20,1.0,-2.0,1.0,0.0,-0.043500000000000004
2379,0,0,120,1,1.0,-2.0,1.0,0.0,-0.043500000000000004
2380,0,0,120,2,1.0,-2.0,1.0,0.0,-0.043500000000000004
2381,0,0,120,3,1.0,-2.0,1.0,0.0,-0.043500000000000004
2382,0,0,120,4,1.0,-2.0,1.0,0.0,-0.043500000000000004
2383,0,0,120,5,1.0,-2.0,1.0,0.0,-0.043500000000000004
2384,0,0,120,6,1.0,-2.0,1.0,0.0,-0.043500000000000004
2385,0,0,120,7,1.0,-2.0,1.0,0.0,-0.043500000000000004
2386,0,0,120,8,1.0,-2.0,1.0,0.0,-0.043500000000000004
2387,0,0,120,9,1.0,-2.0,1.0,0.0,-0.043500000000000004
2388,0,0,120,10,1.0,-2.0,1.0,0.0,-0.043500000000000004
2389,0,0,120,11,1.0,-2.0,1.0,0.0,-0.043500000000000004
2390,0,0,120,12,1.0,-2.0,1.0,0.0,-0.043500000000000004
2391,0,0,120,13,1.0,-1.9999998807907104,1.0,0.0,-0.04349999523162856
2392,0,0,120,14,1.0,-2.0,1.0,0.0,-0.043500000000000004
2393,0,0,120,15,1.0,-2.0,1.0,0.0,-0.043500000000000004
2394,0,0,120,16,1.0,-2.0,1.0,0.0,-0.043500000000000004
2395,0,0,120,17,1.0,-2.0,1.0,0.0,-0.043500000000000004
2396,0,0,120,18,1.0,-2.0,1.0,0.0,-0.043500000000000004
2397,0,0,120,19,1.0,-2.0,1.0,0.0,-0.043500000000000004
2398,0,0,120,20,1.0,-2.0,1.0,0.0,-0.043500000000000004
2399,0,1,1,1,1.0,-2.0,1.0,0.0,-0.043500000000000004
2400,0,1,1,2,1.0,-1.9999994039535522,1.0,0.0,-0.043499976158145645
2401,0,1,1,3,1.0,-1.9999998807907104,1.0,0.0,-0.04349999523162856
2402,0,1,1,4,1.0,-2.0,1.0,0.0,-0.043500000000000004
2403,0,1,1,5,1.0,-1.999999761581421,1.0,0.0,-0.04349999046325741
2404,0,1,1,6,1.0,-1.9999996423721313,1.0,0.0,-0.043499985694886535
2405,0,1,1,7,1.0,-1.9999998807907104,1.0,0.0,-0.04349999523162856
2406,0,1,1,8,1.0,-2.0,1.0,0.0,-0.043500000000000004
2407,0,1,1,9,1.0,-1.9999996423721313,1.0,0.0,-0.043499985694886535
2408,0,1,1,10,1.0,-1.999999761581421,1.0,0.0,-0.04349999046325741
2409,0,1,1,11,1.0,-1.999999761581421,1.0,0.0,-0.04349999046325741
2410,0,1,1,12,1.0,-1.9999994039535522,1.0,0.0,-0.043499976158145645
2411,0,1,1,13,1.0,-1.999999761581421,1.0,0.0,-0.04349999046325741
2412,0,1,1,14,1.0,-1.9999995231628418,1.0,0.0,-0.04349998092651595
2413,0,1,1,15,1.0,-1.9999995231628418,1.0,0.0,-0.04349998092651595
2414,0,1,1,16,1.0,-1.9999996423721313,1.0,0.0,-0.043499985694886535
2415,0,1,1,17,1.0,-1.9999994039535522,1.0,0.0,-0.043499976158145645
2416,0,1,1,18,1.0,-1.999999761581421,1.0,0.0,-0.04349999046325741
2417,0,1,1,19,1.0,-2.0,1.0,0.0,-0.043500000000000004
2418,0,1,1,20,1.0,-1.9999996423721313,1.0,0.0,-0.043499985694886535
2419,0,1,2,1,1.0,-2.0,1.0,0.0,-0.043500000000000004
2420,0,1,2,2,1.0,-1.9999994039535522,1.0,0.0,-0.043499976158145645
2421,0,1,2,3,1.0,-1.9999998807907104,1.0,0.0,-0.04349999523162856
2422,0,1,2,4,1.0,-2.0,1.0,0.0,-0.043500000000000004
2423,0,1,2,5,1.0,-1.999999761581421,1.0,0.0,-0.04349999046325741
2424,0,1,2,6,1.0,-1.9999996423721313,1.0,0.0,-0.043499985694886535
2425,0,1,2,7,1.0,-1.9999998807907104,1.0,0.0,-0.04349999523162856
2426,0,1,2,8,1.0,-2.0,1.0,0.0,-0.043500000000000004
2427,0,1,2,9,1.0,-1.9999996423721313,1.0,0.0,-0.043499985694886535
2428,0,1,2,10,1.0,-1.999999761581421,1.0,0.0,-0.04349999046325741
2429,0,1,2,11,1.0,-1.999999761581421,1.0,0.0,-0.04349999046325741
2430,0,1,2,12,1.0,-1.9999994039535522,1.0,0.0,-0.043499976158145645
2431,0,1,2,13,1.0,-1.999999761581421,1.0,0.0,-0.04349999046325741
2432,0,1,2,14,1.0,-1.9999995231628418,1.0,0.0,-0.04349998092651595
2433,0,1,2,15,1.0,-1.9999995231628418,1.0,0.0,-0.04349998092651595
2434,0,1,2,16,1.0,-1.9999996423721313,1.0,0.0,-0.043499985694886535
2435,0,1,2,17,1.0,-1.9999994039535522,1.0,0.0,-0.043499976158145645
2436,0,1,2,18,1.0,-1.999999761581421,1.0,0.0,-0.04349999046325741
2437,0,1,2,19,1.0,-2.0,1.0,0.0,-0.043500000000000004
2438,0,1,2,20,1.0,-1.9999996423721313,1.0,0.0,-0.043499985694886535
2439,0,1,3,1,1.0,-2.0,1.0,0.0,-0.043500000000000004
2440,0,1,3,2,1.0,-1.9999994039535522,1.0,0.0,-0.043499976158145645
2441,0,1,3,3,1.0,-1.9999998807907104,1.0,0.0,-0.04349999523162856
2442,0,1,3,4,1.0,-2.0,1.0,0.0,-0.043500000000000004
2443,0,1,3,5,1.0,-1.999999761581421,1.0,0.0,-0.04349999046325741
2444,0,1,3,6,1.0,-1.9999996423721313,1.0,0.0,-0.043499985694886535
2445,0,1,3,7,1.0,-1.9999998807907104,1.0,0.0,-0.04349999523162856
2446,0,1,3,8,1.0,-2.0,1.0,0.0,-0.043500000000000004
2447,0,1,3,9,1.0,-1.9999996423721313,1.0,0.0,-0.043499985694886535
2448,0,1,3,10,1.0,-1.999999761581421,1.0,0.0,-0.04349999046325741
2449,0,1,3,11,1.0,-1.999999761581421,1.0,0.0,-0.04349999046325741
2450,0,1,3,12,1.0,-1.9999994039535522,1.0,0.0,-0.043499976158145645
2451,0,1,3,13,1.0,-1.999999761581421,1.0,0.0,-0.04349999046325741
2452,0,1,3,14,1.0,-1.9999995231628418,1.0,0.0,-0.04349998092651595
2453,0,1,3,15,1.0,-1.9999995231628418,1.0,0.0,-0.04349998092651595
2454,0,1,3,16,1.0,-1.9999996423721313,1.0,0.0,-0.043499985694886535
2455,0,1,3,17,1.0,-1.9999994039535522,1.0,0.0,-0.043499976158145645
2456,0,1,3,18,1.0,-1.999999761581421,1.0,0.0,-0.04349999046325741
2457,0,1,3,19,1.0,-2.0,1.0,0.0,-0.043500000000000004
2458,0,1,3,20,1.0,-1.9999996423721313,1.0,0.0,-0.043499985694886535
2459,0,1,4,1,1.0,-2.0,1.0,0.0,-0.043500000000000004
2460,0,1,4,2,1.0,-1.9999994039535522,1.0,0.0,-0.043499976158145645
2461,0,1,4,3,1.0,-1.9999998807907104,1.0,0.0,-0.04349999523162856
2462,0,1,4,4,1.0,-2.0,1.0,0.0,-0.043500000000000004
2463,0,1,4,5,1.0,-1.999999761581421,1.0,0.0,-0.04349999046325741
2464,0,1,4,6,1.0,-1.9999996423721313,1.0,0.0,-0.043499985694886535
2465,0,1,4,7,1.0,-1.9999998807907104,1.0,0.0,-0.04349999523162856
2466,0,1,4,8,1.0,-2.0,1.0,0.0,-0.043500000000000004
2467,0,1,4,9,1.0,-1.9999996423721313,1.0,0.0,-0.043499985694886535
2468,0,1,4,10,1.0,-1.999999761581421,1.0,0.0,-0.04349999046325741
2469,0,1,4,11,1.0,-1.999999761581421,1.0,0.0,-0.04349999046325741
2470,0,1,4,12,1.0,-1.9999994039535522,1.0,0.0,-0.043499976158145645
2471,0,1,4,13,1.0,-1.999999761581421,1.0,0.0,-0.04349999046325741
2472,0,1,4,14,1.0,-1.9999995231628418,1.0,0.0,-0.04349998092651595
2473,0,1,4,15,1.0,-1.9999995231628418,1.0,0.0,-0.04349998092651595
2474,0,1,4,16,1.0,-1.9999996423721313,1.0,0.0,-0.043499985694886535
2475,0,1,4,17,1.0,-1.9999994039535522,1.0,0.0,-0.043499976158145645
2476,0,1,4,18,1.0,-1.999999761581421,1.0,0.0,-0.04349999046325741
2477,0,1,4,19,1.0,-2.0,1.0,0.0,-0.043500000000000004
2478,0,1,4,20,1.0,-1.9999996423721313,1.0,0.0,-0.043499985694886535
2479,0,1,5,1,1.0,-2.0,1.0,0.0,-0.043500000000000004
2480,0,1,5,2,1.0,-1.9999994039535522,1.0,0.0,-0.043499976158145645
2481,0,1,5,3,1.0,-1.9999998807907104,1.0,0.0,-0.04349999523162856
2482,0,1,5,4,1.0,-2.0,1.0,0.0,-0.043500000000000004
2483,0,1,5,5,1.0,-1.999999761581421,1.0,0.0,-0.04349999046325741
2484,0,1,5,6,1.0,-1.9999996423721313,1.0,0.0,-0.043499985694886535
2485,0,1,5,7,1.0,-1.9999998807907104,1.0,0.0,-0.04349999523162856
2486,0,1,5,8,1.0,-2.0,1.0,0.0,-0.043500000000000004
2487,0,1,5,9,1.0,-1.9999996423721313,1.0,0.0,-0.043499985694886535
2488,0,1,5,10,1.0,-1.999999761581421,1.0,0.0,-0.04349999046325741
2489,0,1,5,11,1.0,-1.999999761581421,1.0,0.0,-0.04349999046325741
2490,0,1,5,12,1.0,-1.9999994039535522,1.0,0.0,-0.043499976158145645
2491,0,1,5,13,1.0,-1.999999761581421,1.0,0.0,-0.04349999046325741
2492,0,1,5,14,1.0,-1.9999995231628418,1.0,0.0,-0.04349998092651595
2493,0,1,5,15,1.0,-1.9999995231628418,1.0,0.0,-0.04349998092651595
2494,0,1,5,16,1.0,-1.9999996423721313,1.0,0.0,-0.043499985694886535
2495,0,1,5,17,1.0,-1.9999994039535522,1.0,0.0,-0.043499976158145645
2496,0,1,5,18,1.0,-1.999999761581421,1.0,0.0,-0.04349999046325741
2497,0,1,5,19,1.0,-2.0,1.0,0.0,-0.043500000000000004
2498,0,1,5,20,1.0,-1.9999996423721313,1.0,0.0,-0.043499985694886535
2499,0,1,6,1,1.0,-2.0,1.0,0.0,-0.043500000000000004
2500,0,1,6,2,1.0,-1.9999994039535522,1.0,0.0,-0.043499976158145645
2501,0,1,6,3,1.0,-1.9999998807907104,1.0,0.0,-0.04349999523162856
2502,0,1,6,4,1.0,-2.0,1.0,0.0,-0.043500000000000004
2503,0,1,6,5,1.0,-1.999999761581421,1.0,0.0,-0.04349999046325741
2504,0,1,6,6,1.0,-1.9999996423721313,1.0,0.0,-0.043499985694886535
2505,0,1,6,7,1.0,-1.9999998807907104,1.0,0.0,-0.04349999523162856
2506,0,1,6,8,1.0,-2.0,1.0,0.0,-0.043500000000000004
2507,0,1,6,9,1.0,-1.9999996423721313,1.0,0.0,-0.043499985694886535
2508,0,1,6,10,1.0,-1.999999761581421,1.0,0.0,-0.04349999046325741
2509,0,1,6,11,1.0,-1.999999761581421,1.0,0.0,-0.04349999046325741
2510,0,1,6,12,1.0,-1.9999994039535522,1.0,0.0,-0.043499976158145645
2511,0,1,6,13,1.0,-1.999999761581421,1.0,0.0,-0.04349999046325741
2512,0,1,6,14,1.0,-1.9999995231628418,1.0,0.0,-0.04349998092651595
2513,0,1,6,15,1.0,-1.9999995231628418,1.0,0.0,-0.04349998092651595
2514,0,1,6,16,1.0,-1.9999996423721313,1.0,0.0,-0.043499985694886535
2515,0,1,6,17,1.0,-1.9999994039535522,1.0,0.0,-0.043499976158145645
2516,0,1,6,18,1.0,-1.999999761581421,1.0,0.0,-0.04349999046325741
2517,0,1,6,19,1.0,-2.0,1.0,0.0,-0.043500000000000004
2518,0,1,6,20,1.0,-1.9999996423721313,1.0,0.0,-0.043499985694886535
2519,0,1,7,1,1.0,-2.0,1.0,0.0,-0.043500000000000004
2520,0,1,7,2,1.0,-1.9999994039535522,1.0,0.0,-0.043499976158145645
2521,0,1,7,3,1.0,-1.9999998807907104,1.0,0.0,-0.04349999523162856
2522,0,1,7,4,1.0,-2.0,1.0,0.0,-0.043500000000000004
2523,0,1,7,5,1.0,-1.999999761581421,1.0,0.0,-0.04349999046325741
2524,0,1,7,6,1.0,-1.9999996423721313,1.0,0.0,-0.043499985694886535
2525,0,1,7,7,1.0,-1.9999998807907104,1.0,0.0,-0.04349999523162856
2526,0,1,7,8,1.0,-2.0,1.0,0.0,-0.043500000000000004
2527,0,1,7,9,1.0,-1.9999996423721313,1.0,0.0,-0.043499985694886535
2528,0,1,7,10,1.0,-1.999999761581421,1.0,0.0,-0.04349999046325741
2529,0,1,7,11,1.0,-1.999999761581421,1.0,0.0,-0.04349999046325741
2530,0,1,7,12,1.0,-1.9999994039535522,1.0,0.0,-0.043499976158145645
2531,0,1,7,13,1.0,-1.999999761581421,1.0,0.0,-0.04349999046325741
2532,0,1,7,14,1.0,-1.9999995231628418,1.0,0.0,-0.04349998092651595
2533,0,1,7,15,1.0,-1.9999995231628418,1.0,0.0,-0.04349998092651595
2534,0,1,7,16,1.0,-1.9999996423721313,1.0,0.0,-0.043499985694886535
2535,0,1,7,17,1.0,-1.9999994039535522,1.0,0.0,-0.043499976158145645
2536,0,1,7,18,1.0,-1.999999761581421,1.0,0.0,-0.04349999046325741
2537,0,1,7,19,1.0,-2.0,1.0,0.0,-0.043500000000000004
2538,0,1,7,20,1.0,-1.9999996423721313,1.0,0.0,-0.043499985694886535
2539,0,1,8,1,1.0,-2.0,1.0,0.0,-0.043500000000000004
2540,0,1,8,2,1.0,-1.9999994039535522,1.0,0.0,-0.043499976158145645
2541,0,1,8,3,1.0,-1.9999998807907104,1.0,0.0,-0.04349999523162856
2542,0,1,8,4,1.0,-2.0,1.0,0.0,-0.043500000000000004
2543,0,1,8,5,1.0,-1.999999761581421,1.0,0.0,-0.04349999046325741
2544,0,1,8,6,1.0,-1.9999996423721313,1.0,0.0,-0.043499985694886535
2545,0,1,8,7,1.0,-1.9999998807907104,1.0,0.0,-0.04349999523162856
2546,0,1,8,8,1.0,-2.0,1.0,0.0,-0.043500000000000004
2547,0,1,8,9,1.0,-1.9999996423721313,1.0,0.0,-0.043499985694886535
2548,0,1,8,10,1.0,-1.999999761581421,1.0,0.0,-0.04349999046325741
2549,0,1,8,11,1.0,-1.999999761581421,1.0,0.0,-0.04349999046325741
2550,0,1,8,12,1.0,-1.9999994039535522,1.0,0.0,-0.043499976158145645
2551,0,1,8,13,1.0,-1.999999761581421,1.0,0.0,-0.04349999046325741
2552,0,1,8,14,1.0,-1.9999995231628418,1.0,0.0,-0.04349998092651595
2553,0,1,8,15,1.0,-1.9999995231628418,1.0,0.0,-0.04349998092651595
2554,0,1,8,16,1.0,-1.9999996423721313,1.0,0.0,-0.043499985694886535
2555,0,1,8,17,1.0,-1.9999994039535522,1.0,0.0,-0.043499976158145645
2556,0,1,8,18,1.0,-1.999999761581421,1.0,0.0,-0.04349999046325741
2557,0,1,8,19,1.0,-2.0,1.0,0.0,-0.043500000000000004
2558,0,1,8,20,1.0,-1.9999996423721313,1.0,0.0,-0.043499985694886535
2559,0,1,9,1,1.0,-2.0,1.0,0.0,-0.043500000000000004
2560,0,1,9,2,1.0,-1.9999994039535522,1.0,0.0,-0.043499976158145645
2561,0,1,9,3,1.0,-1.9999998807907104,1.0,0.0,-0.04349999523162856
2562,0,1,9,4,1.0,-2.0,1.0,0.0,-0.043500000000000004
2563,0,1,9,5,1.0,-1.999999761581421,1.0,0.0,-0.04349999046325741
2564,0,1,9,6,1.0,-1.9999996423721313,1.0,0.0,-0.043499985694886535
2565,0,1,9,7,1.0,-1.9999998807907104,1.0,0.0,-0.04349999523162856
2566,0,1,9,8,1.0,-2.0,1.0,0.0,-0.043500000000000004
2567,0,1,9,9,1.0,-1.9999996423721313,1.0,0.0,-0.043499985694886535
2568,0,1,9,10,1.0,-1.999999761581421,1.0,0.0,-0.04349999046325741
2569,0,1,9,11,1.0,-1.999999761581421,1.0,0.0,-0.04349999046325741
2570,0,1,9,12,1.0,-1.9999994039535522,1.0,0.0,-0.043499976158145645
2571,0,1,9,13,1.0,-1.999999761581421,1.0,0.0,-0.04349999046325741
2572,0,1,9,14,1.0,-1.9999995231628418,1.0,0.0,-0.04349998092651595
2573,0,1,9,15,1.0,-1.9999995231628418,1.0,0.0,-0.04349998092651595
2574,0,1,9,16,1.0,-1.9999996423721313,1.0,0.0,-0.043499985694886535
2575,0,1,9,17,1.0,-1.9999994039535522,1.0,0.0,-0.043499976158145645
2576,0,1,9,18,1.0,-1.999999761581421,1.0,0.0,-0.04349999046325741
2577,0,1,9,19,1.0,-2.0,1.0,0.0,-0.043500000000000004
2578,0,1,9,20,1.0,-1.9999996423721313,1.0,0.0,-0.043499985694886535
2579,0,1,10,1,1.0,-2.0,1.0,0.0,-0.043500000000000004
2580,0,1,10,2,1.0,-1.9999994039535522,1.0,0.0,-0.043499976158145645
2581,0,1,10,3,1.0,-1.9999998807907104,1.0,0.0,-0.04349999523162856
2582,0,1,10,4,1.0,-2.0,1.0,0.0,-0.043500000000000004
2583,0,1,10,5,1.0,-1.999999761581421,1.0,0.0,-0.04349999046325741
2584,0,1,10,6,1.0,-1.9999996423721313,1.0,0.0,-0.043499985694886535
2585,0,1,10,7,1.0,-1.9999998807907104,1.0,0.0,-0.04349999523162856
2586,0,1,10,8,1.0,-2.0,1.0,0.0,-0.043500000000000004
2587,0,1,10,9,1.0,-1.9999996423721313,1.0,0.0,-0.043499985694886535
2588,0,1,10,10,1.0,-1.999999761581421,1.0,0.0,-0.04349999046325741
2589,0,1,10,11,1.0,-1.999999761581421,1.0,0.0,-0.04349999046325741
2590,0,1,10,12,1.0,-1.9999994039535522,1.0,0.0,-0.043499976158145645
2591,0,1,10,13,1.0,-1.999999761581421,1.0,0.0,-0.04349999046325741
2592,0,1,10,14,1.0,-1.9999995231628418,1.0,0.0,-0.04349998092651595
2593,0,1,10,15,1.0,-1.9999995231628418,1.0,0.0,-0.04349998092651595
2594,0,1,10,16,1.0,-1.9999996423721313,1.0,0.0,-0.043499985694886535
2595,0,1,10,17,1.0,-1.9999994039535522,1.0,0.0,-0.043499976158145645
2596,0,1,10,18,1.0,-1.999999761581421,1.0,0.0,-0.04349999046325741
2597,0,1,10,19,1.0,-2.0,1.0,0.0,-0.043500000000000004
2598,0,1,10,20,1.0,-1.9999996423721313,1.0,0.0,-0.043499985694886535
2599,0,1,11,1,1.0,-2.0,1.0,0.0,-0.043500000000000004
2600,0,1,11,2,1.0,-1.9999994039535522,1.0,0.0,-0.043499976158145645
2601,0,1,11,3,1.0,-1.9999998807907104,1.0,0.0,-0.04349999523162856
2602,0,1,11,4,1.0,-2.0,1.0,0.0,-0.043500000000000004
2603,0,1,11,5,1.0,-1.999999761581421,1.0,0.0,-0.04349999046325741
2604,0,1,11,6,1.0,-1.9999996423721313,1.0,0.0,-0.043499985694886535
2605,0,1,11,7,1.0,-1.9999998807907104,1.0,0.0,-0.04349999523162856
2606,0,1,11,8,1.0,-2.0,1.0,0.0,-0.043500000000000004
2607,0,1,11,9,1.0,-1.9999996423721313,1.0,0.0,-0.043499985694886535
2608,0,1,11,10,1.0,-1.999999761581421,1.0,0.0,-0.04349999046325741
2609,0,1,11,11,1.0,-1.999999761581421,1.0,0.0,-0.04349999046325741
2610,0,1,11,12,1.0,-1.9999994039535522,1.0,0.0,-0.043499976158145645
2611,0,1,11,13,1.0,-1.999999761581421,1.0,0.0,-0.04349999046325741
2612,0,1,11,14,1.0,-1.9999995231628418,1.0,0.0,-0.04349998092651595
2613,0,1,11,15,1.0,-1.9999995231628418,1.0,0.0,-0.04349998092651595
2614,0,1,11,16,1.0,-1.9999996423721313,1.0,0.0,-0.043499985694886535
2615,0,1,11,17,1.0,-1.9999994039535522,1.0,0.0,-0.043499976158145645
2616,0,1,11,18,1.0,-1.999999761581421,1.0,0.0,-0.04349999046325741
2617,0,1,11,19,1.0,-2.0,1.0,0.0,-0.043500000000000004
2618,0,1,11,20,1.0,-1.9999996423721313,1.0,0.0,-0.043499985694886535
2619,0,1,12,1,1.0,-2.0,1.0,0.0,-0.043500000000000004
2620,0,1,12,2,1.0,-1.9999994039535522,1.0,0.0,-0.043499976158145645
2621,0,1,12,3,1.0,-1.9999998807907104,1.0,0.0,-0.04349999523162856
2622,0,1,12,4,1.0,-2.0,1.0,0.0,-0.043500000000000004
2623,0,1,12,5,1.0,-1.999999761581421,1.0,0.0,-0.04349999046325741
2624,0,1,12,6,1.0,-1.9999996423721313,1.0,0.0,-0.043499985694886535
2625,0,1,12,7,1.0,-1.9999998807907104,1.0,0.0,-0.04349999523162856
2626,0,1,12,8,1.0,-2.0,1.0,0.0,-0.043500000000000004
2627,0,1,12,9,1.0,-1.9999996423721313,1.0,0.0,-0.043499985694886535
2628,0,1,12,10,1.0,-1.999999761581421,1.0,0.0,-0.04349999046325741
2629,0,1,12,11,1.0,-1.999999761581421,1.0,0.0,-0.04349999046325741
2630,0,1,12,12,1.0,-1.9999994039535522,1.0,0.0,-0.043499976158145645
2631,0,1,12,13,1.0,-1.999999761581421,1.0,0.0,-0.04349999046325741
2632,0,1,12,14,1.0,-1.9999995231628418,1.0,0.0,-0.04349998092651595
2633,0,1,12,15,1.0,-1.9999995231628418,1.0,0.0,-0.04349998092651595
2634,0,1,12,16,1.0,-1.9999996423721313,1.0,0.0,-0.043499985694886535
2635,0,1,12,17,1.0,-1.9999994039535522,1.0,0.0,-0.043499976158145645
2636,0,1,12,18,1.0,-1.999999761581421,1.0,0.0,-0.04349999046325741
2637,0,1,12,19,1.0,-2.0,1.0,0.0,-0.043500000000000004
2638,0,1,12,20,1.0,-1.9999996423721313,1.0,0.0,-0.043499985694886535
2639,0,1,13,1,1.0,-2.0,1.0,0.0,-0.043500000000000004
2640,0,1,13,2,1.0,-1.9999994039535522,1.0,0.0,-0.043499976158145645
2641,0,1,13,3,1.0,-1.9999998807907104,1.0,0.0,-0.04349999523162856
2642,0,1,13,4,1.0,-2.0,1.0,0.0,-0.043500000000000004
2643,0,1,13,5,1.0,-1.999999761581421,1.0,0.0,-0.04349999046325741
2644,0,1,13,6,1.0,-1.9999996423721313,1.0,0.0,-0.043499985694886535
2645,0,1,13,7,1.0,-1.9999998807907104,1.0,0.0,-0.04349999523162856
2646,0,1,13,8,1.0,-2.0,1.0,0.0,-0.043500000000000004
2647,0,1,13,9,1.0,-1.9999996423721313,1.0,0.0,-0.043499985694886535
2648,0,1,13,10,1.0,-1.999999761581421,1.0,0.0,-0.04349999046325741
2649,0,1,13,11,1.0,-1.999999761581421,1.0,0.0,-0.04349999046325741
2650,0,1,13,12,1.0,-1.9999994039535522,1.0,0.0,-0.043499976158145645
2651,0,1,13,13,1.0,-1.999999761581421,1.0,0.0,-0.04349999046325741
2652,0,1,13,14,1.0,-1.9999995231628418,1.0,0.0,-0.04349998092651595
2653,0,1,13,15,1.0,-1.9999995231628418,1.0,0.0,-0.04349998092651595
2654,0,1,13,16,1.0,-1.9999996423721313,1.0,0.0,-0.043499985694886535
2655,0,1,13,17,1.0,-1.9999994039535522,1.0,0.0,-0.043499976158145645
2656,0,1,13,18,1.0,-1.999999761581421,1.0,0.0,-0.04349999046325741
2657,0,1,13,19,1.0,-2.0,1.0,0.0,-0.043500000000000004
2658,0,1,13,20,1.0,-1.9999996423721313,1.0,0.0,-0.043499985694886535
2659,0,1,14,1,1.0,-2.0,1.0,0.0,-0.043500000000000004
2660,0,1,14,2,1.0,-1.9999994039535522,1.0,0.0,-0.043499976158145645
2661,0,1,14,3,1.0,-1.9999998807907104,1.0,0.0,-0.04349999523162856
2662,0,1,14,4,1.0,-2.0,1.0,0.0,-0.043500000000000004
2663,0,1,14,5,1.0,-1.999999761581421,1.0,0.0,-0.04349999046325741
2664,0,1,14,6,1.0,-1.9999996423721313,1.0,0.0,-0.043499985694886535
2665,0,1,14,7,1.0,-1.9999998807907104,1.0,0.0,-0.04349999523162856
2666,0,1,14,8,1.0,-2.0,1.0,0.0,-0.043500000000000004
2667,0,1,14,9,1.0,-1.9999996423721313,1.0,0.0,-0.043499985694886535
2668,0,1,14,10,1.0,-1.999999761581421,1.0,0.0,-0.04349999046325741
2669,0,1,14,11,1.0,-1.999999761581421,1.0,0.0,-0.04349999046325741
2670,0,1,14,12,1.0,-1.9999994039535522,1.0,0.0,-0.043499976158145645
2671,0,1,14,13,1.0,-1.999999761581421,1.0,0.0,-0.04349999046325741
2672,0,1,14,14,1.0,-1.9999995231628418,1.0,0.0,-0.04349998092651595
2673,0,1,14,15,1.0,-1.9999995231628418,1.0,0.0,-0.04349998092651595
2674,0,1,14,16,1.0,-1.9999996423721313,1.0,0.0,-0.043499985694886535
2675,0,1,14,17,1.0,-1.9999994039535522,1.0,0.0,-0.043499976158145645
2676,0,1,14,18,1.0,-1.999999761581421,1.0,0.0,-0.04349999046325741
2677,0,1,14,19,1.0,-2.0,1.0,0.0,-0.043500000000000004
2678,0,1,14,20,1.0,-1.9999996423721313,1.0,0.0,-0.043499985694886535
2679,0,1,15,1,1.0,-2.0,1.0,0.0,-0.043500000000000004
2680,0,1,15,2,1.0,-1.9999994039535522,1.0,0.0,-0.043499976158145645
2681,0,1,15,3,1.0,-1.9999998807907104,1.0,0.0,-0.04349999523162856
2682,0,1,15,4,1.0,-2.0,1.0,0.0,-0.043500000000000004
2683,0,1,15,5,1.0,-1.999999761581421,1.0,0.0,-0.04349999046325741
2684,0,1,15,6,1.0,-1.9999996423721313,1.0,0.0,-0.043499985694886535
2685,0,1,15,7,1.0,-1.9999998807907104,1.0,0.0,-0.04349999523162856
2686,0,1,15,8,1.0,-2.0,1.0,0.0,-0.043500000000000004
2687,0,1,15,9,1.0,-1.9999996423721313,1.0,0.0,-0.043499985694886535
2688,0,1,15,10,1.0,-1.999999761581421,1.0,0.0,-0.04349999046325741
2689,0,1,15,11,1.0,-1.999999761581421,1.0,0.0,-0.04349999046325741
2690,0,1,15,12,1.0,-1.9999994039535522,1.0,0.0,-0.043499976158145645
2691,0,1,15,13,1.0,-1.999999761581421,1.0,0.0,-0.04349999046325741
2692,0,1,15,14,1.0,-1.9999995231628418,1.0,0.0,-0.04349998092651595
2693,0,1,15,15,1.0,-1.9999995231628418,1.0,0.0,-0.04349998092651595
2694,0,1,15,16,1.0,-1.9999996423721313,1.0,0.0,-0.043499985694886535
2695,0,1,15,17,1.0,-1.9999994039535522,1.0,0.0,-0.043499976158145645
2696,0,1,15,18,1.0,-1.999999761581421,1.0,0.0,-0.04349999046325741
2697,0,1,15,19,1.0,-2.0,1.0,0.0,-0.043500000000000004
2698,0,1,15,20,1.0,-1.9999996423721313,1.0,0.0,-0.043499985694886535
2699,0,1,16,1,1.0,-2.0,1.0,0.0,-0.043500000000000004
2700,0,1,16,2,1.0,-1.9999994039535522,1.0,0.0,-0.043499976158145645
2701,0,1,16,3,1.0,-1.9999998807907104,1.0,0.0,-0.04349999523162856
2702,0,1,16,4,1.0,-2.0,1.0,0.0,-0.043500000000000004
2703,0,1,16,5,1.0,-1.999999761581421,1.0,0.0,-0.04349999046325741
2704,0,1,16,6,1.0,-1.9999996423721313,1.0,0.0,-0.043499985694886535
2705,0,1,16,7,1.0,-1.9999998807907104,1.0,0.0,-0.04349999523162856
2706,0,1,16,8,1.0,-2.0,1.0,0.0,-0.043500000000000004
2707,0,1,16,9,1.0,-1.9999996423721313,1.0,0.0,-0.043499985694886535
2708,0,1,16,10,1.0,-1.999999761581421,1.0,0.0,-0.04349999046325741
2709,0,1,16,11,1.0,-1.999999761581421,1.0,0.0,-0.04349999046325741
2710,0,1,16,12,1.0,-1.9999994039535522,1.0,0.0,-0.043499976158145645
2711,0,1,16,13,1.0,-1.999999761581421,1.0,0.0,-0.04349999046325741
2712,0,1,16,14,1.0,-1.9999995231628418,1.0,0.0,-0.04349998092651595
2713,0,1,16,15,1.0,-1.9999995231628418,1.0,0.0,-0.04349998092651595
2714,0,1,16,16,1.0,-1.9999996423721313,1.0,0.0,-0.043499985694886535
2715,0,1,16,17,1.0,-1.9999994039535522,1.0,0.0,-0.043499976158145645
2716,0,1,16,18,1.0,-1.999999761581421,1.0,0.0,-0.04349999046325741
2717,0,1,16,19,1.0,-2.0,1.0,0.0,-0.043500000000000004
2718,0,1,16,20,1.0,-1.9999996423721313,1.0,0.0,-0.043499985694886535
2719,0,1,17,1,1.0,-2.0,1.0,0.0,-0.043500000000000004
2720,0,1,17,2,1.0,-1.9999994039535522,1.0,0.0,-0.043499976158145645
2721,0,1,17,3,1.0,-1.9999998807907104,1.0,0.0,-0.04349999523162856
2722,0,1,17,4,1.0,-2.0,1.0,0.0,-0.043500000000000004
2723,0,1,17,5,1.0,-1.999999761581421,1.0,0.0,-0.04349999046325741
2724,0,1,17,6,1.0,-1.9999996423721313,1.0,0.0,-0.043499985694886535
2725,0,1,17,7,1.0,-1.9999998807907104,1.0,0.0,-0.04349999523162856
2726,0,1,17,8,1.0,-2.0,1.0,0.0,-0.043500000000000004
2727,0,1,17,9,1.0,-1.9999996423721313,1.0,0.0,-0.043499985694886535
2728,0,1,17,10,1.0,-1.999999761581421,1.0,0.0,-0.04349999046325741
2729,0,1,17,11,1.0,-1.999999761581421,1.0,0.0,-0.04349999046325741
2730,0,1,17,12,1.0,-1.9999994039535522,1.0,0.0,-0.043499976158145645
2731,0,1,17,13,1.0,-1.999999761581421,1.0,0.0,-0.04349999046325741
2732,0,1,17,14,1.0,-1.9999995231628418,1.0,0.0,-0.04349998092651595
2733,0,1,17,15,1.0,-1.9999995231628418,1.0,0.0,-0.04349998092651595
2734,0,1,17,16,1.0,-1.9999996423721313,1.0,0.0,-0.043499985694886535
2735,0,1,17,17,1.0,-1.9999994039535522,1.0,0.0,-0.043499976158145645
2736,0,1,17,18,1.0,-1.999999761581421,1.0,0.0,-0.04349999046325741
2737,0,1,17,19,1.0,-2.0,1.0,0.0,-0.043500000000000004
2738,0,1,17,20,1.0,-1.9999996423721313,1.0,0.0,-0.043499985694886535
2739,0,1,18,1,1.0,-2.0,1.0,0.0,-0.043500000000000004
2740,0,1,18,2,1.0,-1.9999994039535522,1.0,0.0,-0.043499976158145645
2741,0,1,18,3,1.0,-1.9999998807907104,1.0,0.0,-0.04349999523162856
2742,0,1,18,4,1.0,-2.0,1.0,0.0,-0.043500000000000004
2743,0,1,18,5,1.0,-1.999999761581421,1.0,0.0,-0.04349999046325741
2744,0,1,18,6,1.0,-1.9999996423721313,1.0,0.0,-0.043499985694886535
2745,0,1,18,7,1.0,-1.9999998807907104,1.0,0.0,-0.04349999523162856
2746,0,1,18,8,1.0,-2.0,1.0,0.0,-0.043500000000000004
2747,0,1,18,9,1.0,-1.9999996423721313,1.0,0.0,-0.043499985694886535
2748,0,1,18,10,1.0,-1.999999761581421,1.0,0.0,-0.04349999046325741
2749,0,1,18,11,1.0,-1.999999761581421,1.0,0.0,-0.04349999046325741
2750,0,1,18,12,1.0,-1.9999994039535522,1.0,0.0,-0.043499976158145645
2751,0,1,18,13,1.0,-1.999999761581421,1.0,0.0,-0.04349999046325741
2752,0,1,18,14,1.0,-1.9999995231628418,1.0,0.0,-0.04349998092651595
2753,0,1,18,15,1.0,-1.9999995231628418,1.0,0.0,-0.04349998092651595
2754,0,1,18,16,1.0,-1.9999996423721313,1.0,0.0,-0.043499985694886535
2755,0,1,18,17,1.0,-1.9999994039535522,1.0,0.0,-0.043499976158145645
2756,0,1,18,18,1.0,-1.999999761581421,1.0,0.0,-0.04349999046325741
2757,0,1,18,19,1.0,-2.0,1.0,0.0,-0.043500000000000004
2758,0,1,18,20,1.0,-1.9999996423721313,1.0,0.0,-0.043499985694886535
2759,0,1,19,1,1.0,-2.0,1.0,0.0,-0.043500000000000004
2760,0,1,19,2,1.0,-1.9999994039535522,1.0,0.0,-0.043499976158145645
2761,0,1,19,3,1.0,-1.9999998807907104,1.0,0.0,-0.04349999523162856
2762,0,1,19,4,1.0,-2.0,1.0,0.0,-0.043500000000000004
2763,0,1,19,5,1.0,-1.999999761581421,1.0,0.0,-0.04349999046325741
2764,0,1,19,6,1.0,-1.9999996423721313,1.0,0.0,-0.043499985694886535
2765,0,1,19,7,1.0,-1.9999998807907104,1.0,0.0,-0.04349999523162856
2766,0,1,19,8,1.0,-2.0,1.0,0.0,-0.043500000000000004
2767,0,1,19,9,1.0,-1.9999996423721313,1.0,0.0,-0.043499985694886535
2768,0,1,19,10,1.0,-1.999999761581421,1.0,0.0,-0.04349999046325741
2769,0,1,19,11,1.0,-1.999999761581421,1.0,0.0,-0.04349999046325741
2770,0,1,19,12,1.0,-1.9999994039535522,1.0,0.0,-0.043499976158145645
2771,0,1,19,13,1.0,-1.999999761581421,1.0,0.0,-0.04349999046325741
2772,0,1,19,14,1.0,-1.9999995231628418,1.0,0.0,-0.04349998092651595
2773,0,1,19,15,1.0,-1.9999995231628418,1.0,0.0,-0.04349998092651595
2774,0,1,19,16,1.0,-1.9999996423721313,1.0,0.0,-0.043499985694886535
2775,0,1,19,17,1.0,-1.9999994039535522,1.0,0.0,-0.043499976158145645
2776,0,1,19,18,1.0,-1.999999761581421,1.0,0.0,-0.04349999046325741
2777,0,1,19,19,1.0,-2.0,1.0,0.0,-0.043500000000000004
2778,0,1,19,20,1.0,-1.9999996423721313,1.0,0.0,-0.043499985694886535
2779,0,1,20,1,1.0,-2.0,1.0,0.0,-0.043500000000000004
2780,0,1,20,2,1.0,-1.9999994039535522,1.0,0.0,-0.043499976158145645
2781,0,1,20,3,1.0,-1.9999998807907104,1.0,0.0,-0.04349999523162856
2782,0,1,20,4,1.0,-2.0,1.0,0.0,-0.043500000000000004
2783,0,1,20,5,1.0,-1.999999761581421,1.0,0.0,-0.04349999046325741
2784,0,1,20,6,1.0,-1.9999996423721313,1.0,0.0,-0.043499985694886535
2785,0,1,20,7,1.0,-1.9999998807907104,1.0,0.0,-0.04349999523162856
2786,0,1,20,8,1.0,-2.0,1.0,0.0,-0.043500000000000004
2787,0,1,20,9,1.0,-1.9999996423721313,1.0,0.0,-0.043499985694886535
2788,0,1,20,10,1.0,-1.999999761581421,1.0,0.0,-0.04349999046325741
2789,0,1,20,11,1.0,-1.999999761581421,1.0,0.0,-0.04349999046325741
2790,0,1,20,12,1.0,-1.9999994039535522,1.0,0.0,-0.043499976158145645
2791,0,1,20,13,1.0,-1.999999761581421,1.0,0.0,-0.04349999046325741
2792,0,1,20,14,1.0,-1.9999995231628418,1.0,0.0,-0.04349998092651595
2793,0,1,20,15,1.0,-1.9999995231628418,1.0,0.0,-0.04349998092651595
2794,0,1,20,16,1.0,-1.9999996423721313,1.0,0.0,-0.043499985694886535
2795,0,1,20,17,1.0,-1.9999994039535522,1.0,0.0,-0.043499976158145645
2796,0,1,20,18,1.0,-1.999999761581421,1.0,0.0,-0.04349999046325741
2797,0,1,20,19,1.0,-2.0,1.0,0.0,-0.043500000000000004
2798,0,1,20,20,1.0,-1.9999996423721313,1.0,0.0,-0.043499985694886535
2799,0,1,21,1,1.0,-2.0,1.0,0.0,-0.043500000000000004
2800,0,1,21,2,1.0,-1.9999994039535522,1.0,0.0,-0.043499976158145645
2801,0,1,21,3,1.0,-1.9999998807907104,1.0,0.0,-0.04349999523162856
2802,0,1,21,4,1.0,-2.0,1.0,0.0,-0.043500000000000004
2803,0,1,21,5,1.0,-1.999999761581421,1.0,0.0,-0.04349999046325741
2804,0,1,21,6,1.0,-1.9999996423721313,1.0,0.0,-0.043499985694886535
2805,0,1,21,7,1.0,-1.9999998807907104,1.0,0.0,-0.04349999523162856
2806,0,1,21,8,1.0,-2.0,1.0,0.0,-0.043500000000000004
2807,0,1,21,9,1.0,-1.9999996423721313,1.0,0.0,-0.043499985694886535
2808,0,1,21,10,1.0,-1.999999761581421,1.0,0.0,-0.04349999046325741
2809,0,1,21,11,1.0,-1.999999761581421,1.0,0.0,-0.04349999046325741
2810,0,1,21,12,1.0,-1.9999994039535522,1.0,0.0,-0.043499976158145645
2811,0,1,21,13,1.0,-1.999999761581421,1.0,0.0,-0.04349999046325741
2812,0,1,21,14,1.0,-1.9999995231628418,1.0,0.0,-0.04349998092651595
2813,0,1,21,15,1.0,-1.9999995231628418,1.0,0.0,-0.04349998092651595
2814,0,1,21,16,1.0,-1.9999996423721313,1.0,0.0,-0.043499985694886535
2815,0,1,21,17,1.0,-1.9999994039535522,1.0,0.0,-0.043499976158145645
2816,0,1,21,18,1.0,-1.999999761581421,1.0,0.0,-0.04349999046325741
2817,0,1,21,19,1.0,-2.0,1.0,0.0,-0.043500000000000004
2818,0,1,21,20,1.0,-1.9999996423721313,1.0,0.0,-0.043499985694886535
2819,0,1,22,1,1.0,-2.0,1.0,0.0,-0.043500000000000004
2820,0,1,22,2,1.0,-1.9999994039535522,1.0,0.0,-0.043499976158145645
2821,0,1,22,3,1.0,-1.9999998807907104,1.0,0.0,-0.04349999523162856
2822,0,1,22,4,1.0,-2.0,1.0,0.0,-0.043500000000000004
2823,0,1,22,5,1.0,-1.999999761581421,1.0,0.0,-0.04349999046325741
2824,0,1,22,6,1.0,-1.9999996423721313,1.0,0.0,-0.043499985694886535
2825,0,1,22,7,1.0,-1.9999998807907104,1.0,0.0,-0.04349999523162856
2826,0,1,22,8,1.0,-2.0,1.0,0.0,-0.043500000000000004
2827,0,1,22,9,1.0,-1.9999996423721313,1.0,0.0,-0.043499985694886535
2828,0,1,22,10,1.0,-1.999999761581421,1.0,0.0,-0.04349999046325741
2829,0,1,22,11,1.0,-1.999999761581421,1.0,0.0,-0.04349999046325741
2830,0,1,22,12,1.0,-1.9999994039535522,1.0,0.0,-0.043499976158145645
2831,0,1,22,13,1.0,-1.999999761581421,1.0,0.0,-0.04349999046325741
2832,0,1,22,14,1.0,-1.9999995231628418,1.0,0.0,-0.04349998092651595
2833,0,1,22,15,1.0,-1.9999995231628418,1.0,0.0,-0.04349998092651595
2834,0,1,22,16,1.0,-1.9999996423721313,1.0,0.0,-0.043499985694886535
2835,0,1,22,17,1.0,-1.9999994039535522,1.0,0.0,-0.043499976158145645
2836,0,1,22,18,1.0,-1.999999761581421,1.0,0.0,-0.04349999046325741
2837,0,1,22,19,1.0,-2.0,1.0,0.0,-0.043500000000000004
2838,0,1,22,20,1.0,-1.9999996423721313,1.0,0.0,-0.043499985694886535
2839,0,1,23,1,1.0,-2.0,1.0,0.0,-0.043500000000000004
2840,0,1,23,2,1.0,-1.9999994039535522,1.0,0.0,-0.043499976158145645
2841,0,1,23,3,1.0,-1.9999998807907104,1.0,0.0,-0.04349999523162856
2842,0,1,23,4,1.0,-2.0,1.0,0.0,-0.043500000000000004
2843,0,1,23,5,1.0,-1.999999761581421,1.0,0.0,-0.04349999046325741
2844,0,1,23,6,1.0,-1.9999996423721313,1.0,0.0,-0.043499985694886535
2845,0,1,23,7,1.0,-1.9999998807907104,1.0,0.0,-0.04349999523162856
2846,0,1,23,8,1.0,-2.0,1.0,0.0,-0.043500000000000004
2847,0,1,23,9,1.0,-1.9999996423721313,1.0,0.0,-0.043499985694886535
2848,0,1,23,10,1.0,-1.999999761581421,1.0,0.0,-0.04349999046325741
2849,0,1,23,11,1.0,-1.999999761581421,1.0,0.0,-0.04349999046325741
2850,0,1,23,12,1.0,-1.9999994039535522,1.0,0.0,-0.043499976158145645
2851,0,1,23,13,1.0,-1.999999761581421,1.0,0.0,-0.04349999046325741
2852,0,1,23,14,1.0,-1.9999995231628418,1.0,0.0,-0.04349998092651595
2853,0,1,23,15,1.0,-1.9999995231628418,1.0,0.0,-0.04349998092651595
2854,0,1,23,16,1.0,-1.9999996423721313,1.0,0.0,-0.043499985694886535
2855,0,1,23,17,1.0,-1.9999994039535522,1.0,0.0,-0.043499976158145645
2856,0,1,23,18,1.0,-1.999999761581421,1.0,0.0,-0.04349999046325741
2857,0,1,23,19,1.0,-2.0,1.0,0.0,-0.043500000000000004
2858,0,1,23,20,1.0,-1.9999996423721313,1.0,0.0,-0.043499985694886535
2859,0,1,24,1,1.0,-2.0,1.0,0.0,-0.043500000000000004
2860,0,1,24,2,1.0,-1.9999994039535522,1.0,0.0,-0.043499976158145645
2861,0,1,24,3,1.0,-1.9999998807907104,1.0,0.0,-0.04349999523162856
2862,0,1,24,4,1.0,-2.0,1.0,0.0,-0.043500000000000004
2863,0,1,24,5,1.0,-1.999999761581421,1.0,0.0,-0.04349999046325741
2864,0,1,24,6,1.0,-1.9999996423721313,1.0,0.0,-0.043499985694886535
2865,0,1,24,7,1.0,-1.9999998807907104,1.0,0.0,-0.04349999523162856
2866,0,1,24,8,1.0,-2.0,1.0,0.0,-0.043500000000000004
2867,0,1,24,9,1.0,-1.9999996423721313,1.0,0.0,-0.043499985694886535
2868,0,1,24,10,1.0,-1.999999761581421,1.0,0.0,-0.04349999046325741
2869,0,1,24,11,1.0,-1.999999761581421,1.0,0.0,-0.04349999046325741
2870,0,1,24,12,1.0,-1.9999994039535522,1.0,0.0,-0.043499976158145645
2871,0,1,24,13,1.0,-1.999999761581421,1.0,0.0,-0.04349999046325741
2872,0,1,24,14,1.0,-1.9999995231628418,1.0,0.0,-0.04349998092651595
2873,0,1,24,15,1.0,-1.9999995231628418,1.0,0.0,-0.04349998092651595
2874,0,1,24,16,1.0,-1.9999996423721313,1.0,0.0,-0.043499985694886535
2875,0,1,24,17,1.0,-1.9999994039535522,1.0,0.0,-0.043499976158145645
2876,0,1,24,18,1.0,-1.999999761581421,1.0,0.0,-0.04349999046325741
2877,0,1,24,19,1.0,-2.0,1.0,0.0,-0.043500000000000004
2878,0,1,24,20,1.0,-1.9999996423721313,1.0,0.0,-0.043499985694886535
2879,0,1,25,1,1.0,-2.0,1.0,0.0,-0.043500000000000004
2880,0,1,25,2,1.0,-1.9999994039535522,1.0,0.0,-0.043499976158145645
2881,0,1,25,3,1.0,-1.9999998807907104,1.0,0.0,-0.04349999523162856
2882,0,1,25,4,1.0,-2.0,1.0,0.0,-0.043500000000000004
2883,0,1,25,5,1.0,-1.999999761581421,1.0,0.0,-0.04349999046325741
2884,0,1,25,6,1.0,-1.9999996423721313,1.0,0.0,-0.043499985694886535
2885,0,1,25,7,1.0,-1.9999998807907104,1.0,0.0,-0.04349999523162856
2886,0,1,25,8,1.0,-2.0,1.0,0.0,-0.043500000000000004
2887,0,1,25,9,1.0,-1.9999996423721313,1.0,0.0,-0.043499985694886535
2888,0,1,25,10,1.0,-1.999999761581421,1.0,0.0,-0.04349999046325741
2889,0,1,25,11,1.0,-1.999999761581421,1.0,0.0,-0.04349999046325741
2890,0,1,25,12,1.0,-1.9999994039535522,1.0,0.0,-0.043499976158145645
2891,0,1,25,13,1.0,-1.999999761581421,1.0,0.0,-0.04349999046325741
2892,0,1,25,14,1.0,-1.9999995231628418,1.0,0.0,-0.04349998092651595
2893,0,1,25,15,1.0,-1.9999995231628418,1.0,0.0,-0.04349998092651595
2894,0,1,25,16,1.0,-1.9999996423721313,1.0,0.0,-0.043499985694886535
2895,0,1,25,17,1.0,-1.9999994039535522,1.0,0.0,-0.043499976158145645
2896,0,1,25,18,1.0,-1.999999761581421,1.0,0.0,-0.04349999046325741
2897,0,1,25,19,1.0,-2.0,1.0,0.0,-0.043500000000000004
2898,0,1,25,20,1.0,-1.9999996423721313,1.0,0.0,-0.043499985694886535
2899,0,1,26,1,1.0,-2.0,1.0,0.0,-0.043500000000000004
2900,0,1,26,2,1.0,-1.9999994039535522,1.0,0.0,-0.043499976158145645
2901,0,1,26,3,1.0,-1.9999998807907104,1.0,0.0,-0.04349999523162856
2902,0,1,26,4,1.0,-2.0,1.0,0.0,-0.043500000000000004
2903,0,1,26,5,1.0,-1.999999761581421,1.0,0.0,-0.04349999046325741
2904,0,1,26,6,1.0,-1.9999996423721313,1.0,0.0,-0.043499985694886535
2905,0,1,26,7,1.0,-1.9999998807907104,1.0,0.0,-0.04349999523162856
2906,0,1,26,8,1.0,-2.0,1.0,0.0,-0.043500000000000004
2907,0,1,26,9,1.0,-1.9999996423721313,1.0,0.0,-0.043499985694886535
2908,0,1,26,10,1.0,-1.999999761581421,1.0,0.0,-0.04349999046325741
2909,0,1,26,11,1.0,-1.999999761581421,1.0,0.0,-0.04349999046325741
2910,0,1,26,12,1.0,-1.9999994039535522,1.0,0.0,-0.043499976158145645
2911,0,1,26,13,1.0,-1.999999761581421,1.0,0.0,-0.04349999046325741
2912,0,1,26,14,1.0,-1.9999995231628418,1.0,0.0,-0.04349998092651595
2913,0,1,26,15,1.0,-1.9999995231628418,1.0,0.0,-0.04349998092651595
2914,0,1,26,16,1.0,-1.9999996423721313,1.0,0.0,-0.043499985694886535
2915,0,1,26,17,1.0,-1.9999994039535522,1.0,0.0,-0.043499976158145645
2916,0,1,26,18,1.0,-1.999999761581421,1.0,0.0,-0.04349999046325741
2917,0,1,26,19,1.0,-2.0,1.0,0.0,-0.043500000000000004
2918,0,1,26,20,1.0,-1.9999996423721313,1.0,0.0,-0.043499985694886535
2919,0,1,27,1,1.0,-2.0,1.0,0.0,-0.043500000000000004
2920,0,1,27,2,1.0,-1.9999994039535522,1.0,0.0,-0.043499976158145645
2921,0,1,27,3,1.0,-1.9999998807907104,1.0,0.0,-0.04349999523162856
2922,0,1,27,4,1.0,-2.0,1.0,0.0,-0.043500000000000004
2923,0,1,27,5,1.0,-1.999999761581421,1.0,0.0,-0.04349999046325741
2924,0,1,27,6,1.0,-1.9999996423721313,1.0,0.0,-0.043499985694886535
2925,0,1,27,7,1.0,-1.9999998807907104,1.0,0.0,-0.04349999523162856
2926,0,1,27,8,1.0,-2.0,1.0,0.0,-0.043500000000000004
2927,0,1,27,9,1.0,-1.9999996423721313,1.0,0.0,-0.043499985694886535
2928,0,1,27,10,1.0,-1.999999761581421,1.0,0.0,-0.04349999046325741
2929,0,1,27,11,1.0,-1.999999761581421,1.0,0.0,-0.04349999046325741
2930,0,1,27,12,1.0,-1.9999994039535522,1.0,0.0,-0.043499976158145645
2931,0,1,27,13,1.0,-1.999999761581421,1.0,0.0,-0.04349999046325741
2932,0,1,27,14,1.0,-1.9999995231628418,1.0,0.0,-0.04349998092651595
2933,0,1,27,15,1.0,-1.9999995231628418,1.0,0.0,-0.04349998092651595
2934,0,1,27,16,1.0,-1.9999996423721313,1.0,0.0,-0.043499985694886535
2935,0,1,27,17,1.0,-1.9999994039535522,1.0,0.0,-0.043499976158145645
2936,0,1,27,18,1.0,-1.999999761581421,1.0,0.0,-0.04349999046325741
2937,0,1,27,19,1.0,-2.0,1.0,0.0,-0.043500000000000004
2938,0,1,27,20,1.0,-1.9999996423721313,1.0,0.0,-0.043499985694886535
2939,0,1,28,1,1.0,-2.0,1.0,0.0,-0.043500000000000004
2940,0,1,28,2,1.0,-1.9999994039535522,1.0,0.0,-0.043499976158145645
2941,0,1,28,3,1.0,-1.9999998807907104,1.0,0.0,-0.04349999523162856
2942,0,1,28,4,1.0,-2.0,1.0,0.0,-0.043500000000000004
2943,0,1,28,5,1.0,-1.999999761581421,1.0,0.0,-0.04349999046325741
2944,0,1,28,6,1.0,-1.9999996423721313,1.0,0.0,-0.043499985694886535
2945,0,1,28,7,1.0,-1.9999998807907104,1.0,0.0,-0.04349999523162856
2946,0,1,28,8,1.0,-2.0,1.0,0.0,-0.043500000000000004
2947,0,1,28,9,1.0,-1.9999996423721313,1.0,0.0,-0.043499985694886535
2948,0,1,28,10,1.0,-1.999999761581421,1.0,0.0,-0.04349999046325741
2949,0,1,28,11,1.0,-1.999999761581421,1.0,0.0,-0.04349999046325741
2950,0,1,28,12,1.0,-1.9999994039535522,1.0,0.0,-0.043499976158145645
2951,0,1,28,13,1.0,-1.999999761581421,1.0,0.0,-0.04349999046325741
2952,0,1,28,14,1.0,-1.9999995231628418,1.0,0.0,-0.04349998092651595
2953,0,1,28,15,1.0,-1.9999995231628418,1.0,0.0,-0.04349998092651595
2954,0,1,28,16,1.0,-1.9999996423721313,1.0,0.0,-0.043499985694886535
2955,0,1,28,17,1.0,-1.9999994039535522,1.0,0.0,-0.043499976158145645
2956,0,1,28,18,1.0,-1.999999761581421,1.0,0.0,-0.04349999046325741
2957,0,1,28,19,1.0,-2.0,1.0,0.0,-0.043500000000000004
2958,0,1,28,20,1.0,-1.9999996423721313,1.0,0.0,-0.043499985694886535
2959,0,1,29,1,1.0,-2.0,1.0,0.0,-0.043500000000000004
2960,0,1,29,2,1.0,-1.9999994039535522,1.0,0.0,-0.043499976158145645
2961,0,1,29,3,1.0,-1.9999998807907104,1.0,0.0,-0.04349999523162856
2962,0,1,29,4,1.0,-2.0,1.0,0.0,-0.043500000000000004
2963,0,1,29,5,1.0,-1.999999761581421,1.0,0.0,-0.04349999046325741
2964,0,1,29,6,1.0,-1.9999996423721313,1.0,0.0,-0.043499985694886535
2965,0,1,29,7,1.0,-1.9999998807907104,1.0,0.0,-0.04349999523162856
2966,0,1,29,8,1.0,-2.0,1.0,0.0,-0.043500000000000004
2967,0,1,29,9,1.0,-1.9999996423721313,1.0,0.0,-0.043499985694886535
2968,0,1,29,10,1.0,-1.999999761581421,1.0,0.0,-0.04349999046325741
2969,0,1,29,11,1.0,-1.999999761581421,1.0,0.0,-0.04349999046325741
2970,0,1,29,12,1.0,-1.9999994039535522,1.0,0.0,-0.043499976158145645
2971,0,1,29,13,1.0,-1.999999761581421,1.0,0.0,-0.04349999046325741
2972,0,1,29,14,1.0,-1.9999995231628418,1.0,0.0,-0.04349998092651595
2973,0,1,29,15,1.0,-1.9999995231628418,1.0,0.0,-0.04349998092651595
2974,0,1,29,16,1.0,-1.9999996423721313,1.0,0.0,-0.043499985694886535
2975,0,1,29,17,1.0,-1.9999994039535522,1.0,0.0,-0.043499976158145645
2976,0,1,29,18,1.0,-1.999999761581421,1.0,0.0,-0.04349999046325741
2977,0,1,29,19,1.0,-2.0,1.0,0.0,-0.043500000000000004
2978,0,1,29,20,1.0,-1.9999996423721313,1.0,0.0,-0.043499985694886535
2979,0,1,30,1,1.0,-2.0,1.0,0.0,-0.043500000000000004
2980,0,1,30,2,1.0,-1.9999994039535522,1.0,0.0,-0.043499976158145645
2981,0,1,30,3,1.0,-1.9999998807907104,1.0,0.0,-0.04349999523162856
2982,0,1,30,4,1.0,-2.0,1.0,0.0,-0.043500000000000004
2983,0,1,30,5,1.0,-1.999999761581421,1.0,0.0,-0.04349999046325741
2984,0,1,30,6,1.0,-1.9999996423721313,1.0,0.0,-0.043499985694886535
2985,0,1,30,7,1.0,-1.9999998807907104,1.0,0.0,-0.04349999523162856
2986,0,1,30,8,1.0,-2.0,1.0,0.0,-0.043500000000000004
2987,0,1,30,9,1.0,-1.9999996423721313,1.0,0.0,-0.043499985694886535
2988,0,1,30,10,1.0,-1.999999761581421,1.0,0.0,-0.04349999046325741
2989,0,1,30,11,1.0,-1.999999761581421,1.0,0.0,-0.04349999046325741
2990,0,1,30,12,1.0,-1.9999994039535522,1.0,0.0,-0.043499976158145645
2991,0,1,30,13,1.0,-1.999999761581421,1.0,0.0,-0.04349999046325741
2992,0,1,30,14,1.0,-1.9999995231628418,1.0,0.0,-0.04349998092651595
2993,0,1,30,15,1.0,-1.9999995231628418,1.0,0.0,-0.04349998092651595
2994,0,1,30,16,1.0,-1.9999996423721313,1.0,0.0,-0.043499985694886535
2995,0,1,30,17,1.0,-1.9999994039535522,1.0,0.0,-0.043499976158145645
2996,0,1,30,18,1.0,-1.999999761581421,1.0,0.0,-0.04349999046325741
2997,0,1,30,19,1.0,-2.0,1.0,0.0,-0.043500000000000004
2998,0,1,30,20,1.0,-1.9999996423721313,1.0,0.0,-0.043499985694886535
2999,0,1,31,1,1.0,-2.0,1.0,0.0,-0.043500000000000004
3000,0,1,31,2,1.0,-1.9999994039535522,1.0,0.0,-0.043499976158145645
3001,0,1,31,3,1.0,-1.9999998807907104,1.0,0.0,-0.04349999523162856
3002,0,1,31,4,1.0,-2.0,1.0,0.0,-0.043500000000000004
3003,0,1,31,5,1.0,-1.999999761581421,1.0,0.0,-0.04349999046325741
3004,0,1,31,6,1.0,-1.9999996423721313,1.0,0.0,-0.043499985694886535
3005,0,1,31,7,1.0,-1.9999998807907104,1.0,0.0,-0.04349999523162856
3006,0,1,31,8,1.0,-2.0,1.0,0.0,-0.043500000000000004
3007,0,1,31,9,1.0,-1.9999996423721313,1.0,0.0,-0.043499985694886535
3008,0,1,31,10,1.0,-1.999999761581421,1.0,0.0,-0.04349999046325741
3009,0,1,31,11,1.0,-1.999999761581421,1.0,0.0,-0.04349999046325741
3010,0,1,31,12,1.0,-1.9999994039535522,1.0,0.0,-0.043499976158145645
3011,0,1,31,13,1.0,-1.999999761581421,1.0,0.0,-0.04349999046325741
3012,0,1,31,14,1.0,-1.9999995231628418,1.0,0.0,-0.04349998092651595
3013,0,1,31,15,1.0,-1.9999995231628418,1.0,0.0,-0.04349998092651595
3014,0,1,31,16,1.0,-1.9999996423721313,1.0,0.0,-0.043499985694886535
3015,0,1,31,17,1.0,-1.9999994039535522,1.0,0.0,-0.043499976158145645
3016,0,1,31,18,1.0,-1.999999761581421,1.0,0.0,-0.04349999046325741
3017,0,1,31,19,1.0,-2.0,1.0,0.0,-0.043500000000000004
3018,0,1,31,20,1.0,-1.9999996423721313,1.0,0.0,-0.043499985694886535
3019,0,1,32,1,1.0,-2.0,1.0,0.0,-0.043500000000000004
3020,0,1,32,2,1.0,-1.9999994039535522,1.0,0.0,-0.043499976158145645
3021,0,1,32,3,1.0,-1.9999998807907104,1.0,0.0,-0.04349999523162856
3022,0,1,32,4,1.0,-2.0,1.0,0.0,-0.043500000000000004
3023,0,1,32,5,1.0,-1.999999761581421,1.0,0.0,-0.04349999046325741
3024,0,1,32,6,1.0,-1.9999996423721313,1.0,0.0,-0.043499985694886535
3025,0,1,32,7,1.0,-1.9999998807907104,1.0,0.0,-0.04349999523162856
3026,0,1,32,8,1.0,-2.0,1.0,0.0,-0.043500000000000004
3027,0,1,32,9,1.0,-1.9999996423721313,1.0,0.0,-0.043499985694886535
3028,0,1,32,10,1.0,-1.999999761581421,1.0,0.0,-0.04349999046325741
3029,0,1,32,11,1.0,-1.999999761581421,1.0,0.0,-0.04349999046325741
3030,0,1,32,12,1.0,-1.9999994039535522,1.0,0.0,-0.043499976158145645
3031,0,1,32,13,1.0,-1.999999761581421,1.0,0.0,-0.04349999046325741
3032,0,1,32,14,1.0,-1.9999995231628418,1.0,0.0,-0.04349998092651595
3033,0,1,32,15,1.0,-1.9999995231628418,1.0,0.0,-0.04349998092651595
3034,0,1,32,16,1.0,-1.9999996423721313,1.0,0.0,-0.043499985694886535
3035,0,1,32,17,1.0,-1.9999994039535522,1.0,0.0,-0.043499976158145645
3036,0,1,32,18,1.0,-1.999999761581421,1.0,0.0,-0.04349999046325741
3037,0,1,32,19,1.0,-2.0,1.0,0.0,-0.043500000000000004
3038,0,1,32,20,1.0,-1.9999996423721313,1.0,0.0,-0.043499985694886535
3039,0,1,33,1,1.0,-2.0,1.0,0.0,-0.043500000000000004
3040,0,1,33,2,1.0,-1.9999994039535522,1.0,0.0,-0.043499976158145645
3041,0,1,33,3,1.0,-1.9999998807907104,1.0,0.0,-0.04349999523162856
3042,0,1,33,4,1.0,-2.0,1.0,0.0,-0.043500000000000004
3043,0,1,33,5,1.0,-1.999999761581421,1.0,0.0,-0.04349999046325741
3044,0,1,33,6,1.0,-1.9999996423721313,1.0,0.0,-0.043499985694886535
3045,0,1,33,7,1.0,-1.9999998807907104,1.0,0.0,-0.04349999523162856
3046,0,1,33,8,1.0,-2.0,1.0,0.0,-0.043500000000000004
3047,0,1,33,9,1.0,-1.9999996423721313,1.0,0.0,-0.043499985694886535
3048,0,1,33,10,1.0,-1.999999761581421,1.0,0.0,-0.04349999046325741
3049,0,1,33,11,1.0,-1.999999761581421,1.0,0.0,-0.04349999046325741
3050,0,1,33,12,1.0,-1.9999994039535522,1.0,0.0,-0.043499976158145645
3051,0,1,33,13,1.0,-1.999999761581421,1.0,0.0,-0.04349999046325741
3052,0,1,33,14,1.0,-1.9999995231628418,1.0,0.0,-0.04349998092651595
3053,0,1,33,15,1.0,-1.9999995231628418,1.0,0.0,-0.04349998092651595
3054,0,1,33,16,1.0,-1.9999996423721313,1.0,0.0,-0.043499985694886535
3055,0,1,33,17,1.0,-1.9999994039535522,1.0,0.0,-0.043499976158145645
3056,0,1,33,18,1.0,-1.999999761581421,1.0,0.0,-0.04349999046325741
3057,0,1,33,19,1.0,-2.0,1.0,0.0,-0.043500000000000004
3058,0,1,33,20,1.0,-1.9999996423721313,1.0,0.0,-0.043499985694886535
3059,0,1,34,1,1.0,-2.0,1.0,0.0,-0.043500000000000004
3060,0,1,34,2,1.0,-1.9999994039535522,1.0,0.0,-0.043499976158145645
3061,0,1,34,3,1.0,-1.9999998807907104,1.0,0.0,-0.04349999523162856
3062,0,1,34,4,1.0,-2.0,1.0,0.0,-0.043500000000000004
3063,0,1,34,5,1.0,-1.999999761581421,1.0,0.0,-0.04349999046325741
3064,0,1,34,6,1.0,-1.9999996423721313,1.0,0.0,-0.043499985694886535
3065,0,1,34,7,1.0,-1.9999998807907104,1.0,0.0,-0.04349999523162856
3066,0,1,34,8,1.0,-2.0,1.0,0.0,-0.043500000000000004
3067,0,1,34,9,1.0,-1.9999996423721313,1.0,0.0,-0.043499985694886535
3068,0,1,34,10,1.0,-1.999999761581421,1.0,0.0,-0.04349999046325741
3069,0,1,34,11,1.0,-1.999999761581421,1.0,0.0,-0.04349999046325741
3070,0,1,34,12,1.0,-1.9999994039535522,1.0,0.0,-0.043499976158145645
3071,0,1,34,13,1.0,-1.999999761581421,1.0,0.0,-0.04349999046325741
3072,0,1,34,14,1.0,-1.9999995231628418,1.0,0.0,-0.04349998092651595
3073,0,1,34,15,1.0,-1.9999995231628418,1.0,0.0,-0.04349998092651595
3074,0,1,34,16,1.0,-1.9999996423721313,1.0,0.0,-0.043499985694886535
3075,0,1,34,17,1.0,-1.9999994039535522,1.0,0.0,-0.043499976158145645
3076,0,1,34,18,1.0,-1.999999761581421,1.0,0.0,-0.04349999046325741
3077,0,1,34,19,1.0,-2.0,1.0,0.0,-0.043500000000000004
3078,0,1,34,20,1.0,-1.9999996423721313,1.0,0.0,-0.043499985694886535
3079,0,1,35,1,1.0,-2.0,1.0,0.0,-0.043500000000000004
3080,0,1,35,2,1.0,-1.9999994039535522,1.0,0.0,-0.043499976158145645
3081,0,1,35,3,1.0,-1.9999998807907104,1.0,0.0,-0.04349999523162856
3082,0,1,35,4,1.0,-2.0,1.0,0.0,-0.043500000000000004
3083,0,1,35,5,1.0,-1.999999761581421,1.0,0.0,-0.04349999046325741
3084,0,1,35,6,1.0,-1.9999996423721313,1.0,0.0,-0.043499985694886535
3085,0,1,35,7,1.0,-1.9999998807907104,1.0,0.0,-0.04349999523162856
3086,0,1,35,8,1.0,-2.0,1.0,0.0,-0.043500000000000004
3087,0,1,35,9,1.0,-1.9999996423721313,1.0,0.0,-0.043499985694886535
3088,0,1,35,10,1.0,-1.999999761581421,1.0,0.0,-0.04349999046325741
3089,0,1,35,11,1.0,-1.999999761581421,1.0,0.0,-0.04349999046325741
3090,0,1,35,12,1.0,-1.9999994039535522,1.0,0.0,-0.043499976158145645
3091,0,1,35,13,1.0,-1.999999761581421,1.0,0.0,-0.04349999046325741
3092,0,1,35,14,1.0,-1.9999995231628418,1.0,0.0,-0.04349998092651595
3093,0,1,35,15,1.0,-1.9999995231628418,1.0,0.0,-0.04349998092651595
3094,0,1,35,16,1.0,-1.9999996423721313,1.0,0.0,-0.043499985694886535
3095,0,1,35,17,1.0,-1.9999994039535522,1.0,0.0,-0.043499976158145645
3096,0,1,35,18,1.0,-1.999999761581421,1.0,0.0,-0.04349999046325741
3097,0,1,35,19,1.0,-2.0,1.0,0.0,-0.043500000000000004
3098,0,1,35,20,1.0,-1.9999996423721313,1.0,0.0,-0.043499985694886535
3099,0,1,36,1,1.0,-2.0,1.0,0.0,-0.043500000000000004
3100,0,1,36,2,1.0,-1.9999994039535522,1.0,0.0,-0.043499976158145645
3101,0,1,36,3,1.0,-1.9999998807907104,1.0,0.0,-0.04349999523162856
3102,0,1,36,4,1.0,-2.0,1.0,0.0,-0.043500000000000004
3103,0,1,36,5,1.0,-1.999999761581421,1.0,0.0,-0.04349999046325741
3104,0,1,36,6,1.0,-1.9999996423721313,1.0,0.0,-0.043499985694886535
3105,0,1,36,7,1.0,-1.9999998807907104,1.0,0.0,-0.04349999523162856
3106,0,1,36,8,1.0,-2.0,1.0,0.0,-0.043500000000000004
3107,0,1,36,9,1.0,-1.9999996423721313,1.0,0.0,-0.043499985694886535
3108,0,1,36,10,1.0,-1.999999761581421,1.0,0.0,-0.04349999046325741
3109,0,1,36,11,1.0,-1.999999761581421,1.0,0.0,-0.04349999046325741
3110,0,1,36,12,1.0,-1.9999994039535522,1.0,0.0,-0.043499976158145645
3111,0,1,36,13,1.0,-1.999999761581421,1.0,0.0,-0.04349999046325741
3112,0,1,36,14,1.0,-1.9999995231628418,1.0,0.0,-0.04349998092651595
3113,0,1,36,15,1.0,-1.9999995231628418,1.0,0.0,-0.04349998092651595
3114,0,1,36,16,1.0,-1.9999996423721313,1.0,0.0,-0.043499985694886535
3115,0,1,36,17,1.0,-1.9999994039535522,1.0,0.0,-0.043499976158145645
3116,0,1,36,18,1.0,-1.999999761581421,1.0,0.0,-0.04349999046325741
3117,0,1,36,19,1.0,-2.0,1.0,0.0,-0.043500000000000004
3118,0,1,36,20,1.0,-1.9999996423721313,1.0,0.0,-0.043499985694886535
3119,0,1,37,1,1.0,-2.0,1.0,0.0,-0.043500000000000004
3120,0,1,37,2,1.0,-1.9999994039535522,1.0,0.0,-0.043499976158145645
3121,0,1,37,3,1.0,-1.9999998807907104,1.0,0.0,-0.04349999523162856
3122,0,1,37,4,1.0,-2.0,1.0,0.0,-0.043500000000000004
3123,0,1,37,5,1.0,-1.999999761581421,1.0,0.0,-0.04349999046325741
3124,0,1,37,6,1.0,-1.9999996423721313,1.0,0.0,-0.043499985694886535
3125,0,1,37,7,1.0,-1.9999998807907104,1.0,0.0,-0.04349999523162856
3126,0,1,37,8,1.0,-2.0,1.0,0.0,-0.043500000000000004
3127,0,1,37,9,1.0,-1.9999996423721313,1.0,0.0,-0.043499985694886535
3128,0,1,37,10,1.0,-1.999999761581421,1.0,0.0,-0.04349999046325741
3129,0,1,37,11,1.0,-1.999999761581421,1.0,0.0,-0.04349999046325741
3130,0,1,37,12,1.0,-1.9999994039535522,1.0,0.0,-0.043499976158145645
3131,0,1,37,13,1.0,-1.999999761581421,1.0,0.0,-0.04349999046325741
3132,0,1,37,14,1.0,-1.9999995231628418,1.0,0.0,-0.04349998092651595
3133,0,1,37,15,1.0,-1.9999995231628418,1.0,0.0,-0.04349998092651595
3134,0,1,37,16,1.0,-1.9999996423721313,1.0,0.0,-0.043499985694886535
3135,0,1,37,17,1.0,-1.9999994039535522,1.0,0.0,-0.043499976158145645
3136,0,1,37,18,1.0,-1.999999761581421,1.0,0.0,-0.04349999046325741
3137,0,1,37,19,1.0,-2.0,1.0,0.0,-0.043500000000000004
3138,0,1,37,20,1.0,-1.9999996423721313,1.0,0.0,-0.043499985694886535
3139,0,1,38,1,1.0,-2.0,1.0,0.0,-0.043500000000000004
3140,0,1,38,2,1.0,-1.9999994039535522,1.0,0.0,-0.043499976158145645
3141,0,1,38,3,1.0,-1.9999998807907104,1.0,0.0,-0.04349999523162856
3142,0,1,38,4,1.0,-2.0,1.0,0.0,-0.043500000000000004
3143,0,1,38,5,1.0,-1.999999761581421,1.0,0.0,-0.04349999046325741
3144,0,1,38,6,1.0,-1.9999996423721313,1.0,0.0,-0.043499985694886535
3145,0,1,38,7,1.0,-1.9999998807907104,1.0,0.0,-0.04349999523162856
3146,0,1,38,8,1.0,-2.0,1.0,0.0,-0.043500000000000004
3147,0,1,38,9,1.0,-1.9999996423721313,1.0,0.0,-0.043499985694886535
3148,0,1,38,10,1.0,-1.999999761581421,1.0,0.0,-0.04349999046325741
3149,0,1,38,11,1.0,-1.999999761581421,1.0,0.0,-0.04349999046325741
3150,0,1,38,12,1.0,-1.9999994039535522,1.0,0.0,-0.043499976158145645
3151,0,1,38,13,1.0,-1.999999761581421,1.0,0.0,-0.04349999046325741
3152,0,1,38,14,1.0,-1.9999995231628418,1.0,0.0,-0.04349998092651595
3153,0,1,38,15,1.0,-1.9999995231628418,1.0,0.0,-0.04349998092651595
3154,0,1,38,16,1.0,-1.9999996423721313,1.0,0.0,-0.043499985694886535
3155,0,1,38,17,1.0,-1.9999994039535522,1.0,0.0,-0.043499976158145645
3156,0,1,38,18,1.0,-1.999999761581421,1.0,0.0,-0.04349999046325741
3157,0,1,38,19,1.0,-2.0,1.0,0.0,-0.043500000000000004
3158,0,1,38,20,1.0,-1.9999996423721313,1.0,0.0,-0.043499985694886535
3159,0,1,39,1,1.0,-2.0,1.0,0.0,-0.043500000000000004
3160,0,1,39,2,1.0,-1.9999994039535522,1.0,0.0,-0.043499976158145645
3161,0,1,39,3,1.0,-1.9999998807907104,1.0,0.0,-0.04349999523162856
3162,0,1,39,4,1.0,-2.0,1.0,0.0,-0.043500000000000004
3163,0,1,39,5,1.0,-1.999999761581421,1.0,0.0,-0.04349999046325741
3164,0,1,39,6,1.0,-1.9999996423721313,1.0,0.0,-0.043499985694886535
3165,0,1,39,7,1.0,-1.9999998807907104,1.0,0.0,-0.04349999523162856
3166,0,1,39,8,1.0,-2.0,1.0,0.0,-0.043500000000000004
3167,0,1,39,9,1.0,-1.9999996423721313,1.0,0.0,-0.043499985694886535
3168,0,1,39,10,1.0,-1.999999761581421,1.0,0.0,-0.04349999046325741
3169,0,1,39,11,1.0,-1.999999761581421,1.0,0.0,-0.04349999046325741
3170,0,1,39,12,1.0,-1.9999994039535522,1.0,0.0,-0.043499976158145645
3171,0,1,39,13,1.0,-1.999999761581421,1.0,0.0,-0.04349999046325741
3172,0,1,39,14,1.0,-1.9999995231628418,1.0,0.0,-0.04349998092651595
3173,0,1,39,15,1.0,-1.9999995231628418,1.0,0.0,-0.04349998092651595
3174,0,1,39,16,1.0,-1.9999996423721313,1.0,0.0,-0.043499985694886535
3175,0,1,39,17,1.0,-1.9999994039535522,1.0,0.0,-0.043499976158145645
3176,0,1,39,18,1.0,-1.999999761581421,1.0,0.0,-0.04349999046325741
3177,0,1,39,19,1.0,-2.0,1.0,0.0,-0.043500000000000004
3178,0,1,39,20,1.0,-1.9999996423721313,1.0,0.0,-0.043499985694886535
3179,0,1,40,1,1.0,-2.0,1.0,0.0,-0.043500000000000004
3180,0,1,40,2,1.0,-1.9999994039535522,1.0,0.0,-0.043499976158145645
3181,0,1,40,3,1.0,-1.9999998807907104,1.0,0.0,-0.04349999523162856
3182,0,1,40,4,1.0,-2.0,1.0,0.0,-0.043500000000000004
3183,0,1,40,5,1.0,-1.999999761581421,1.0,0.0,-0.04349999046325741
3184,0,1,40,6,1.0,-1.9999996423721313,1.0,0.0,-0.043499985694886535
3185,0,1,40,7,1.0,-1.9999998807907104,1.0,0.0,-0.04349999523162856
3186,0,1,40,8,1.0,-2.0,1.0,0.0,-0.043500000000000004
3187,0,1,40,9,1.0,-1.9999996423721313,1.0,0.0,-0.043499985694886535
3188,0,1,40,10,1.0,-1.999999761581421,1.0,0.0,-0.04349999046325741
3189,0,1,40,11,1.0,-1.999999761581421,1.0,0.0,-0.04349999046325741
3190,0,1,40,12,1.0,-1.9999994039535522,1.0,0.0,-0.043499976158145645
3191,0,1,40,13,1.0,-1.999999761581421,1.0,0.0,-0.04349999046325741
3192,0,1,40,14,1.0,-1.9999995231628418,1.0,0.0,-0.04349998092651595
3193,0,1,40,15,1.0,-1.9999995231628418,1.0,0.0,-0.04349998092651595
3194,0,1,40,16,1.0,-1.9999996423721313,1.0,0.0,-0.043499985694886535
3195,0,1,40,17,1.0,-1.9999994039535522,1.0,0.0,-0.043499976158145645
3196,0,1,40,18,1.0,-1.999999761581421,1.0,0.0,-0.04349999046325741
3197,0,1,40,19,1.0,-2.0,1.0,0.0,-0.043500000000000004
3198,0,1,40,20,1.0,-1.9999996423721313,1.0,0.0,-0.043499985694886535
3199,0,1,41,1,1.0,-2.0,1.0,0.0,-0.043500000000000004
3200,0,1,41,2,1.0,-1.9999994039535522,1.0,0.0,-0.043499976158145645
3201,0,1,41,3,1.0,-1.9999998807907104,1.0,0.0,-0.04349999523162856
3202,0,1,41,4,1.0,-2.0,1.0,0.0,-0.043500000000000004
3203,0,1,41,5,1.0,-1.999999761581421,1.0,0.0,-0.04349999046325741
3204,0,1,41,6,1.0,-1.9999996423721313,1.0,0.0,-0.043499985694886535
3205,0,1,41,7,1.0,-1.9999998807907104,1.0,0.0,-0.04349999523162856
3206,0,1,41,8,1.0,-2.0,1.0,0.0,-0.043500000000000004
3207,0,1,41,9,1.0,-1.9999996423721313,1.0,0.0,-0.043499985694886535
3208,0,1,41,10,1.0,-1.999999761581421,1.0,0.0,-0.04349999046325741
3209,0,1,41,11,1.0,-1.999999761581421,1.0,0.0,-0.04349999046325741
3210,0,1,41,12,1.0,-1.9999994039535522,1.0,0.0,-0.043499976158145645
3211,0,1,41,13,1.0,-1.999999761581421,1.0,0.0,-0.04349999046325741
3212,0,1,41,14,1.0,-1.9999995231628418,1.0,0.0,-0.04349998092651595
3213,0,1,41,15,1.0,-1.9999995231628418,1.0,0.0,-0.04349998092651595
3214,0,1,41,16,1.0,-1.9999996423721313,1.0,0.0,-0.043499985694886535
3215,0,1,41,17,1.0,-1.9999994039535522,1.0,0.0,-0.043499976158145645
3216,0,1,41,18,1.0,-1.999999761581421,1.0,0.0,-0.04349999046325741
3217,0,1,41,19,1.0,-2.0,1.0,0.0,-0.043500000000000004
3218,0,1,41,20,1.0,-1.9999996423721313,1.0,0.0,-0.043499985694886535
3219,0,1,42,1,1.0,-2.0,1.0,0.0,-0.043500000000000004
3220,0,1,42,2,1.0,-1.9999994039535522,1.0,0.0,-0.043499976158145645
3221,0,1,42,3,1.0,-1.9999998807907104,1.0,0.0,-0.04349999523162856
3222,0,1,42,4,1.0,-2.0,1.0,0.0,-0.043500000000000004
3223,0,1,42,5,1.0,-1.999999761581421,1.0,0.0,-0.04349999046325741
3224,0,1,42,6,1.0,-1.9999996423721313,1.0,0.0,-0.043499985694886535
3225,0,1,42,7,1.0,-1.9999998807907104,1.0,0.0,-0.04349999523162856
3226,0,1,42,8,1.0,-2.0,1.0,0.0,-0.043500000000000004
3227,0,1,42,9,1.0,-1.9999996423721313,1.0,0.0,-0.043499985694886535
3228,0,1,42,10,1.0,-1.999999761581421,1.0,0.0,-0.04349999046325741
3229,0,1,42,11,1.0,-1.999999761581421,1.0,0.0,-0.04349999046325741
3230,0,1,42,12,1.0,-1.9999994039535522,1.0,0.0,-0.043499976158145645
3231,0,1,42,13,1.0,-1.999999761581421,1.0,0.0,-0.04349999046325741
3232,0,1,42,14,1.0,-1.9999995231628418,1.0,0.0,-0.04349998092651595
3233,0,1,42,15,1.0,-1.9999995231628418,1.0,0.0,-0.04349998092651595
3234,0,1,42,16,1.0,-1.9999996423721313,1.0,0.0,-0.043499985694886535
3235,0,1,42,17,1.0,-1.9999994039535522,1.0,0.0,-0.043499976158145645
3236,0,1,42,18,1.0,-1.999999761581421,1.0,0.0,-0.04349999046325741
3237,0,1,42,19,1.0,-2.0,1.0,0.0,-0.043500000000000004
3238,0,1,42,20,1.0,-1.9999996423721313,1.0,0.0,-0.043499985694886535
3239,0,1,43,1,1.0,-2.0,1.0,0.0,-0.043500000000000004
3240,0,1,43,2,1.0,-1.9999994039535522,1.0,0.0,-0.043499976158145645
3241,0,1,43,3,1.0,-1.9999998807907104,1.0,0.0,-0.04349999523162856
3242,0,1,43,4,1.0,-2.0,1.0,0.0,-0.043500000000000004
3243,0,1,43,5,1.0,-1.999999761581421,1.0,0.0,-0.04349999046325741
3244,0,1,43,6,1.0,-1.9999996423721313,1.0,0.0,-0.043499985694886535
3245,0,1,43,7,1.0,-1.9999998807907104,1.0,0.0,-0.04349999523162856
3246,0,1,43,8,1.0,-2.0,1.0,0.0,-0.043500000000000004
3247,0,1,43,9,1.0,-1.9999996423721313,1.0,0.0,-0.043499985694886535
3248,0,1,43,10,1.0,-1.999999761581421,1.0,0.0,-0.04349999046325741
3249,0,1,43,11,1.0,-1.999999761581421,1.0,0.0,-0.04349999046325741
3250,0,1,43,12,1.0,-1.9999994039535522,1.0,0.0,-0.043499976158145645
3251,0,1,43,13,1.0,-1.999999761581421,1.0,0.0,-0.04349999046325741
3252,0,1,43,14,1.0,-1.9999995231628418,1.0,0.0,-0.04349998092651595
3253,0,1,43,15,1.0,-1.9999995231628418,1.0,0.0,-0.04349998092651595
3254,0,1,43,16,1.0,-1.9999996423721313,1.0,0.0,-0.043499985694886535
3255,0,1,43,17,1.0,-1.9999994039535522,1.0,0.0,-0.043499976158145645
3256,0,1,43,18,1.0,-1.999999761581421,1.0,0.0,-0.04349999046325741
3257,0,1,43,19,1.0,-2.0,1.0,0.0,-0.043500000000000004
3258,0,1,43,20,1.0,-1.9999996423721313,1.0,0.0,-0.043499985694886535
3259,0,1,44,1,1.0,-2.0,1.0,0.0,-0.043500000000000004
3260,0,1,44,2,1.0,-1.9999994039535522,1.0,0.0,-0.043499976158145645
3261,0,1,44,3,1.0,-1.9999998807907104,1.0,0.0,-0.04349999523162856
3262,0,1,44,4,1.0,-2.0,1.0,0.0,-0.043500000000000004
3263,0,1,44,5,1.0,-1.999999761581421,1.0,0.0,-0.04349999046325741
3264,0,1,44,6,1.0,-1.9999996423721313,1.0,0.0,-0.043499985694886535
3265,0,1,44,7,1.0,-1.9999998807907104,1.0,0.0,-0.04349999523162856
3266,0,1,44,8,1.0,-2.0,1.0,0.0,-0.043500000000000004
3267,0,1,44,9,1.0,-1.9999996423721313,1.0,0.0,-0.043499985694886535
3268,0,1,44,10,1.0,-1.999999761581421,1.0,0.0,-0.04349999046325741
3269,0,1,44,11,1.0,-1.999999761581421,1.0,0.0,-0.04349999046325741
3270,0,1,44,12,1.0,-1.9999994039535522,1.0,0.0,-0.043499976158145645
3271,0,1,44,13,1.0,-1.999999761581421,1.0,0.0,-0.04349999046325741
3272,0,1,44,14,1.0,-1.9999995231628418,1.0,0.0,-0.04349998092651595
3273,0,1,44,15,1.0,-1.9999995231628418,1.0,0.0,-0.04349998092651595
3274,0,1,44,16,1.0,-1.9999996423721313,1.0,0.0,-0.043499985694886535
3275,0,1,44,17,1.0,-1.9999994039535522,1.0,0.0,-0.043499976158145645
3276,0,1,44,18,1.0,-1.999999761581421,1.0,0.0,-0.04349999046325741
3277,0,1,44,19,1.0,-2.0,1.0,0.0,-0.043500000000000004
3278,0,1,44,20,1.0,-1.9999996423721313,1.0,0.0,-0.043499985694886535
3279,0,1,45,1,1.0,-2.0,1.0,0.0,-0.043500000000000004
3280,0,1,45,2,1.0,-1.9999994039535522,1.0,0.0,-0.043499976158145645
3281,0,1,45,3,1.0,-1.9999998807907104,1.0,0.0,-0.04349999523162856
3282,0,1,45,4,1.0,-2.0,1.0,0.0,-0.043500000000000004
3283,0,1,45,5,1.0,-1.999999761581421,1.0,0.0,-0.04349999046325741
3284,0,1,45,6,1.0,-1.9999996423721313,1.0,0.0,-0.043499985694886535
3285,0,1,45,7,1.0,-1.9999998807907104,1.0,0.0,-0.04349999523162856
3286,0,1,45,8,1.0,-2.0,1.0,0.0,-0.043500000000000004
3287,0,1,45,9,1.0,-1.9999996423721313,1.0,0.0,-0.043499985694886535
3288,0,1,45,10,1.0,-1.999999761581421,1.0,0.0,-0.04349999046325741
3289,0,1,45,11,1.0,-1.999999761581421,1.0,0.0,-0.04349999046325741
3290,0,1,45,12,1.0,-1.9999994039535522,1.0,0.0,-0.043499976158145645
3291,0,1,45,13,1.0,-1.999999761581421,1.0,0.0,-0.04349999046325741
3292,0,1,45,14,1.0,-1.9999995231628418,1.0,0.0,-0.04349998092651595
3293,0,1,45,15,1.0,-1.9999995231628418,1.0,0.0,-0.04349998092651595
3294,0,1,45,16,1.0,-1.9999996423721313,1.0,0.0,-0.043499985694886535
3295,0,1,45,17,1.0,-1.9999994039535522,1.0,0.0,-0.043499976158145645
3296,0,1,45,18,1.0,-1.999999761581421,1.0,0.0,-0.04349999046325741
3297,0,1,45,19,1.0,-2.0,1.0,0.0,-0.043500000000000004
3298,0,1,45,20,1.0,-1.9999996423721313,1.0,0.0,-0.043499985694886535
3299,0,1,46,1,1.0,-2.0,1.0,0.0,-0.043500000000000004
3300,0,1,46,2,1.0,-1.9999994039535522,1.0,0.0,-0.043499976158145645
3301,0,1,46,3,1.0,-1.9999998807907104,1.0,0.0,-0.04349999523162856
3302,0,1,46,4,1.0,-2.0,1.0,0.0,-0.043500000000000004
3303,0,1,46,5,1.0,-1.999999761581421,1.0,0.0,-0.04349999046325741
3304,0,1,46,6,1.0,-1.9999996423721313,1.0,0.0,-0.043499985694886535
3305,0,1,46,7,1.0,-1.9999998807907104,1.0,0.0,-0.04349999523162856
3306,0,1,46,8,1.0,-2.0,1.0,0.0,-0.043500000000000004
3307,0,1,46,9,1.0,-1.9999996423721313,1.0,0.0,-0.043499985694886535
3308,0,1,46,10,1.0,-1.999999761581421,1.0,0.0,-0.04349999046325741
3309,0,1,46,11,1.0,-1.999999761581421,1.0,0.0,-0.04349999046325741
3310,0,1,46,12,1.0,-1.9999994039535522,1.0,0.0,-0.043499976158145645
3311,0,1,46,13,1.0,-1.999999761581421,1.0,0.0,-0.04349999046325741
3312,0,1,46,14,1.0,-1.9999995231628418,1.0,0.0,-0.04349998092651595
3313,0,1,46,15,1.0,-1.9999995231628418,1.0,0.0,-0.04349998092651595
3314,0,1,46,16,1.0,-1.9999996423721313,1.0,0.0,-0.043499985694886535
3315,0,1,46,17,1.0,-1.9999994039535522,1.0,0.0,-0.043499976158145645
3316,0,1,46,18,1.0,-1.999999761581421,1.0,0.0,-0.04349999046325741
3317,0,1,46,19,1.0,-2.0,1.0,0.0,-0.043500000000000004
3318,0,1,46,20,1.0,-1.9999996423721313,1.0,0.0,-0.043499985694886535
3319,0,1,47,1,1.0,-2.0,1.0,0.0,-0.043500000000000004
3320,0,1,47,2,1.0,-1.9999994039535522,1.0,0.0,-0.043499976158145645
3321,0,1,47,3,1.0,-1.9999998807907104,1.0,0.0,-0.04349999523162856
3322,0,1,47,4,1.0,-2.0,1.0,0.0,-0.043500000000000004
3323,0,1,47,5,1.0,-1.999999761581421,1.0,0.0,-0.04349999046325741
3324,0,1,47,6,1.0,-1.9999996423721313,1.0,0.0,-0.043499985694886535
3325,0,1,47,7,1.0,-1.9999998807907104,1.0,0.0,-0.04349999523162856
3326,0,1,47,8,1.0,-2.0,1.0,0.0,-0.043500000000000004
3327,0,1,47,9,1.0,-1.9999996423721313,1.0,0.0,-0.043499985694886535
3328,0,1,47,10,1.0,-1.999999761581421,1.0,0.0,-0.04349999046325741
3329,0,1,47,11,1.0,-1.999999761581421,1.0,0.0,-0.04349999046325741
3330,0,1,47,12,1.0,-1.9999994039535522,1.0,0.0,-0.043499976158145645
3331,0,1,47,13,1.0,-1.999999761581421,1.0,0.0,-0.04349999046325741
3332,0,1,47,14,1.0,-1.9999995231628418,1.0,0.0,-0.04349998092651595
3333,0,1,47,15,1.0,-1.9999995231628418,1.0,0.0,-0.04349998092651595
3334,0,1,47,16,1.0,-1.9999996423721313,1.0,0.0,-0.043499985694886535
3335,0,1,47,17,1.0,-1.9999994039535522,1.0,0.0,-0.043499976158145645
3336,0,1,47,18,1.0,-1.999999761581421,1.0,0.0,-0.04349999046325741
3337,0,1,47,19,1.0,-2.0,1.0,0.0,-0.043500000000000004
3338,0,1,47,20,1.0,-1.9999996423721313,1.0,0.0,-0.043499985694886535
3339,0,1,48,1,1.0,-2.0,1.0,0.0,-0.043500000000000004
3340,0,1,48,2,1.0,-1.9999994039535522,1.0,0.0,-0.043499976158145645
3341,0,1,48,3,1.0,-1.9999998807907104,1.0,0.0,-0.04349999523162856
3342,0,1,48,4,1.0,-2.0,1.0,0.0,-0.043500000000000004
3343,0,1,48,5,1.0,-1.999999761581421,1.0,0.0,-0.04349999046325741
3344,0,1,48,6,1.0,-1.9999996423721313,1.0,0.0,-0.043499985694886535
3345,0,1,48,7,1.0,-1.9999998807907104,1.0,0.0,-0.04349999523162856
3346,0,1,48,8,1.0,-2.0,1.0,0.0,-0.043500000000000004
3347,0,1,48,9,1.0,-1.9999996423721313,1.0,0.0,-0.043499985694886535
3348,0,1,48,10,1.0,-1.999999761581421,1.0,0.0,-0.04349999046325741
3349,0,1,48,11,1.0,-1.999999761581421,1.0,0.0,-0.04349999046325741
3350,0,1,48,12,1.0,-1.9999994039535522,1.0,0.0,-0.043499976158145645
3351,0,1,48,13,1.0,-1.999999761581421,1.0,0.0,-0.04349999046325741
3352,0,1,48,14,1.0,-1.9999995231628418,1.0,0.0,-0.04349998092651595
3353,0,1,48,15,1.0,-1.9999995231628418,1.0,0.0,-0.04349998092651595
3354,0,1,48,16,1.0,-1.9999996423721313,1.0,0.0,-0.043499985694886535
3355,0,1,48,17,1.0,-1.9999994039535522,1.0,0.0,-0.043499976158145645
3356,0,1,48,18,1.0,-1.999999761581421,1.0,0.0,-0.04349999046325741
3357,0,1,48,19,1.0,-2.0,1.0,0.0,-0.043500000000000004
3358,0,1,48,20,1.0,-1.9999996423721313,1.0,0.0,-0.043499985694886535
3359,0,1,49,1,1.0,-2.0,1.0,0.0,-0.043500000000000004
3360,0,1,49,2,1.0,-1.9999994039535522,1.0,0.0,-0.043499976158145645
3361,0,1,49,3,1.0,-1.9999998807907104,1.0,0.0,-0.04349999523162856
3362,0,1,49,4,1.0,-2.0,1.0,0.0,-0.043500000000000004
3363,0,1,49,5,1.0,-1.999999761581421,1.0,0.0,-0.04349999046325741
3364,0,1,49,6,1.0,-1.9999996423721313,1.0,0.0,-0.043499985694886535
3365,0,1,49,7,1.0,-1.9999998807907104,1.0,0.0,-0.04349999523162856
3366,0,1,49,8,1.0,-2.0,1.0,0.0,-0.043500000000000004
3367,0,1,49,9,1.0,-1.9999996423721313,1.0,0.0,-0.043499985694886535
3368,0,1,49,10,1.0,-1.999999761581421,1.0,0.0,-0.04349999046325741
3369,0,1,49,11,1.0,-1.999999761581421,1.0,0.0,-0.04349999046325741
3370,0,1,49,12,1.0,-1.9999994039535522,1.0,0.0,-0.043499976158145645
3371,0,1,49,13,1.0,-1.999999761581421,1.0,0.0,-0.04349999046325741
3372,0,1,49,14,1.0,-1.9999995231628418,1.0,0.0,-0.04349998092651595
3373,0,1,49,15,1.0,-1.9999995231628418,1.0,0.0,-0.04349998092651595
3374,0,1,49,16,1.0,-1.9999996423721313,1.0,0.0,-0.043499985694886535
3375,0,1,49,17,1.0,-1.9999994039535522,1.0,0.0,-0.043499976158145645
3376,0,1,49,18,1.0,-1.999999761581421,1.0,0.0,-0.04349999046325741
3377,0,1,49,19,1.0,-2.0,1.0,0.0,-0.043500000000000004
3378,0,1,49,20,1.0,-1.9999996423721313,1.0,0.0,-0.043499985694886535
3379,0,1,50,1,1.0,-2.0,1.0,0.0,-0.043500000000000004
3380,0,1,50,2,1.0,-1.9999994039535522,1.0,0.0,-0.043499976158145645
3381,0,1,50,3,1.0,-1.9999998807907104,1.0,0.0,-0.04349999523162856
3382,0,1,50,4,1.0,-2.0,1.0,0.0,-0.043500000000000004
3383,0,1,50,5,1.0,-1.999999761581421,1.0,0.0,-0.04349999046325741
3384,0,1,50,6,1.0,-1.9999996423721313,1.0,0.0,-0.043499985694886535
3385,0,1,50,7,1.0,-1.9999998807907104,1.0,0.0,-0.04349999523162856
3386,0,1,50,8,1.0,-2.0,1.0,0.0,-0.043500000000000004
3387,0,1,50,9,1.0,-1.9999996423721313,1.0,0.0,-0.043499985694886535
3388,0,1,50,10,1.0,-1.999999761581421,1.0,0.0,-0.04349999046325741
3389,0,1,50,11,1.0,-1.999999761581421,1.0,0.0,-0.04349999046325741
3390,0,1,50,12,1.0,-1.9999994039535522,1.0,0.0,-0.043499976158145645
3391,0,1,50,13,1.0,-1.999999761581421,1.0,0.0,-0.04349999046325741
3392,0,1,50,14,1.0,-1.9999995231628418,1.0,0.0,-0.04349998092651595
3393,0,1,50,15,1.0,-1.9999995231628418,1.0,0.0,-0.04349998092651595
3394,0,1,50,16,1.0,-1.9999996423721313,1.0,0.0,-0.043499985694886535
3395,0,1,50,17,1.0,-1.9999994039535522,1.0,0.0,-0.043499976158145645
3396,0,1,50,18,1.0,-1.999999761581421,1.0,0.0,-0.04349999046325741
3397,0,1,50,19,1.0,-2.0,1.0,0.0,-0.043500000000000004
3398,0,1,50,20,1.0,-1.9999996423721313,1.0,0.0,-0.043499985694886535
3399,0,1,51,1,1.0,-2.0,1.0,0.0,-0.043500000000000004
3400,0,1,51,2,1.0,-1.9999994039535522,1.0,0.0,-0.043499976158145645
3401,0,1,51,3,1.0,-1.9999998807907104,1.0,0.0,-0.04349999523162856
3402,0,1,51,4,1.0,-2.0,1.0,0.0,-0.043500000000000004
3403,0,1,51,5,1.0,-1.999999761581421,1.0,0.0,-0.04349999046325741
3404,0,1,51,6,1.0,-1.9999996423721313,1.0,0.0,-0.043499985694886535
3405,0,1,51,7,1.0,-1.9999998807907104,1.0,0.0,-0.04349999523162856
3406,0,1,51,8,1.0,-2.0,1.0,0.0,-0.043500000000000004
3407,0,1,51,9,1.0,-1.9999996423721313,1.0,0.0,-0.043499985694886535
3408,0,1,51,10,1.0,-1.999999761581421,1.0,0.0,-0.04349999046325741
3409,0,1,51,11,1.0,-1.999999761581421,1.0,0.0,-0.04349999046325741
3410,0,1,51,12,1.0,-1.9999994039535522,1.0,0.0,-0.043499976158145645
3411,0,1,51,13,1.0,-1.999999761581421,1.0,0.0,-0.04349999046325741
3412,0,1,51,14,1.0,-1.9999995231628418,1.0,0.0,-0.04349998092651595
3413,0,1,51,15,1.0,-1.9999995231628418,1.0,0.0,-0.04349998092651595
3414,0,1,51,16,1.0,-1.9999996423721313,1.0,0.0,-0.043499985694886535
3415,0,1,51,17,1.0,-1.9999994039535522,1.0,0.0,-0.043499976158145645
3416,0,1,51,18,1.0,-1.999999761581421,1.0,0.0,-0.04349999046325741
3417,0,1,51,19,1.0,-2.0,1.0,0.0,-0.043500000000000004
3418,0,1,51,20,1.0,-1.9999996423721313,1.0,0.0,-0.043499985694886535
3419,0,1,52,1,1.0,-2.0,1.0,0.0,-0.043500000000000004
3420,0,1,52,2,1.0,-1.9999994039535522,1.0,0.0,-0.043499976158145645
3421,0,1,52,3,1.0,-1.9999998807907104,1.0,0.0,-0.04349999523162856
3422,0,1,52,4,1.0,-2.0,1.0,0.0,-0.043500000000000004
3423,0,1,52,5,1.0,-1.999999761581421,1.0,0.0,-0.04349999046325741
3424,0,1,52,6,1.0,-1.9999996423721313,1.0,0.0,-0.043499985694886535
3425,0,1,52,7,1.0,-1.9999998807907104,1.0,0.0,-0.04349999523162856
3426,0,1,52,8,1.0,-2.0,1.0,0.0,-0.043500000000000004
3427,0,1,52,9,1.0,-1.9999996423721313,1.0,0.0,-0.043499985694886535
3428,0,1,52,10,1.0,-1.999999761581421,1.0,0.0,-0.04349999046325741
3429,0,1,52,11,1.0,-1.999999761581421,1.0,0.0,-0.04349999046325741
3430,0,1,52,12,1.0,-1.9999994039535522,1.0,0.0,-0.043499976158145645
3431,0,1,52,13,1.0,-1.999999761581421,1.0,0.0,-0.04349999046325741
3432,0,1,52,14,1.0,-1.9999995231628418,1.0,0.0,-0.04349998092651595
3433,0,1,52,15,1.0,-1.9999995231628418,1.0,0.0,-0.04349998092651595
3434,0,1,52,16,1.0,-1.9999996423721313,1.0,0.0,-0.043499985694886535
3435,0,1,52,17,1.0,-1.9999994039535522,1.0,0.0,-0.043499976158145645
3436,0,1,52,18,1.0,-1.999999761581421,1.0,0.0,-0.04349999046325741
3437,0,1,52,19,1.0,-2.0,1.0,0.0,-0.043500000000000004
3438,0,1,52,20,1.0,-1.9999996423721313,1.0,0.0,-0.043499985694886535
3439,0,1,53,1,1.0,-2.0,1.0,0.0,-0.043500000000000004
3440,0,1,53,2,1.0,-1.9999994039535522,1.0,0.0,-0.043499976158145645
3441,0,1,53,3,1.0,-1.9999998807907104,1.0,0.0,-0.04349999523162856
3442,0,1,53,4,1.0,-2.0,1.0,0.0,-0.043500000000000004
3443,0,1,53,5,1.0,-1.999999761581421,1.0,0.0,-0.04349999046325741
3444,0,1,53,6,1.0,-1.9999996423721313,1.0,0.0,-0.043499985694886535
3445,0,1,53,7,1.0,-1.9999998807907104,1.0,0.0,-0.04349999523162856
3446,0,1,53,8,1.0,-2.0,1.0,0.0,-0.043500000000000004
3447,0,1,53,9,1.0,-1.9999996423721313,1.0,0.0,-0.043499985694886535
3448,0,1,53,10,1.0,-1.999999761581421,1.0,0.0,-0.04349999046325741
3449,0,1,53,11,1.0,-1.999999761581421,1.0,0.0,-0.04349999046325741
3450,0,1,53,12,1.0,-1.9999994039535522,1.0,0.0,-0.043499976158145645
3451,0,1,53,13,1.0,-1.999999761581421,1.0,0.0,-0.04349999046325741
3452,0,1,53,14,1.0,-1.9999995231628418,1.0,0.0,-0.04349998092651595
3453,0,1,53,15,1.0,-1.9999995231628418,1.0,0.0,-0.04349998092651595
3454,0,1,53,16,1.0,-1.9999996423721313,1.0,0.0,-0.043499985694886535
3455,0,1,53,17,1.0,-1.9999994039535522,1.0,0.0,-0.043499976158145645
3456,0,1,53,18,1.0,-1.999999761581421,1.0,0.0,-0.04349999046325741
3457,0,1,53,19,1.0,-2.0,1.0,0.0,-0.043500000000000004
3458,0,1,53,20,1.0,-1.9999996423721313,1.0,0.0,-0.043499985694886535
3459,0,1,54,1,1.0,-2.0,1.0,0.0,-0.043500000000000004
3460,0,1,54,2,1.0,-1.9999994039535522,1.0,0.0,-0.043499976158145645
3461,0,1,54,3,1.0,-1.9999998807907104,1.0,0.0,-0.04349999523162856
3462,0,1,54,4,1.0,-2.0,1.0,0.0,-0.043500000000000004
3463,0,1,54,5,1.0,-1.999999761581421,1.0,0.0,-0.04349999046325741
3464,0,1,54,6,1.0,-1.9999996423721313,1.0,0.0,-0.043499985694886535
3465,0,1,54,7,1.0,-1.9999998807907104,1.0,0.0,-0.04349999523162856
3466,0,1,54,8,1.0,-2.0,1.0,0.0,-0.043500000000000004
3467,0,1,54,9,1.0,-1.9999996423721313,1.0,0.0,-0.043499985694886535
3468,0,1,54,10,1.0,-1.999999761581421,1.0,0.0,-0.04349999046325741
3469,0,1,54,11,1.0,-1.999999761581421,1.0,0.0,-0.04349999046325741
3470,0,1,54,12,1.0,-1.9999994039535522,1.0,0.0,-0.043499976158145645
3471,0,1,54,13,1.0,-1.999999761581421,1.0,0.0,-0.04349999046325741
3472,0,1,54,14,1.0,-1.9999995231628418,1.0,0.0,-0.04349998092651595
3473,0,1,54,15,1.0,-1.9999995231628418,1.0,0.0,-0.04349998092651595
3474,0,1,54,16,1.0,-1.9999996423721313,1.0,0.0,-0.043499985694886535
3475,0,1,54,17,1.0,-1.9999994039535522,1.0,0.0,-0.043499976158145645
3476,0,1,54,18,1.0,-1.999999761581421,1.0,0.0,-0.04349999046325741
3477,0,1,54,19,1.0,-2.0,1.0,0.0,-0.043500000000000004
3478,0,1,54,20,1.0,-1.9999996423721313,1.0,0.0,-0.043499985694886535
3479,0,1,55,1,1.0,-2.0,1.0,0.0,-0.043500000000000004
3480,0,1,55,2,1.0,-1.9999994039535522,1.0,0.0,-0.043499976158145645
3481,0,1,55,3,1.0,-1.9999998807907104,1.0,0.0,-0.04349999523162856
3482,0,1,55,4,1.0,-2.0,1.0,0.0,-0.043500000000000004
3483,0,1,55,5,1.0,-1.999999761581421,1.0,0.0,-0.04349999046325741
3484,0,1,55,6,1.0,-1.9999996423721313,1.0,0.0,-0.043499985694886535
3485,0,1,55,7,1.0,-1.9999998807907104,1.0,0.0,-0.04349999523162856
3486,0,1,55,8,1.0,-2.0,1.0,0.0,-0.043500000000000004
3487,0,1,55,9,1.0,-1.9999996423721313,1.0,0.0,-0.043499985694886535
3488,0,1,55,10,1.0,-1.999999761581421,1.0,0.0,-0.04349999046325741
3489,0,1,55,11,1.0,-1.999999761581421,1.0,0.0,-0.04349999046325741
3490,0,1,55,12,1.0,-1.9999994039535522,1.0,0.0,-0.043499976158145645
3491,0,1,55,13,1.0,-1.999999761581421,1.0,0.0,-0.04349999046325741
3492,0,1,55,14,1.0,-1.9999995231628418,1.0,0.0,-0.04349998092651595
3493,0,1,55,15,1.0,-1.9999995231628418,1.0,0.0,-0.04349998092651595
3494,0,1,55,16,1.0,-1.9999996423721313,1.0,0.0,-0.043499985694886535
3495,0,1,55,17,1.0,-1.9999994039535522,1.0,0.0,-0.043499976158145645
3496,0,1,55,18,1.0,-1.999999761581421,1.0,0.0,-0.04349999046325741
3497,0,1,55,19,1.0,-2.0,1.0,0.0,-0.043500000000000004
3498,0,1,55,20,1.0,-1.9999996423721313,1.0,0.0,-0.043499985694886535
3499,0,1,56,1,1.0,-2.0,1.0,0.0,-0.043500000000000004
3500,0,1,56,2,1.0,-1.9999994039535522,1.0,0.0,-0.043499976158145645
3501,0,1,56,3,1.0,-1.9999998807907104,1.0,0.0,-0.04349999523162856
3502,0,1,56,4,1.0,-2.0,1.0,0.0,-0.043500000000000004
3503,0,1,56,5,1.0,-1.999999761581421,1.0,0.0,-0.04349999046325741
3504,0,1,56,6,1.0,-1.9999996423721313,1.0,0.0,-0.043499985694886535
3505,0,1,56,7,1.0,-1.9999998807907104,1.0,0.0,-0.04349999523162856
3506,0,1,56,8,1.0,-2.0,1.0,0.0,-0.043500000000000004
3507,0,1,56,9,1.0,-1.9999996423721313,1.0,0.0,-0.043499985694886535
3508,0,1,56,10,1.0,-1.999999761581421,1.0,0.0,-0.04349999046325741
3509,0,1,56,11,1.0,-1.999999761581421,1.0,0.0,-0.04349999046325741
3510,0,1,56,12,1.0,-1.9999994039535522,1.0,0.0,-0.043499976158145645
3511,0,1,56,13,1.0,-1.999999761581421,1.0,0.0,-0.04349999046325741
3512,0,1,56,14,1.0,-1.9999995231628418,1.0,0.0,-0.04349998092651595
3513,0,1,56,15,1.0,-1.9999995231628418,1.0,0.0,-0.04349998092651595
3514,0,1,56,16,1.0,-1.9999996423721313,1.0,0.0,-0.043499985694886535
3515,0,1,56,17,1.0,-1.9999994039535522,1.0,0.0,-0.043499976158145645
3516,0,1,56,18,1.0,-1.999999761581421,1.0,0.0,-0.04349999046325741
3517,0,1,56,19,1.0,-2.0,1.0,0.0,-0.043500000000000004
3518,0,1,56,20,1.0,-1.9999996423721313,1.0,0.0,-0.043499985694886535
3519,0,1,57,1,1.0,-2.0,1.0,0.0,-0.043500000000000004
3520,0,1,57,2,1.0,-1.9999994039535522,1.0,0.0,-0.043499976158145645
3521,0,1,57,3,1.0,-1.9999998807907104,1.0,0.0,-0.04349999523162856
3522,0,1,57,4,1.0,-2.0,1.0,0.0,-0.043500000000000004
3523,0,1,57,5,1.0,-1.999999761581421,1.0,0.0,-0.04349999046325741
3524,0,1,57,6,1.0,-1.9999996423721313,1.0,0.0,-0.043499985694886535
3525,0,1,57,7,1.0,-1.9999998807907104,1.0,0.0,-0.04349999523162856
3526,0,1,57,8,1.0,-2.0,1.0,0.0,-0.043500000000000004
3527,0,1,57,9,1.0,-1.9999996423721313,1.0,0.0,-0.043499985694886535
3528,0,1,57,10,1.0,-1.999999761581421,1.0,0.0,-0.04349999046325741
3529,0,1,57,11,1.0,-1.999999761581421,1.0,0.0,-0.04349999046325741
3530,0,1,57,12,1.0,-1.9999994039535522,1.0,0.0,-0.043499976158145645
3531,0,1,57,13,1.0,-1.999999761581421,1.0,0.0,-0.04349999046325741
3532,0,1,57,14,1.0,-1.9999995231628418,1.0,0.0,-0.04349998092651595
3533,0,1,57,15,1.0,-1.9999995231628418,1.0,0.0,-0.04349998092651595
3534,0,1,57,16,1.0,-1.9999996423721313,1.0,0.0,-0.043499985694886535
3535,0,1,57,17,1.0,-1.9999994039535522,1.0,0.0,-0.043499976158145645
3536,0,1,57,18,1.0,-1.999999761581421,1.0,0.0,-0.04349999046325741
3537,0,1,57,19,1.0,-2.0,1.0,0.0,-0.043500000000000004
3538,0,1,57,20,1.0,-1.9999996423721313,1.0,0.0,-0.043499985694886535
3539,0,1,58,1,1.0,-2.0,1.0,0.0,-0.043500000000000004
3540,0,1,58,2,1.0,-1.9999994039535522,1.0,0.0,-0.043499976158145645
3541,0,1,58,3,1.0,-1.9999998807907104,1.0,0.0,-0.04349999523162856
3542,0,1,58,4,1.0,-2.0,1.0,0.0,-0.043500000000000004
3543,0,1,58,5,1.0,-1.999999761581421,1.0,0.0,-0.04349999046325741
3544,0,1,58,6,1.0,-1.9999996423721313,1.0,0.0,-0.043499985694886535
3545,0,1,58,7,1.0,-1.9999998807907104,1.0,0.0,-0.04349999523162856
3546,0,1,58,8,1.0,-2.0,1.0,0.0,-0.043500000000000004
3547,0,1,58,9,1.0,-1.9999996423721313,1.0,0.0,-0.043499985694886535
3548,0,1,58,10,1.0,-1.999999761581421,1.0,0.0,-0.04349999046325741
3549,0,1,58,11,1.0,-1.999999761581421,1.0,0.0,-0.04349999046325741
3550,0,1,58,12,1.0,-1.9999994039535522,1.0,0.0,-0.043499976158145645
3551,0,1,58,13,1.0,-1.999999761581421,1.0,0.0,-0.04349999046325741
3552,0,1,58,14,1.0,-1.9999995231628418,1.0,0.0,-0.04349998092651595
3553,0,1,58,15,1.0,-1.9999995231628418,1.0,0.0,-0.04349998092651595
3554,0,1,58,16,1.0,-1.9999996423721313,1.0,0.0,-0.043499985694886535
3555,0,1,58,17,1.0,-1.9999994039535522,1.0,0.0,-0.043499976158145645
3556,0,1,58,18,1.0,-1.999999761581421,1.0,0.0,-0.04349999046325741
3557,0,1,58,19,1.0,-2.0,1.0,0.0,-0.043500000000000004
3558,0,1,58,20,1.0,-1.9999996423721313,1.0,0.0,-0.043499985694886535
3559,0,1,59,1,1.0,-2.0,1.0,0.0,-0.043500000000000004
3560,0,1,59,2,1.0,-1.9999994039535522,1.0,0.0,-0.043499976158145645
3561,0,1,59,3,1.0,-1.9999998807907104,1.0,0.0,-0.04349999523162856
3562,0,1,59,4,1.0,-2.0,1.0,0.0,-0.043500000000000004
3563,0,1,59,5,1.0,-1.999999761581421,1.0,0.0,-0.04349999046325741
3564,0,1,59,6,1.0,-1.9999996423721313,1.0,0.0,-0.043499985694886535
3565,0,1,59,7,1.0,-1.9999998807907104,1.0,0.0,-0.04349999523162856
3566,0,1,59,8,1.0,-2.0,1.0,0.0,-0.043500000000000004
3567,0,1,59,9,1.0,-1.9999996423721313,1.0,0.0,-0.043499985694886535
3568,0,1,59,10,1.0,-1.999999761581421,1.0,0.0,-0.04349999046325741
3569,0,1,59,11,1.0,-1.999999761581421,1.0,0.0,-0.04349999046325741
3570,0,1,59,12,1.0,-1.9999994039535522,1.0,0.0,-0.043499976158145645
3571,0,1,59,13,1.0,-1.999999761581421,1.0,0.0,-0.04349999046325741
3572,0,1,59,14,1.0,-1.9999995231628418,1.0,0.0,-0.04349998092651595
3573,0,1,59,15,1.0,-1.9999995231628418,1.0,0.0,-0.04349998092651595
3574,0,1,59,16,1.0,-1.9999996423721313,1.0,0.0,-0.043499985694886535
3575,0,1,59,17,1.0,-1.9999994039535522,1.0,0.0,-0.043499976158145645
3576,0,1,59,18,1.0,-1.999999761581421,1.0,0.0,-0.04349999046325741
3577,0,1,59,19,1.0,-2.0,1.0,0.0,-0.043500000000000004
3578,0,1,59,20,1.0,-1.9999996423721313,1.0,0.0,-0.043499985694886535
3579,0,1,60,1,1.0,-2.0,1.0,0.0,-0.043500000000000004
3580,0,1,60,2,1.0,-1.9999994039535522,1.0,0.0,-0.043499976158145645
3581,0,1,60,3,1.0,-1.9999998807907104,1.0,0.0,-0.04349999523162856
3582,0,1,60,4,1.0,-2.0,1.0,0.0,-0.043500000000000004
3583,0,1,60,5,1.0,-1.999999761581421,1.0,0.0,-0.04349999046325741
3584,0,1,60,6,1.0,-1.9999996423721313,1.0,0.0,-0.043499985694886535
3585,0,1,60,7,1.0,-1.9999998807907104,1.0,0.0,-0.04349999523162856
3586,0,1,60,8,1.0,-2.0,1.0,0.0,-0.043500000000000004
3587,0,1,60,9,1.0,-1.9999996423721313,1.0,0.0,-0.043499985694886535
3588,0,1,60,10,1.0,-1.999999761581421,1.0,0.0,-0.04349999046325741
3589,0,1,60,11,1.0,-1.999999761581421,1.0,0.0,-0.04349999046325741
3590,0,1,60,12,1.0,-1.9999994039535522,1.0,0.0,-0.043499976158145645
3591,0,1,60,13,1.0,-1.999999761581421,1.0,0.0,-0.04349999046325741
3592,0,1,60,14,1.0,-1.9999995231628418,1.0,0.0,-0.04349998092651595
3593,0,1,60,15,1.0,-1.9999995231628418,1.0,0.0,-0.04349998092651595
3594,0,1,60,16,1.0,-1.9999996423721313,1.0,0.0,-0.043499985694886535
3595,0,1,60,17,1.0,-1.9999994039535522,1.0,0.0,-0.043499976158145645
3596,0,1,60,18,1.0,-1.999999761581421,1.0,0.0,-0.04349999046325741
3597,0,1,60,19,1.0,-2.0,1.0,0.0,-0.043500000000000004
3598,0,1,60,20,1.0,-1.9999996423721313,1.0,0.0,-0.043499985694886535
3599,0,1,61,1,1.0,-2.0,1.0,0.0,-0.043500000000000004
3600,0,1,61,2,1.0,-1.9999994039535522,1.0,0.0,-0.043499976158145645
3601,0,1,61,3,1.0,-1.9999998807907104,1.0,0.0,-0.04349999523162856
3602,0,1,61,4,1.0,-2.0,1.0,0.0,-0.043500000000000004
3603,0,1,61,5,1.0,-1.999999761581421,1.0,0.0,-0.04349999046325741
3604,0,1,61,6,1.0,-1.9999996423721313,1.0,0.0,-0.043499985694886535
3605,0,1,61,7,1.0,-1.9999998807907104,1.0,0.0,-0.04349999523162856
3606,0,1,61,8,1.0,-2.0,1.0,0.0,-0.043500000000000004
3607,0,1,61,9,1.0,-1.9999996423721313,1.0,0.0,-0.043499985694886535
3608,0,1,61,10,1.0,-1.999999761581421,1.0,0.0,-0.04349999046325741
3609,0,1,61,11,1.0,-1.999999761581421,1.0,0.0,-0.04349999046325741
3610,0,1,61,12,1.0,-1.9999994039535522,1.0,0.0,-0.043499976158145645
3611,0,1,61,13,1.0,-1.999999761581421,1.0,0.0,-0.04349999046325741
3612,0,1,61,14,1.0,-1.9999995231628418,1.0,0.0,-0.04349998092651595
3613,0,1,61,15,1.0,-1.9999995231628418,1.0,0.0,-0.04349998092651595
3614,0,1,61,16,1.0,-1.9999996423721313,1.0,0.0,-0.043499985694886535
3615,0,1,61,17,1.0,-1.9999994039535522,1.0,0.0,-0.043499976158145645
3616,0,1,61,18,1.0,-1.999999761581421,1.0,0.0,-0.04349999046325741
3617,0,1,61,19,1.0,-2.0,1.0,0.0,-0.043500000000000004
3618,0,1,61,20,1.0,-1.9999996423721313,1.0,0.0,-0.043499985694886535
3619,0,1,62,1,1.0,-2.0,1.0,0.0,-0.043500000000000004
3620,0,1,62,2,1.0,-1.9999994039535522,1.0,0.0,-0.043499976158145645
3621,0,1,62,3,1.0,-1.9999998807907104,1.0,0.0,-0.04349999523162856
3622,0,1,62,4,1.0,-2.0,1.0,0.0,-0.043500000000000004
3623,0,1,62,5,1.0,-1.999999761581421,1.0,0.0,-0.04349999046325741
3624,0,1,62,6,1.0,-1.9999996423721313,1.0,0.0,-0.043499985694886535
3625,0,1,62,7,1.0,-1.9999998807907104,1.0,0.0,-0.04349999523162856
3626,0,1,62,8,1.0,-2.0,1.0,0.0,-0.043500000000000004
3627,0,1,62,9,1.0,-1.9999996423721313,1.0,0.0,-0.043499985694886535
3628,0,1,62,10,1.0,-1.999999761581421,1.0,0.0,-0.04349999046325741
3629,0,1,62,11,1.0,-1.999999761581421,1.0,0.0,-0.04349999046325741
3630,0,1,62,12,1.0,-1.9999994039535522,1.0,0.0,-0.043499976158145645
3631,0,1,62,13,1.0,-1.999999761581421,1.0,0.0,-0.04349999046325741
3632,0,1,62,14,1.0,-1.9999995231628418,1.0,0.0,-0.04349998092651595
3633,0,1,62,15,1.0,-1.9999995231628418,1.0,0.0,-0.04349998092651595
3634,0,1,62,16,1.0,-1.9999996423721313,1.0,0.0,-0.043499985694886535
3635,0,1,62,17,1.0,-1.9999994039535522,1.0,0.0,-0.043499976158145645
3636,0,1,62,18,1.0,-1.999999761581421,1.0,0.0,-0.04349999046325741
3637,0,1,62,19,1.0,-2.0,1.0,0.0,-0.043500000000000004
3638,0,1,62,20,1.0,-1.9999996423721313,1.0,0.0,-0.043499985694886535
3639,0,1,63,1,1.0,-2.0,1.0,0.0,-0.043500000000000004
3640,0,1,63,2,1.0,-1.9999994039535522,1.0,0.0,-0.043499976158145645
3641,0,1,63,3,1.0,-1.9999998807907104,1.0,0.0,-0.04349999523162856
3642,0,1,63,4,1.0,-2.0,1.0,0.0,-0.043500000000000004
3643,0,1,63,5,1.0,-1.999999761581421,1.0,0.0,-0.04349999046325741
3644,0,1,63,6,1.0,-1.9999996423721313,1.0,0.0,-0.043499985694886535
3645,0,1,63,7,1.0,-1.9999998807907104,1.0,0.0,-0.04349999523162856
3646,0,1,63,8,1.0,-2.0,1.0,0.0,-0.043500000000000004
3647,0,1,63,9,1.0,-1.9999996423721313,1.0,0.0,-0.043499985694886535
3648,0,1,63,10,1.0,-1.999999761581421,1.0,0.0,-0.04349999046325741
3649,0,1,63,11,1.0,-1.999999761581421,1.0,0.0,-0.04349999046325741
3650,0,1,63,12,1.0,-1.9999994039535522,1.0,0.0,-0.043499976158145645
3651,0,1,63,13,1.0,-1.999999761581421,1.0,0.0,-0.04349999046325741
3652,0,1,63,14,1.0,-1.9999995231628418,1.0,0.0,-0.04349998092651595
3653,0,1,63,15,1.0,-1.9999995231628418,1.0,0.0,-0.04349998092651595
3654,0,1,63,16,1.0,-1.9999996423721313,1.0,0.0,-0.043499985694886535
3655,0,1,63,17,1.0,-1.9999994039535522,1.0,0.0,-0.043499976158145645
3656,0,1,63,18,1.0,-1.999999761581421,1.0,0.0,-0.04349999046325741
3657,0,1,63,19,1.0,-2.0,1.0,0.0,-0.043500000000000004
3658,0,1,63,20,1.0,-1.9999996423721313,1.0,0.0,-0.043499985694886535
3659,0,1,64,1,1.0,-2.0,1.0,0.0,-0.043500000000000004
3660,0,1,64,2,1.0,-1.9999994039535522,1.0,0.0,-0.043499976158145645
3661,0,1,64,3,1.0,-1.9999998807907104,1.0,0.0,-0.04349999523162856
3662,0,1,64,4,1.0,-2.0,1.0,0.0,-0.043500000000000004
3663,0,1,64,5,1.0,-1.999999761581421,1.0,0.0,-0.04349999046325741
3664,0,1,64,6,1.0,-1.9999996423721313,1.0,0.0,-0.043499985694886535
3665,0,1,64,7,1.0,-1.9999998807907104,1.0,0.0,-0.04349999523162856
3666,0,1,64,8,1.0,-2.0,1.0,0.0,-0.043500000000000004
3667,0,1,64,9,1.0,-1.9999996423721313,1.0,0.0,-0.043499985694886535
3668,0,1,64,10,1.0,-1.999999761581421,1.0,0.0,-0.04349999046325741
3669,0,1,64,11,1.0,-1.999999761581421,1.0,0.0,-0.04349999046325741
3670,0,1,64,12,1.0,-1.9999994039535522,1.0,0.0,-0.043499976158145645
3671,0,1,64,13,1.0,-1.999999761581421,1.0,0.0,-0.04349999046325741
3672,0,1,64,14,1.0,-1.9999995231628418,1.0,0.0,-0.04349998092651595
3673,0,1,64,15,1.0,-1.9999995231628418,1.0,0.0,-0.04349998092651595
3674,0,1,64,16,1.0,-1.9999996423721313,1.0,0.0,-0.043499985694886535
3675,0,1,64,17,1.0,-1.9999994039535522,1.0,0.0,-0.043499976158145645
3676,0,1,64,18,1.0,-1.999999761581421,1.0,0.0,-0.04349999046325741
3677,0,1,64,19,1.0,-2.0,1.0,0.0,-0.043500000000000004
3678,0,1,64,20,1.0,-1.9999996423721313,1.0,0.0,-0.043499985694886535
3679,0,1,65,1,1.0,-2.0,1.0,0.0,-0.043500000000000004
3680,0,1,65,2,1.0,-1.9999994039535522,1.0,0.0,-0.043499976158145645
3681,0,1,65,3,1.0,-1.9999998807907104,1.0,0.0,-0.04349999523162856
3682,0,1,65,4,1.0,-2.0,1.0,0.0,-0.043500000000000004
3683,0,1,65,5,1.0,-1.999999761581421,1.0,0.0,-0.04349999046325741
3684,0,1,65,6,1.0,-1.9999996423721313,1.0,0.0,-0.043499985694886535
3685,0,1,65,7,1.0,-1.9999998807907104,1.0,0.0,-0.04349999523162856
3686,0,1,65,8,1.0,-2.0,1.0,0.0,-0.043500000000000004
3687,0,1,65,9,1.0,-1.9999996423721313,1.0,0.0,-0.043499985694886535
3688,0,1,65,10,1.0,-1.999999761581421,1.0,0.0,-0.04349999046325741
3689,0,1,65,11,1.0,-1.999999761581421,1.0,0.0,-0.04349999046325741
3690,0,1,65,12,1.0,-1.9999994039535522,1.0,0.0,-0.043499976158145645
3691,0,1,65,13,1.0,-1.999999761581421,1.0,0.0,-0.04349999046325741
3692,0,1,65,14,1.0,-1.9999995231628418,1.0,0.0,-0.04349998092651595
3693,0,1,65,15,1.0,-1.9999995231628418,1.0,0.0,-0.04349998092651595
3694,0,1,65,16,1.0,-1.9999996423721313,1.0,0.0,-0.043499985694886535
3695,0,1,65,17,1.0,-1.9999994039535522,1.0,0.0,-0.043499976158145645
3696,0,1,65,18,1.0,-1.999999761581421,1.0,0.0,-0.04349999046325741
3697,0,1,65,19,1.0,-2.0,1.0,0.0,-0.043500000000000004
3698,0,1,65,20,1.0,-1.9999996423721313,1.0,0.0,-0.043499985694886535
3699,0,1,66,1,1.0,-2.0,1.0,0.0,-0.043500000000000004
3700,0,1,66,2,1.0,-1.9999994039535522,1.0,0.0,-0.043499976158145645
3701,0,1,66,3,1.0,-1.9999998807907104,1.0,0.0,-0.04349999523162856
3702,0,1,66,4,1.0,-2.0,1.0,0.0,-0.043500000000000004
3703,0,1,66,5,1.0,-1.999999761581421,1.0,0.0,-0.04349999046325741
3704,0,1,66,6,1.0,-1.9999996423721313,1.0,0.0,-0.043499985694886535
3705,0,1,66,7,1.0,-1.9999998807907104,1.0,0.0,-0.04349999523162856
3706,0,1,66,8,1.0,-2.0,1.0,0.0,-0.043500000000000004
3707,0,1,66,9,1.0,-1.9999996423721313,1.0,0.0,-0.043499985694886535
3708,0,1,66,10,1.0,-1.999999761581421,1.0,0.0,-0.04349999046325741
3709,0,1,66,11,1.0,-1.999999761581421,1.0,0.0,-0.04349999046325741
3710,0,1,66,12,1.0,-1.9999994039535522,1.0,0.0,-0.043499976158145645
3711,0,1,66,13,1.0,-1.999999761581421,1.0,0.0,-0.04349999046325741
3712,0,1,66,14,1.0,-1.9999995231628418,1.0,0.0,-0.04349998092651595
3713,0,1,66,15,1.0,-1.9999995231628418,1.0,0.0,-0.04349998092651595
3714,0,1,66,16,1.0,-1.9999996423721313,1.0,0.0,-0.043499985694886535
3715,0,1,66,17,1.0,-1.9999994039535522,1.0,0.0,-0.043499976158145645
3716,0,1,66,18,1.0,-1.999999761581421,1.0,0.0,-0.04349999046325741
3717,0,1,66,19,1.0,-2.0,1.0,0.0,-0.043500000000000004
3718,0,1,66,20,1.0,-1.9999996423721313,1.0,0.0,-0.043499985694886535
3719,0,1,67,1,1.0,-2.0,1.0,0.0,-0.043500000000000004
3720,0,1,67,2,1.0,-1.9999994039535522,1.0,0.0,-0.043499976158145645
3721,0,1,67,3,1.0,-1.9999998807907104,1.0,0.0,-0.04349999523162856
3722,0,1,67,4,1.0,-2.0,1.0,0.0,-0.043500000000000004
3723,0,1,67,5,1.0,-1.999999761581421,1.0,0.0,-0.04349999046325741
3724,0,1,67,6,1.0,-1.9999996423721313,1.0,0.0,-0.043499985694886535
3725,0,1,67,7,1.0,-1.9999998807907104,1.0,0.0,-0.04349999523162856
3726,0,1,67,8,1.0,-2.0,1.0,0.0,-0.043500000000000004
3727,0,1,67,9,1.0,-1.9999996423721313,1.0,0.0,-0.043499985694886535
3728,0,1,67,10,1.0,-1.999999761581421,1.0,0.0,-0.04349999046325741
3729,0,1,67,11,1.0,-1.999999761581421,1.0,0.0,-0.04349999046325741
3730,0,1,67,12,1.0,-1.9999994039535522,1.0,0.0,-0.043499976158145645
3731,0,1,67,13,1.0,-1.999999761581421,1.0,0.0,-0.04349999046325741
3732,0,1,67,14,1.0,-1.9999995231628418,1.0,0.0,-0.04349998092651595
3733,0,1,67,15,1.0,-1.9999995231628418,1.0,0.0,-0.04349998092651595
3734,0,1,67,16,1.0,-1.9999996423721313,1.0,0.0,-0.043499985694886535
3735,0,1,67,17,1.0,-1.9999994039535522,1.0,0.0,-0.043499976158145645
3736,0,1,67,18,1.0,-1.999999761581421,1.0,0.0,-0.04349999046325741
3737,0,1,67,19,1.0,-2.0,1.0,0.0,-0.043500000000000004
3738,0,1,67,20,1.0,-1.9999996423721313,1.0,0.0,-0.043499985694886535
3739,0,1,68,1,1.0,-2.0,1.0,0.0,-0.043500000000000004
3740,0,1,68,2,1.0,-1.9999994039535522,1.0,0.0,-0.043499976158145645
3741,0,1,68,3,1.0,-1.9999998807907104,1.0,0.0,-0.04349999523162856
3742,0,1,68,4,1.0,-2.0,1.0,0.0,-0.043500000000000004
3743,0,1,68,5,1.0,-1.999999761581421,1.0,0.0,-0.04349999046325741
3744,0,1,68,6,1.0,-1.9999996423721313,1.0,0.0,-0.043499985694886535
3745,0,1,68,7,1.0,-1.9999998807907104,1.0,0.0,-0.04349999523162856
3746,0,1,68,8,1.0,-2.0,1.0,0.0,-0.043500000000000004
3747,0,1,68,9,1.0,-1.9999996423721313,1.0,0.0,-0.043499985694886535
3748,0,1,68,10,1.0,-1.999999761581421,1.0,0.0,-0.04349999046325741
3749,0,1,68,11,1.0,-1.999999761581421,1.0,0.0,-0.04349999046325741
3750,0,1,68,12,1.0,-1.9999994039535522,1.0,0.0,-0.043499976158145645
3751,0,1,68,13,1.0,-1.999999761581421,1.0,0.0,-0.04349999046325741
3752,0,1,68,14,1.0,-1.9999995231628418,1.0,0.0,-0.04349998092651595
3753,0,1,68,15,1.0,-1.9999995231628418,1.0,0.0,-0.04349998092651595
3754,0,1,68,16,1.0,-1.9999996423721313,1.0,0.0,-0.043499985694886535
3755,0,1,68,17,1.0,-1.9999994039535522,1.0,0.0,-0.043499976158145645
3756,0,1,68,18,1.0,-1.999999761581421,1.0,0.0,-0.04349999046325741
3757,0,1,68,19,1.0,-2.0,1.0,0.0,-0.043500000000000004
3758,0,1,68,20,1.0,-1.9999996423721313,1.0,0.0,-0.043499985694886535
3759,0,1,69,1,1.0,-2.0,1.0,0.0,-0.043500000000000004
3760,0,1,69,2,1.0,-1.9999994039535522,1.0,0.0,-0.043499976158145645
3761,0,1,69,3,1.0,-1.9999998807907104,1.0,0.0,-0.04349999523162856
3762,0,1,69,4,1.0,-2.0,1.0,0.0,-0.043500000000000004
3763,0,1,69,5,1.0,-1.999999761581421,1.0,0.0,-0.04349999046325741
3764,0,1,69,6,1.0,-1.9999996423721313,1.0,0.0,-0.043499985694886535
3765,0,1,69,7,1.0,-1.9999998807907104,1.0,0.0,-0.04349999523162856
3766,0,1,69,8,1.0,-2.0,1.0,0.0,-0.043500000000000004
3767,0,1,69,9,1.0,-1.9999996423721313,1.0,0.0,-0.043499985694886535
3768,0,1,69,10,1.0,-1.999999761581421,1.0,0.0,-0.04349999046325741
3769,0,1,69,11,1.0,-1.999999761581421,1.0,0.0,-0.04349999046325741
3770,0,1,69,12,1.0,-1.9999994039535522,1.0,0.0,-0.043499976158145645
3771,0,1,69,13,1.0,-1.999999761581421,1.0,0.0,-0.04349999046325741
3772,0,1,69,14,1.0,-1.9999995231628418,1.0,0.0,-0.04349998092651595
3773,0,1,69,15,1.0,-1.9999995231628418,1.0,0.0,-0.04349998092651595
3774,0,1,69,16,1.0,-1.9999996423721313,1.0,0.0,-0.043499985694886535
3775,0,1,69,17,1.0,-1.9999994039535522,1.0,0.0,-0.043499976158145645
3776,0,1,69,18,1.0,-1.999999761581421,1.0,0.0,-0.04349999046325741
3777,0,1,69,19,1.0,-2.0,1.0,0.0,-0.043500000000000004
3778,0,1,69,20,1.0,-1.9999996423721313,1.0,0.0,-0.043499985694886535
3779,0,1,70,1,1.0,-2.0,1.0,0.0,-0.043500000000000004
3780,0,1,70,2,1.0,-1.9999994039535522,1.0,0.0,-0.043499976158145645
3781,0,1,70,3,1.0,-1.9999998807907104,1.0,0.0,-0.04349999523162856
3782,0,1,70,4,1.0,-2.0,1.0,0.0,-0.043500000000000004
3783,0,1,70,5,1.0,-1.999999761581421,1.0,0.0,-0.04349999046325741
3784,0,1,70,6,1.0,-1.9999996423721313,1.0,0.0,-0.043499985694886535
3785,0,1,70,7,1.0,-1.9999998807907104,1.0,0.0,-0.04349999523162856
3786,0,1,70,8,1.0,-2.0,1.0,0.0,-0.043500000000000004
3787,0,1,70,9,1.0,-1.9999996423721313,1.0,0.0,-0.043499985694886535
3788,0,1,70,10,1.0,-1.999999761581421,1.0,0.0,-0.04349999046325741
3789,0,1,70,11,1.0,-1.999999761581421,1.0,0.0,-0.04349999046325741
3790,0,1,70,12,1.0,-1.9999994039535522,1.0,0.0,-0.043499976158145645
3791,0,1,70,13,1.0,-1.999999761581421,1.0,0.0,-0.04349999046325741
3792,0,1,70,14,1.0,-1.9999995231628418,1.0,0.0,-0.04349998092651595
3793,0,1,70,15,1.0,-1.9999995231628418,1.0,0.0,-0.04349998092651595
3794,0,1,70,16,1.0,-1.9999996423721313,1.0,0.0,-0.043499985694886535
3795,0,1,70,17,1.0,-1.9999994039535522,1.0,0.0,-0.043499976158145645
3796,0,1,70,18,1.0,-1.999999761581421,1.0,0.0,-0.04349999046325741
3797,0,1,70,19,1.0,-2.0,1.0,0.0,-0.043500000000000004
3798,0,1,70,20,1.0,-1.9999996423721313,1.0,0.0,-0.043499985694886535
3799,0,1,71,1,1.0,-2.0,1.0,0.0,-0.043500000000000004
3800,0,1,71,2,1.0,-1.9999994039535522,1.0,0.0,-0.043499976158145645
3801,0,1,71,3,1.0,-1.9999998807907104,1.0,0.0,-0.04349999523162856
3802,0,1,71,4,1.0,-2.0,1.0,0.0,-0.043500000000000004
3803,0,1,71,5,1.0,-1.999999761581421,1.0,0.0,-0.04349999046325741
3804,0,1,71,6,1.0,-1.9999996423721313,1.0,0.0,-0.043499985694886535
3805,0,1,71,7,1.0,-1.9999998807907104,1.0,0.0,-0.04349999523162856
3806,0,1,71,8,1.0,-2.0,1.0,0.0,-0.043500000000000004
3807,0,1,71,9,1.0,-1.9999996423721313,1.0,0.0,-0.043499985694886535
3808,0,1,71,10,1.0,-1.999999761581421,1.0,0.0,-0.04349999046325741
3809,0,1,71,11,1.0,-1.999999761581421,1.0,0.0,-0.04349999046325741
3810,0,1,71,12,1.0,-1.9999994039535522,1.0,0.0,-0.043499976158145645
3811,0,1,71,13,1.0,-1.999999761581421,1.0,0.0,-0.04349999046325741
3812,0,1,71,14,1.0,-1.9999995231628418,1.0,0.0,-0.04349998092651595
3813,0,1,71,15,1.0,-1.9999995231628418,1.0,0.0,-0.04349998092651595
3814,0,1,71,16,1.0,-1.9999996423721313,1.0,0.0,-0.043499985694886535
3815,0,1,71,17,1.0,-1.9999994039535522,1.0,0.0,-0.043499976158145645
3816,0,1,71,18,1.0,-1.999999761581421,1.0,0.0,-0.04349999046325741
3817,0,1,71,19,1.0,-2.0,1.0,0.0,-0.043500000000000004
3818,0,1,71,20,1.0,-1.9999996423721313,1.0,0.0,-0.043499985694886535
3819,0,1,72,1,1.0,-2.0,1.0,0.0,-0.043500000000000004
3820,0,1,72,2,1.0,-1.9999994039535522,1.0,0.0,-0.043499976158145645
3821,0,1,72,3,1.0,-1.9999998807907104,1.0,0.0,-0.04349999523162856
3822,0,1,72,4,1.0,-2.0,1.0,0.0,-0.043500000000000004
3823,0,1,72,5,1.0,-1.999999761581421,1.0,0.0,-0.04349999046325741
3824,0,1,72,6,1.0,-1.9999996423721313,1.0,0.0,-0.043499985694886535
3825,0,1,72,7,1.0,-1.9999998807907104,1.0,0.0,-0.04349999523162856
3826,0,1,72,8,1.0,-2.0,1.0,0.0,-0.043500000000000004
3827,0,1,72,9,1.0,-1.9999996423721313,1.0,0.0,-0.043499985694886535
3828,0,1,72,10,1.0,-1.999999761581421,1.0,0.0,-0.04349999046325741
3829,0,1,72,11,1.0,-1.999999761581421,1.0,0.0,-0.04349999046325741
3830,0,1,72,12,1.0,-1.9999994039535522,1.0,0.0,-0.043499976158145645
3831,0,1,72,13,1.0,-1.999999761581421,1.0,0.0,-0.04349999046325741
3832,0,1,72,14,1.0,-1.9999995231628418,1.0,0.0,-0.04349998092651595
3833,0,1,72,15,1.0,-1.9999995231628418,1.0,0.0,-0.04349998092651595
3834,0,1,72,16,1.0,-1.9999996423721313,1.0,0.0,-0.043499985694886535
3835,0,1,72,17,1.0,-1.9999994039535522,1.0,0.0,-0.043499976158145645
3836,0,1,72,18,1.0,-1.999999761581421,1.0,0.0,-0.04349999046325741
3837,0,1,72,19,1.0,-2.0,1.0,0.0,-0.043500000000000004
3838,0,1,72,20,1.0,-1.9999996423721313,1.0,0.0,-0.043499985694886535
3839,0,1,73,1,1.0,-2.0,1.0,0.0,-0.043500000000000004
3840,0,1,73,2,1.0,-1.9999994039535522,1.0,0.0,-0.043499976158145645
3841,0,1,73,3,1.0,-1.9999998807907104,1.0,0.0,-0.04349999523162856
3842,0,1,73,4,1.0,-2.0,1.0,0.0,-0.043500000000000004
3843,0,1,73,5,1.0,-1.999999761581421,1.0,0.0,-0.04349999046325741
3844,0,1,73,6,1.0,-1.9999996423721313,1.0,0.0,-0.043499985694886535
3845,0,1,73,7,1.0,-1.9999998807907104,1.0,0.0,-0.04349999523162856
3846,0,1,73,8,1.0,-2.0,1.0,0.0,-0.043500000000000004
3847,0,1,73,9,1.0,-1.9999996423721313,1.0,0.0,-0.043499985694886535
3848,0,1,73,10,1.0,-1.999999761581421,1.0,0.0,-0.04349999046325741
3849,0,1,73,11,1.0,-1.999999761581421,1.0,0.0,-0.04349999046325741
3850,0,1,73,12,1.0,-1.9999994039535522,1.0,0.0,-0.043499976158145645
3851,0,1,73,13,1.0,-1.999999761581421,1.0,0.0,-0.04349999046325741
3852,0,1,73,14,1.0,-1.9999995231628418,1.0,0.0,-0.04349998092651595
3853,0,1,73,15,1.0,-1.9999995231628418,1.0,0.0,-0.04349998092651595
3854,0,1,73,16,1.0,-1.9999996423721313,1.0,0.0,-0.043499985694886535
3855,0,1,73,17,1.0,-1.9999994039535522,1.0,0.0,-0.043499976158145645
3856,0,1,73,18,1.0,-1.999999761581421,1.0,0.0,-0.04349999046325741
3857,0,1,73,19,1.0,-2.0,1.0,0.0,-0.043500000000000004
3858,0,1,73,20,1.0,-1.9999996423721313,1.0,0.0,-0.043499985694886535
3859,0,1,74,1,1.0,-2.0,1.0,0.0,-0.043500000000000004
3860,0,1,74,2,1.0,-1.9999994039535522,1.0,0.0,-0.043499976158145645
3861,0,1,74,3,1.0,-1.9999998807907104,1.0,0.0,-0.04349999523162856
3862,0,1,74,4,1.0,-2.0,1.0,0.0,-0.043500000000000004
3863,0,1,74,5,1.0,-1.999999761581421,1.0,0.0,-0.04349999046325741
3864,0,1,74,6,1.0,-1.9999996423721313,1.0,0.0,-0.043499985694886535
3865,0,1,74,7,1.0,-1.9999998807907104,1.0,0.0,-0.04349999523162856
3866,0,1,74,8,1.0,-2.0,1.0,0.0,-0.043500000000000004
3867,0,1,74,9,1.0,-1.9999996423721313,1.0,0.0,-0.043499985694886535
3868,0,1,74,10,1.0,-1.999999761581421,1.0,0.0,-0.04349999046325741
3869,0,1,74,11,1.0,-1.999999761581421,1.0,0.0,-0.04349999046325741
3870,0,1,74,12,1.0,-1.9999994039535522,1.0,0.0,-0.043499976158145645
3871,0,1,74,13,1.0,-1.999999761581421,1.0,0.0,-0.04349999046325741
3872,0,1,74,14,1.0,-1.9999995231628418,1.0,0.0,-0.04349998092651595
3873,0,1,74,15,1.0,-1.9999995231628418,1.0,0.0,-0.04349998092651595
3874,0,1,74,16,1.0,-1.9999996423721313,1.0,0.0,-0.043499985694886535
3875,0,1,74,17,1.0,-1.9999994039535522,1.0,0.0,-0.043499976158145645
3876,0,1,74,18,1.0,-1.999999761581421,1.0,0.0,-0.04349999046325741
3877,0,1,74,19,1.0,-2.0,1.0,0.0,-0.043500000000000004
3878,0,1,74,20,1.0,-1.9999996423721313,1.0,0.0,-0.043499985694886535
3879,0,1,75,1,1.0,-2.0,1.0,0.0,-0.043500000000000004
3880,0,1,75,2,1.0,-1.9999994039535522,1.0,0.0,-0.043499976158145645
3881,0,1,75,3,1.0,-1.9999998807907104,1.0,0.0,-0.04349999523162856
3882,0,1,75,4,1.0,-2.0,1.0,0.0,-0.043500000000000004
3883,0,1,75,5,1.0,-1.999999761581421,1.0,0.0,-0.04349999046325741
3884,0,1,75,6,1.0,-1.9999996423721313,1.0,0.0,-0.043499985694886535
3885,0,1,75,7,1.0,-1.9999998807907104,1.0,0.0,-0.04349999523162856
3886,0,1,75,8,1.0,-2.0,1.0,0.0,-0.043500000000000004
3887,0,1,75,9,1.0,-1.9999996423721313,1.0,0.0,-0.043499985694886535
3888,0,1,75,10,1.0,-1.999999761581421,1.0,0.0,-0.04349999046325741
3889,0,1,75,11,1.0,-1.999999761581421,1.0,0.0,-0.04349999046325741
3890,0,1,75,12,1.0,-1.9999994039535522,1.0,0.0,-0.043499976158145645
3891,0,1,75,13,1.0,-1.999999761581421,1.0,0.0,-0.04349999046325741
3892,0,1,75,14,1.0,-1.9999995231628418,1.0,0.0,-0.04349998092651595
3893,0,1,75,15,1.0,-1.9999995231628418,1.0,0.0,-0.04349998092651595
3894,0,1,75,16,1.0,-1.9999996423721313,1.0,0.0,-0.043499985694886535
3895,0,1,75,17,1.0,-1.9999994039535522,1.0,0.0,-0.043499976158145645
3896,0,1,75,18,1.0,-1.999999761581421,1.0,0.0,-0.04349999046325741
3897,0,1,75,19,1.0,-2.0,1.0,0.0,-0.043500000000000004
3898,0,1,75,20,1.0,-1.9999996423721313,1.0,0.0,-0.043499985694886535
3899,0,1,76,1,1.0,-2.0,1.0,0.0,-0.043500000000000004
3900,0,1,76,2,1.0,-1.9999994039535522,1.0,0.0,-0.043499976158145645
3901,0,1,76,3,1.0,-1.9999998807907104,1.0,0.0,-0.04349999523162856
3902,0,1,76,4,1.0,-2.0,1.0,0.0,-0.043500000000000004
3903,0,1,76,5,1.0,-1.999999761581421,1.0,0.0,-0.04349999046325741
3904,0,1,76,6,1.0,-1.9999996423721313,1.0,0.0,-0.043499985694886535
3905,0,1,76,7,1.0,-1.9999998807907104,1.0,0.0,-0.04349999523162856
3906,0,1,76,8,1.0,-2.0,1.0,0.0,-0.043500000000000004
3907,0,1,76,9,1.0,-1.9999996423721313,1.0,0.0,-0.043499985694886535
3908,0,1,76,10,1.0,-1.999999761581421,1.0,0.0,-0.04349999046325741
3909,0,1,76,11,1.0,-1.999999761581421,1.0,0.0,-0.04349999046325741
3910,0,1,76,12,1.0,-1.9999994039535522,1.0,0.0,-0.043499976158145645
3911,0,1,76,13,1.0,-1.999999761581421,1.0,0.0,-0.04349999046325741
3912,0,1,76,14,1.0,-1.9999995231628418,1.0,0.0,-0.04349998092651595
3913,0,1,76,15,1.0,-1.9999995231628418,1.0,0.0,-0.04349998092651595
3914,0,1,76,16,1.0,-1.9999996423721313,1.0,0.0,-0.043499985694886535
3915,0,1,76,17,1.0,-1.9999994039535522,1.0,0.0,-0.043499976158145645
3916,0,1,76,18,1.0,-1.999999761581421,1.0,0.0,-0.04349999046325741
3917,0,1,76,19,1.0,-2.0,1.0,0.0,-0.043500000000000004
3918,0,1,76,20,1.0,-1.9999996423721313,1.0,0.0,-0.043499985694886535
3919,0,1,77,1,1.0,-2.0,1.0,0.0,-0.043500000000000004
3920,0,1,77,2,1.0,-1.9999994039535522,1.0,0.0,-0.043499976158145645
3921,0,1,77,3,1.0,-1.9999998807907104,1.0,0.0,-0.04349999523162856
3922,0,1,77,4,1.0,-2.0,1.0,0.0,-0.043500000000000004
3923,0,1,77,5,1.0,-1.999999761581421,1.0,0.0,-0.04349999046325741
3924,0,1,77,6,1.0,-1.9999996423721313,1.0,0.0,-0.043499985694886535
3925,0,1,77,7,1.0,-1.9999998807907104,1.0,0.0,-0.04349999523162856
3926,0,1,77,8,1.0,-2.0,1.0,0.0,-0.043500000000000004
3927,0,1,77,9,1.0,-1.9999996423721313,1.0,0.0,-0.043499985694886535
3928,0,1,77,10,1.0,-1.999999761581421,1.0,0.0,-0.04349999046325741
3929,0,1,77,11,1.0,-1.999999761581421,1.0,0.0,-0.04349999046325741
3930,0,1,77,12,1.0,-1.9999994039535522,1.0,0.0,-0.043499976158145645
3931,0,1,77,13,1.0,-1.999999761581421,1.0,0.0,-0.04349999046325741
3932,0,1,77,14,1.0,-1.9999995231628418,1.0,0.0,-0.04349998092651595
3933,0,1,77,15,1.0,-1.9999995231628418,1.0,0.0,-0.04349998092651595
3934,0,1,77,16,1.0,-1.9999996423721313,1.0,0.0,-0.043499985694886535
3935,0,1,77,17,1.0,-1.9999994039535522,1.0,0.0,-0.043499976158145645
3936,0,1,77,18,1.0,-1.999999761581421,1.0,0.0,-0.04349999046325741
3937,0,1,77,19,1.0,-2.0,1.0,0.0,-0.043500000000000004
3938,0,1,77,20,1.0,-1.9999996423721313,1.0,0.0,-0.043499985694886535
3939,0,1,78,1,1.0,-2.0,1.0,0.0,-0.043500000000000004
3940,0,1,78,2,1.0,-1.9999994039535522,1.0,0.0,-0.043499976158145645
3941,0,1,78,3,1.0,-1.9999998807907104,1.0,0.0,-0.04349999523162856
3942,0,1,78,4,1.0,-2.0,1.0,0.0,-0.043500000000000004
3943,0,1,78,5,1.0,-1.999999761581421,1.0,0.0,-0.04349999046325741
3944,0,1,78,6,1.0,-1.9999996423721313,1.0,0.0,-0.043499985694886535
3945,0,1,78,7,1.0,-1.9999998807907104,1.0,0.0,-0.04349999523162856
3946,0,1,78,8,1.0,-2.0,1.0,0.0,-0.043500000000000004
3947,0,1,78,9,1.0,-1.9999996423721313,1.0,0.0,-0.043499985694886535
3948,0,1,78,10,1.0,-1.999999761581421,1.0,0.0,-0.04349999046325741
3949,0,1,78,11,1.0,-1.999999761581421,1.0,0.0,-0.04349999046325741
3950,0,1,78,12,1.0,-1.9999994039535522,1.0,0.0,-0.043499976158145645
3951,0,1,78,13,1.0,-1.999999761581421,1.0,0.0,-0.04349999046325741
3952,0,1,78,14,1.0,-1.9999995231628418,1.0,0.0,-0.04349998092651595
3953,0,1,78,15,1.0,-1.9999995231628418,1.0,0.0,-0.04349998092651595
3954,0,1,78,16,1.0,-1.9999996423721313,1.0,0.0,-0.043499985694886535
3955,0,1,78,17,1.0,-1.9999994039535522,1.0,0.0,-0.043499976158145645
3956,0,1,78,18,1.0,-1.999999761581421,1.0,0.0,-0.04349999046325741
3957,0,1,78,19,1.0,-2.0,1.0,0.0,-0.043500000000000004
3958,0,1,78,20,1.0,-1.9999996423721313,1.0,0.0,-0.043499985694886535
3959,0,1,79,1,1.0,-2.0,1.0,0.0,-0.043500000000000004
3960,0,1,79,2,1.0,-1.9999994039535522,1.0,0.0,-0.043499976158145645
3961,0,1,79,3,1.0,-1.9999998807907104,1.0,0.0,-0.04349999523162856
3962,0,1,79,4,1.0,-2.0,1.0,0.0,-0.043500000000000004
3963,0,1,79,5,1.0,-1.999999761581421,1.0,0.0,-0.04349999046325741
3964,0,1,79,6,1.0,-1.9999996423721313,1.0,0.0,-0.043499985694886535
3965,0,1,79,7,1.0,-1.9999998807907104,1.0,0.0,-0.04349999523162856
3966,0,1,79,8,1.0,-2.0,1.0,0.0,-0.043500000000000004
3967,0,1,79,9,1.0,-1.9999996423721313,1.0,0.0,-0.043499985694886535
3968,0,1,79,10,1.0,-1.999999761581421,1.0,0.0,-0.04349999046325741
3969,0,1,79,11,1.0,-1.999999761581421,1.0,0.0,-0.04349999046325741
3970,0,1,79,12,1.0,-1.9999994039535522,1.0,0.0,-0.043499976158145645
3971,0,1,79,13,1.0,-1.999999761581421,1.0,0.0,-0.04349999046325741
3972,0,1,79,14,1.0,-1.9999995231628418,1.0,0.0,-0.04349998092651595
3973,0,1,79,15,1.0,-1.9999995231628418,1.0,0.0,-0.04349998092651595
3974,0,1,79,16,1.0,-1.9999996423721313,1.0,0.0,-0.043499985694886535
3975,0,1,79,17,1.0,-1.9999994039535522,1.0,0.0,-0.043499976158145645
3976,0,1,79,18,1.0,-1.999999761581421,1.0,0.0,-0.04349999046325741
3977,0,1,79,19,1.0,-2.0,1.0,0.0,-0.043500000000000004
3978,0,1,79,20,1.0,-1.9999996423721313,1.0,0.0,-0.043499985694886535
3979,0,1,80,1,1.0,-2.0,1.0,0.0,-0.043500000000000004
3980,0,1,80,2,1.0,-1.9999994039535522,1.0,0.0,-0.043499976158145645
3981,0,1,80,3,1.0,-1.9999998807907104,1.0,0.0,-0.04349999523162856
3982,0,1,80,4,1.0,-2.0,1.0,0.0,-0.043500000000000004
3983,0,1,80,5,1.0,-1.999999761581421,1.0,0.0,-0.04349999046325741
3984,0,1,80,6,1.0,-1.9999996423721313,1.0,0.0,-0.043499985694886535
3985,0,1,80,7,1.0,-1.9999998807907104,1.0,0.0,-0.04349999523162856
3986,0,1,80,8,1.0,-2.0,1.0,0.0,-0.043500000000000004
3987,0,1,80,9,1.0,-1.9999996423721313,1.0,0.0,-0.043499985694886535
3988,0,1,80,10,1.0,-1.999999761581421,1.0,0.0,-0.04349999046325741
3989,0,1,80,11,1.0,-1.999999761581421,1.0,0.0,-0.04349999046325741
3990,0,1,80,12,1.0,-1.9999994039535522,1.0,0.0,-0.043499976158145645
3991,0,1,80,13,1.0,-1.999999761581421,1.0,0.0,-0.04349999046325741
3992,0,1,80,14,1.0,-1.9999995231628418,1.0,0.0,-0.04349998092651595
3993,0,1,80,15,1.0,-1.9999995231628418,1.0,0.0,-0.04349998092651595
3994,0,1,80,16,1.0,-1.9999996423721313,1.0,0.0,-0.043499985694886535
3995,0,1,80,17,1.0,-1.9999994039535522,1.0,0.0,-0.043499976158145645
3996,0,1,80,18,1.0,-1.999999761581421,1.0,0.0,-0.04349999046325741
3997,0,1,80,19,1.0,-2.0,1.0,0.0,-0.043500000000000004
3998,0,1,80,20,1.0,-1.9999996423721313,1.0,0.0,-0.043499985694886535
3999,0,1,81,1,1.0,-2.0,1.0,0.0,-0.043500000000000004
4000,0,1,81,2,1.0,-1.9999994039535522,1.0,0.0,-0.043499976158145645
4001,0,1,81,3,1.0,-1.9999998807907104,1.0,0.0,-0.04349999523162856
4002,0,1,81,4,1.0,-2.0,1.0,0.0,-0.043500000000000004
4003,0,1,81,5,1.0,-1.999999761581421,1.0,0.0,-0.04349999046325741
4004,0,1,81,6,1.0,-1.9999996423721313,1.0,0.0,-0.043499985694886535
4005,0,1,81,7,1.0,-1.9999998807907104,1.0,0.0,-0.04349999523162856
4006,0,1,81,8,1.0,-2.0,1.0,0.0,-0.043500000000000004
4007,0,1,81,9,1.0,-1.9999996423721313,1.0,0.0,-0.043499985694886535
4008,0,1,81,10,1.0,-1.999999761581421,1.0,0.0,-0.04349999046325741
4009,0,1,81,11,1.0,-1.999999761581421,1.0,0.0,-0.04349999046325741
4010,0,1,81,12,1.0,-1.9999994039535522,1.0,0.0,-0.043499976158145645
4011,0,1,81,13,1.0,-1.999999761581421,1.0,0.0,-0.04349999046325741
4012,0,1,81,14,1.0,-1.9999995231628418,1.0,0.0,-0.04349998092651595
4013,0,1,81,15,1.0,-1.9999995231628418,1.0,0.0,-0.04349998092651595
4014,0,1,81,16,1.0,-1.9999996423721313,1.0,0.0,-0.043499985694886535
4015,0,1,81,17,1.0,-1.9999994039535522,1.0,0.0,-0.043499976158145645
4016,0,1,81,18,1.0,-1.999999761581421,1.0,0.0,-0.04349999046325741
4017,0,1,81,19,1.0,-2.0,1.0,0.0,-0.043500000000000004
4018,0,1,81,20,1.0,-1.9999996423721313,1.0,0.0,-0.043499985694886535
4019,0,1,82,1,1.0,-2.0,1.0,0.0,-0.043500000000000004
4020,0,1,82,2,1.0,-1.9999994039535522,1.0,0.0,-0.043499976158145645
4021,0,1,82,3,1.0,-1.9999998807907104,1.0,0.0,-0.04349999523162856
4022,0,1,82,4,1.0,-2.0,1.0,0.0,-0.043500000000000004
4023,0,1,82,5,1.0,-1.999999761581421,1.0,0.0,-0.04349999046325741
4024,0,1,82,6,1.0,-1.9999996423721313,1.0,0.0,-0.043499985694886535
4025,0,1,82,7,1.0,-1.9999998807907104,1.0,0.0,-0.04349999523162856
4026,0,1,82,8,1.0,-2.0,1.0,0.0,-0.043500000000000004
4027,0,1,82,9,1.0,-1.9999996423721313,1.0,0.0,-0.043499985694886535
4028,0,1,82,10,1.0,-1.999999761581421,1.0,0.0,-0.04349999046325741
4029,0,1,82,11,1.0,-1.999999761581421,1.0,0.0,-0.04349999046325741
4030,0,1,82,12,1.0,-1.9999994039535522,1.0,0.0,-0.043499976158145645
4031,0,1,82,13,1.0,-1.999999761581421,1.0,0.0,-0.04349999046325741
4032,0,1,82,14,1.0,-1.9999995231628418,1.0,0.0,-0.04349998092651595
4033,0,1,82,15,1.0,-1.9999995231628418,1.0,0.0,-0.04349998092651595
4034,0,1,82,16,1.0,-1.9999996423721313,1.0,0.0,-0.043499985694886535
4035,0,1,82,17,1.0,-1.9999994039535522,1.0,0.0,-0.043499976158145645
4036,0,1,82,18,1.0,-1.999999761581421,1.0,0.0,-0.04349999046325741
4037,0,1,82,19,1.0,-2.0,1.0,0.0,-0.043500000000000004
4038,0,1,82,20,1.0,-1.9999996423721313,1.0,0.0,-0.043499985694886535
4039,0,1,83,1,1.0,-2.0,1.0,0.0,-0.043500000000000004
4040,0,1,83,2,1.0,-1.9999994039535522,1.0,0.0,-0.043499976158145645
4041,0,1,83,3,1.0,-1.9999998807907104,1.0,0.0,-0.04349999523162856
4042,0,1,83,4,1.0,-2.0,1.0,0.0,-0.043500000000000004
4043,0,1,83,5,1.0,-1.999999761581421,1.0,0.0,-0.04349999046325741
4044,0,1,83,6,1.0,-1.9999996423721313,1.0,0.0,-0.043499985694886535
4045,0,1,83,7,1.0,-1.9999998807907104,1.0,0.0,-0.04349999523162856
4046,0,1,83,8,1.0,-2.0,1.0,0.0,-0.043500000000000004
4047,0,1,83,9,1.0,-1.9999996423721313,1.0,0.0,-0.043499985694886535
4048,0,1,83,10,1.0,-1.999999761581421,1.0,0.0,-0.04349999046325741
4049,0,1,83,11,1.0,-1.999999761581421,1.0,0.0,-0.04349999046325741
4050,0,1,83,12,1.0,-1.9999994039535522,1.0,0.0,-0.043499976158145645
4051,0,1,83,13,1.0,-1.999999761581421,1.0,0.0,-0.04349999046325741
4052,0,1,83,14,1.0,-1.9999995231628418,1.0,0.0,-0.04349998092651595
4053,0,1,83,15,1.0,-1.9999995231628418,1.0,0.0,-0.04349998092651595
4054,0,1,83,16,1.0,-1.9999996423721313,1.0,0.0,-0.043499985694886535
4055,0,1,83,17,1.0,-1.9999994039535522,1.0,0.0,-0.043499976158145645
4056,0,1,83,18,1.0,-1.999999761581421,1.0,0.0,-0.04349999046325741
4057,0,1,83,19,1.0,-2.0,1.0,0.0,-0.043500000000000004
4058,0,1,83,20,1.0,-1.9999996423721313,1.0,0.0,-0.043499985694886535
4059,0,1,84,1,1.0,-2.0,1.0,0.0,-0.043500000000000004
4060,0,1,84,2,1.0,-1.9999994039535522,1.0,0.0,-0.043499976158145645
4061,0,1,84,3,1.0,-1.9999998807907104,1.0,0.0,-0.04349999523162856
4062,0,1,84,4,1.0,-2.0,1.0,0.0,-0.043500000000000004
4063,0,1,84,5,1.0,-1.999999761581421,1.0,0.0,-0.04349999046325741
4064,0,1,84,6,1.0,-1.9999996423721313,1.0,0.0,-0.043499985694886535
4065,0,1,84,7,1.0,-1.9999998807907104,1.0,0.0,-0.04349999523162856
4066,0,1,84,8,1.0,-2.0,1.0,0.0,-0.043500000000000004
4067,0,1,84,9,1.0,-1.9999996423721313,1.0,0.0,-0.043499985694886535
4068,0,1,84,10,1.0,-1.999999761581421,1.0,0.0,-0.04349999046325741
4069,0,1,84,11,1.0,-1.999999761581421,1.0,0.0,-0.04349999046325741
4070,0,1,84,12,1.0,-1.9999994039535522,1.0,0.0,-0.043499976158145645
4071,0,1,84,13,1.0,-1.999999761581421,1.0,0.0,-0.04349999046325741
4072,0,1,84,14,1.0,-1.9999995231628418,1.0,0.0,-0.04349998092651595
4073,0,1,84,15,1.0,-1.9999995231628418,1.0,0.0,-0.04349998092651595
4074,0,1,84,16,1.0,-1.9999996423721313,1.0,0.0,-0.043499985694886535
4075,0,1,84,17,1.0,-1.9999994039535522,1.0,0.0,-0.043499976158145645
4076,0,1,84,18,1.0,-1.999999761581421,1.0,0.0,-0.04349999046325741
4077,0,1,84,19,1.0,-2.0,1.0,0.0,-0.043500000000000004
4078,0,1,84,20,1.0,-1.9999996423721313,1.0,0.0,-0.043499985694886535
4079,0,1,85,1,1.0,-2.0,1.0,0.0,-0.043500000000000004
4080,0,1,85,2,1.0,-1.9999994039535522,1.0,0.0,-0.043499976158145645
4081,0,1,85,3,1.0,-1.9999998807907104,1.0,0.0,-0.04349999523162856
4082,0,1,85,4,1.0,-2.0,1.0,0.0,-0.043500000000000004
4083,0,1,85,5,1.0,-1.999999761581421,1.0,0.0,-0.04349999046325741
4084,0,1,85,6,1.0,-1.9999996423721313,1.0,0.0,-0.043499985694886535
4085,0,1,85,7,1.0,-1.9999998807907104,1.0,0.0,-0.04349999523162856
4086,0,1,85,8,1.0,-2.0,1.0,0.0,-0.043500000000000004
4087,0,1,85,9,1.0,-1.9999996423721313,1.0,0.0,-0.043499985694886535
4088,0,1,85,10,1.0,-1.999999761581421,1.0,0.0,-0.04349999046325741
4089,0,1,85,11,1.0,-1.999999761581421,1.0,0.0,-0.04349999046325741
4090,0,1,85,12,1.0,-1.9999994039535522,1.0,0.0,-0.043499976158145645
4091,0,1,85,13,1.0,-1.999999761581421,1.0,0.0,-0.04349999046325741
4092,0,1,85,14,1.0,-1.9999995231628418,1.0,0.0,-0.04349998092651595
4093,0,1,85,15,1.0,-1.9999995231628418,1.0,0.0,-0.04349998092651595
4094,0,1,85,16,1.0,-1.9999996423721313,1.0,0.0,-0.043499985694886535
4095,0,1,85,17,1.0,-1.9999994039535522,1.0,0.0,-0.043499976158145645
4096,0,1,85,18,1.0,-1.999999761581421,1.0,0.0,-0.04349999046325741
4097,0,1,85,19,1.0,-2.0,1.0,0.0,-0.043500000000000004
4098,0,1,85,20,1.0,-1.9999996423721313,1.0,0.0,-0.043499985694886535
4099,0,1,86,1,1.0,-2.0,1.0,0.0,-0.043500000000000004
4100,0,1,86,2,1.0,-1.9999994039535522,1.0,0.0,-0.043499976158145645
4101,0,1,86,3,1.0,-1.9999998807907104,1.0,0.0,-0.04349999523162856
4102,0,1,86,4,1.0,-2.0,1.0,0.0,-0.043500000000000004
4103,0,1,86,5,1.0,-1.999999761581421,1.0,0.0,-0.04349999046325741
4104,0,1,86,6,1.0,-1.9999996423721313,1.0,0.0,-0.043499985694886535
4105,0,1,86,7,1.0,-1.9999998807907104,1.0,0.0,-0.04349999523162856
4106,0,1,86,8,1.0,-2.0,1.0,0.0,-0.043500000000000004
4107,0,1,86,9,1.0,-1.9999996423721313,1.0,0.0,-0.043499985694886535
4108,0,1,86,10,1.0,-1.999999761581421,1.0,0.0,-0.04349999046325741
4109,0,1,86,11,1.0,-1.999999761581421,1.0,0.0,-0.04349999046325741
4110,0,1,86,12,1.0,-1.9999994039535522,1.0,0.0,-0.043499976158145645
4111,0,1,86,13,1.0,-1.999999761581421,1.0,0.0,-0.04349999046325741
4112,0,1,86,14,1.0,-1.9999995231628418,1.0,0.0,-0.04349998092651595
4113,0,1,86,15,1.0,-1.9999995231628418,1.0,0.0,-0.04349998092651595
4114,0,1,86,16,1.0,-1.9999996423721313,1.0,0.0,-0.043499985694886535
4115,0,1,86,17,1.0,-1.9999994039535522,1.0,0.0,-0.043499976158145645
4116,0,1,86,18,1.0,-1.999999761581421,1.0,0.0,-0.04349999046325741
4117,0,1,86,19,1.0,-2.0,1.0,0.0,-0.043500000000000004
4118,0,1,86,20,1.0,-1.9999996423721313,1.0,0.0,-0.043499985694886535
4119,0,1,87,1,1.0,-2.0,1.0,0.0,-0.043500000000000004
4120,0,1,87,2,1.0,-1.9999994039535522,1.0,0.0,-0.043499976158145645
4121,0,1,87,3,1.0,-1.9999998807907104,1.0,0.0,-0.04349999523162856
4122,0,1,87,4,1.0,-2.0,1.0,0.0,-0.043500000000000004
4123,0,1,87,5,1.0,-1.999999761581421,1.0,0.0,-0.04349999046325741
4124,0,1,87,6,1.0,-1.9999996423721313,1.0,0.0,-0.043499985694886535
4125,0,1,87,7,1.0,-1.9999998807907104,1.0,0.0,-0.04349999523162856
4126,0,1,87,8,1.0,-2.0,1.0,0.0,-0.043500000000000004
4127,0,1,87,9,1.0,-1.9999996423721313,1.0,0.0,-0.043499985694886535
4128,0,1,87,10,1.0,-1.999999761581421,1.0,0.0,-0.04349999046325741
4129,0,1,87,11,1.0,-1.999999761581421,1.0,0.0,-0.04349999046325741
4130,0,1,87,12,1.0,-1.9999994039535522,1.0,0.0,-0.043499976158145645
4131,0,1,87,13,1.0,-1.999999761581421,1.0,0.0,-0.04349999046325741
4132,0,1,87,14,1.0,-1.9999995231628418,1.0,0.0,-0.04349998092651595
4133,0,1,87,15,1.0,-1.9999995231628418,1.0,0.0,-0.04349998092651595
4134,0,1,87,16,1.0,-1.9999996423721313,1.0,0.0,-0.043499985694886535
4135,0,1,87,17,1.0,-1.9999994039535522,1.0,0.0,-0.043499976158145645
4136,0,1,87,18,1.0,-1.999999761581421,1.0,0.0,-0.04349999046325741
4137,0,1,87,19,1.0,-2.0,1.0,0.0,-0.043500000000000004
4138,0,1,87,20,1.0,-1.9999996423721313,1.0,0.0,-0.043499985694886535
4139,0,1,88,1,1.0,-2.0,1.0,0.0,-0.043500000000000004
4140,0,1,88,2,1.0,-1.9999994039535522,1.0,0.0,-0.043499976158145645
4141,0,1,88,3,1.0,-1.9999998807907104,1.0,0.0,-0.04349999523162856
4142,0,1,88,4,1.0,-2.0,1.0,0.0,-0.043500000000000004
4143,0,1,88,5,1.0,-1.999999761581421,1.0,0.0,-0.04349999046325741
4144,0,1,88,6,1.0,-1.9999996423721313,1.0,0.0,-0.043499985694886535
4145,0,1,88,7,1.0,-1.9999998807907104,1.0,0.0,-0.04349999523162856
4146,0,1,88,8,1.0,-2.0,1.0,0.0,-0.043500000000000004
4147,0,1,88,9,1.0,-1.9999996423721313,1.0,0.0,-0.043499985694886535
4148,0,1,88,10,1.0,-1.999999761581421,1.0,0.0,-0.04349999046325741
4149,0,1,88,11,1.0,-1.999999761581421,1.0,0.0,-0.04349999046325741
4150,0,1,88,12,1.0,-1.9999994039535522,1.0,0.0,-0.043499976158145645
4151,0,1,88,13,1.0,-1.999999761581421,1.0,0.0,-0.04349999046325741
4152,0,1,88,14,1.0,-1.9999995231628418,1.0,0.0,-0.04349998092651595
4153,0,1,88,15,1.0,-1.9999995231628418,1.0,0.0,-0.04349998092651595
4154,0,1,88,16,1.0,-1.9999996423721313,1.0,0.0,-0.043499985694886535
4155,0,1,88,17,1.0,-1.9999994039535522,1.0,0.0,-0.043499976158145645
4156,0,1,88,18,1.0,-1.999999761581421,1.0,0.0,-0.04349999046325741
4157,0,1,88,19,1.0,-2.0,1.0,0.0,-0.043500000000000004
4158,0,1,88,20,1.0,-1.9999996423721313,1.0,0.0,-0.043499985694886535
4159,0,1,89,1,1.0,-2.0,1.0,0.0,-0.043500000000000004
4160,0,1,89,2,1.0,-1.9999994039535522,1.0,0.0,-0.043499976158145645
4161,0,1,89,3,1.0,-1.9999998807907104,1.0,0.0,-0.04349999523162856
4162,0,1,89,4,1.0,-2.0,1.0,0.0,-0.043500000000000004
4163,0,1,89,5,1.0,-1.999999761581421,1.0,0.0,-0.04349999046325741
4164,0,1,89,6,1.0,-1.9999996423721313,1.0,0.0,-0.043499985694886535
4165,0,1,89,7,1.0,-1.9999998807907104,1.0,0.0,-0.04349999523162856
4166,0,1,89,8,1.0,-2.0,1.0,0.0,-0.043500000000000004
4167,0,1,89,9,1.0,-1.9999996423721313,1.0,0.0,-0.043499985694886535
4168,0,1,89,10,1.0,-1.999999761581421,1.0,0.0,-0.04349999046325741
4169,0,1,89,11,1.0,-1.999999761581421,1.0,0.0,-0.04349999046325741
4170,0,1,89,12,1.0,-1.9999994039535522,1.0,0.0,-0.043499976158145645
4171,0,1,89,13,1.0,-1.999999761581421,1.0,0.0,-0.04349999046325741
4172,0,1,89,14,1.0,-1.9999995231628418,1.0,0.0,-0.04349998092651595
4173,0,1,89,15,1.0,-1.9999995231628418,1.0,0.0,-0.04349998092651595
4174,0,1,89,16,1.0,-1.9999996423721313,1.0,0.0,-0.043499985694886535
4175,0,1,89,17,1.0,-1.9999994039535522,1.0,0.0,-0.043499976158145645
4176,0,1,89,18,1.0,-1.999999761581421,1.0,0.0,-0.04349999046325741
4177,0,1,89,19,1.0,-2.0,1.0,0.0,-0.043500000000000004
4178,0,1,89,20,1.0,-1.9999996423721313,1.0,0.0,-0.043499985694886535
4179,0,1,90,1,1.0,-2.0,1.0,0.0,-0.043500000000000004
4180,0,1,90,2,1.0,-1.9999994039535522,1.0,0.0,-0.043499976158145645
4181,0,1,90,3,1.0,-1.9999998807907104,1.0,0.0,-0.04349999523162856
4182,0,1,90,4,1.0,-2.0,1.0,0.0,-0.043500000000000004
4183,0,1,90,5,1.0,-1.999999761581421,1.0,0.0,-0.04349999046325741
4184,0,1,90,6,1.0,-1.9999996423721313,1.0,0.0,-0.043499985694886535
4185,0,1,90,7,1.0,-1.9999998807907104,1.0,0.0,-0.04349999523162856
4186,0,1,90,8,1.0,-2.0,1.0,0.0,-0.043500000000000004
4187,0,1,90,9,1.0,-1.9999996423721313,1.0,0.0,-0.043499985694886535
4188,0,1,90,10,1.0,-1.999999761581421,1.0,0.0,-0.04349999046325741
4189,0,1,90,11,1.0,-1.999999761581421,1.0,0.0,-0.04349999046325741
4190,0,1,90,12,1.0,-1.9999994039535522,1.0,0.0,-0.043499976158145645
4191,0,1,90,13,1.0,-1.999999761581421,1.0,0.0,-0.04349999046325741
4192,0,1,90,14,1.0,-1.9999995231628418,1.0,0.0,-0.04349998092651595
4193,0,1,90,15,1.0,-1.9999995231628418,1.0,0.0,-0.04349998092651595
4194,0,1,90,16,1.0,-1.9999996423721313,1.0,0.0,-0.043499985694886535
4195,0,1,90,17,1.0,-1.9999994039535522,1.0,0.0,-0.043499976158145645
4196,0,1,90,18,1.0,-1.999999761581421,1.0,0.0,-0.04349999046325741
4197,0,1,90,19,1.0,-2.0,1.0,0.0,-0.043500000000000004
4198,0,1,90,20,1.0,-1.9999996423721313,1.0,0.0,-0.043499985694886535
4199,0,1,91,1,1.0,-2.0,1.0,0.0,-0.043500000000000004
4200,0,1,91,2,1.0,-1.9999994039535522,1.0,0.0,-0.043499976158145645
4201,0,1,91,3,1.0,-1.9999998807907104,1.0,0.0,-0.04349999523162856
4202,0,1,91,4,1.0,-2.0,1.0,0.0,-0.043500000000000004
4203,0,1,91,5,1.0,-1.999999761581421,1.0,0.0,-0.04349999046325741
4204,0,1,91,6,1.0,-1.9999996423721313,1.0,0.0,-0.043499985694886535
4205,0,1,91,7,1.0,-1.9999998807907104,1.0,0.0,-0.04349999523162856
4206,0,1,91,8,1.0,-2.0,1.0,0.0,-0.043500000000000004
4207,0,1,91,9,1.0,-1.9999996423721313,1.0,0.0,-0.043499985694886535
4208,0,1,91,10,1.0,-1.999999761581421,1.0,0.0,-0.04349999046325741
4209,0,1,91,11,1.0,-1.999999761581421,1.0,0.0,-0.04349999046325741
4210,0,1,91,12,1.0,-1.9999994039535522,1.0,0.0,-0.043499976158145645
4211,0,1,91,13,1.0,-1.999999761581421,1.0,0.0,-0.04349999046325741
4212,0,1,91,14,1.0,-1.9999995231628418,1.0,0.0,-0.04349998092651595
4213,0,1,91,15,1.0,-1.9999995231628418,1.0,0.0,-0.04349998092651595
4214,0,1,91,16,1.0,-1.9999996423721313,1.0,0.0,-0.043499985694886535
4215,0,1,91,17,1.0,-1.9999994039535522,1.0,0.0,-0.043499976158145645
4216,0,1,91,18,1.0,-1.999999761581421,1.0,0.0,-0.04349999046325741
4217,0,1,91,19,1.0,-2.0,1.0,0.0,-0.043500000000000004
4218,0,1,91,20,1.0,-1.9999996423721313,1.0,0.0,-0.043499985694886535
4219,0,1,92,1,1.0,-2.0,1.0,0.0,-0.043500000000000004
4220,0,1,92,2,1.0,-1.9999994039535522,1.0,0.0,-0.043499976158145645
4221,0,1,92,3,1.0,-1.9999998807907104,1.0,0.0,-0.04349999523162856
4222,0,1,92,4,1.0,-2.0,1.0,0.0,-0.043500000000000004
4223,0,1,92,5,1.0,-1.999999761581421,1.0,0.0,-0.04349999046325741
4224,0,1,92,6,1.0,-1.9999996423721313,1.0,0.0,-0.043499985694886535
4225,0,1,92,7,1.0,-1.9999998807907104,1.0,0.0,-0.04349999523162856
4226,0,1,92,8,1.0,-2.0,1.0,0.0,-0.043500000000000004
4227,0,1,92,9,1.0,-1.9999996423721313,1.0,0.0,-0.043499985694886535
4228,0,1,92,10,1.0,-1.999999761581421,1.0,0.0,-0.04349999046325741
4229,0,1,92,11,1.0,-1.999999761581421,1.0,0.0,-0.04349999046325741
4230,0,1,92,12,1.0,-1.9999994039535522,1.0,0.0,-0.043499976158145645
4231,0,1,92,13,1.0,-1.999999761581421,1.0,0.0,-0.04349999046325741
4232,0,1,92,14,1.0,-1.9999995231628418,1.0,0.0,-0.04349998092651595
4233,0,1,92,15,1.0,-1.9999995231628418,1.0,0.0,-0.04349998092651595
4234,0,1,92,16,1.0,-1.9999996423721313,1.0,0.0,-0.043499985694886535
4235,0,1,92,17,1.0,-1.9999994039535522,1.0,0.0,-0.043499976158145645
4236,0,1,92,18,1.0,-1.999999761581421,1.0,0.0,-0.04349999046325741
4237,0,1,92,19,1.0,-2.0,1.0,0.0,-0.043500000000000004
4238,0,1,92,20,1.0,-1.9999996423721313,1.0,0.0,-0.043499985694886535
4239,0,1,93,1,1.0,-2.0,1.0,0.0,-0.043500000000000004
4240,0,1,93,2,1.0,-1.9999994039535522,1.0,0.0,-0.043499976158145645
4241,0,1,93,3,1.0,-1.9999998807907104,1.0,0.0,-0.04349999523162856
4242,0,1,93,4,1.0,-2.0,1.0,0.0,-0.043500000000000004
4243,0,1,93,5,1.0,-1.999999761581421,1.0,0.0,-0.04349999046325741
4244,0,1,93,6,1.0,-1.9999996423721313,1.0,0.0,-0.043499985694886535
4245,0,1,93,7,1.0,-1.9999998807907104,1.0,0.0,-0.04349999523162856
4246,0,1,93,8,1.0,-2.0,1.0,0.0,-0.043500000000000004
4247,0,1,93,9,1.0,-1.9999996423721313,1.0,0.0,-0.043499985694886535
4248,0,1,93,10,1.0,-1.999999761581421,1.0,0.0,-0.04349999046325741
4249,0,1,93,11,1.0,-1.999999761581421,1.0,0.0,-0.04349999046325741
4250,0,1,93,12,1.0,-1.9999994039535522,1.0,0.0,-0.043499976158145645
4251,0,1,93,13,1.0,-1.999999761581421,1.0,0.0,-0.04349999046325741
4252,0,1,93,14,1.0,-1.9999995231628418,1.0,0.0,-0.04349998092651595
4253,0,1,93,15,1.0,-1.9999995231628418,1.0,0.0,-0.04349998092651595
4254,0,1,93,16,1.0,-1.9999996423721313,1.0,0.0,-0.043499985694886535
4255,0,1,93,17,1.0,-1.9999994039535522,1.0,0.0,-0.043499976158145645
4256,0,1,93,18,1.0,-1.999999761581421,1.0,0.0,-0.04349999046325741
4257,0,1,93,19,1.0,-2.0,1.0,0.0,-0.043500000000000004
4258,0,1,93,20,1.0,-1.9999996423721313,1.0,0.0,-0.043499985694886535
4259,0,1,94,1,1.0,-2.0,1.0,0.0,-0.043500000000000004
4260,0,1,94,2,1.0,-1.9999994039535522,1.0,0.0,-0.043499976158145645
4261,0,1,94,3,1.0,-1.9999998807907104,1.0,0.0,-0.04349999523162856
4262,0,1,94,4,1.0,-2.0,1.0,0.0,-0.043500000000000004
4263,0,1,94,5,1.0,-1.999999761581421,1.0,0.0,-0.04349999046325741
4264,0,1,94,6,1.0,-1.9999996423721313,1.0,0.0,-0.043499985694886535
4265,0,1,94,7,1.0,-1.9999998807907104,1.0,0.0,-0.04349999523162856
4266,0,1,94,8,1.0,-2.0,1.0,0.0,-0.043500000000000004
4267,0,1,94,9,1.0,-1.9999996423721313,1.0,0.0,-0.043499985694886535
4268,0,1,94,10,1.0,-1.999999761581421,1.0,0.0,-0.04349999046325741
4269,0,1,94,11,1.0,-1.999999761581421,1.0,0.0,-0.04349999046325741
4270,0,1,94,12,1.0,-1.9999994039535522,1.0,0.0,-0.043499976158145645
4271,0,1,94,13,1.0,-1.999999761581421,1.0,0.0,-0.04349999046325741
4272,0,1,94,14,1.0,-1.9999995231628418,1.0,0.0,-0.04349998092651595
4273,0,1,94,15,1.0,-1.9999995231628418,1.0,0.0,-0.04349998092651595
4274,0,1,94,16,1.0,-1.9999996423721313,1.0,0.0,-0.043499985694886535
4275,0,1,94,17,1.0,-1.9999994039535522,1.0,0.0,-0.043499976158145645
4276,0,1,94,18,1.0,-1.999999761581421,1.0,0.0,-0.04349999046325741
4277,0,1,94,19,1.0,-2.0,1.0,0.0,-0.043500000000000004
4278,0,1,94,20,1.0,-1.9999996423721313,1.0,0.0,-0.043499985694886535
4279,0,1,95,1,1.0,-2.0,1.0,0.0,-0.043500000000000004
4280,0,1,95,2,1.0,-1.9999994039535522,1.0,0.0,-0.043499976158145645
4281,0,1,95,3,1.0,-1.9999998807907104,1.0,0.0,-0.04349999523162856
4282,0,1,95,4,1.0,-2.0,1.0,0.0,-0.043500000000000004
4283,0,1,95,5,1.0,-1.999999761581421,1.0,0.0,-0.04349999046325741
4284,0,1,95,6,1.0,-1.9999996423721313,1.0,0.0,-0.043499985694886535
4285,0,1,95,7,1.0,-1.9999998807907104,1.0,0.0,-0.04349999523162856
4286,0,1,95,8,1.0,-2.0,1.0,0.0,-0.043500000000000004
4287,0,1,95,9,1.0,-1.9999996423721313,1.0,0.0,-0.043499985694886535
4288,0,1,95,10,1.0,-1.999999761581421,1.0,0.0,-0.04349999046325741
4289,0,1,95,11,1.0,-1.999999761581421,1.0,0.0,-0.04349999046325741
4290,0,1,95,12,1.0,-1.9999994039535522,1.0,0.0,-0.043499976158145645
4291,0,1,95,13,1.0,-1.999999761581421,1.0,0.0,-0.04349999046325741
4292,0,1,95,14,1.0,-1.9999995231628418,1.0,0.0,-0.04349998092651595
4293,0,1,95,15,1.0,-1.9999995231628418,1.0,0.0,-0.04349998092651595
4294,0,1,95,16,1.0,-1.9999996423721313,1.0,0.0,-0.043499985694886535
4295,0,1,95,17,1.0,-1.9999994039535522,1.0,0.0,-0.043499976158145645
4296,0,1,95,18,1.0,-1.999999761581421,1.0,0.0,-0.04349999046325741
4297,0,1,95,19,1.0,-2.0,1.0,0.0,-0.043500000000000004
4298,0,1,95,20,1.0,-1.9999996423721313,1.0,0.0,-0.043499985694886535
4299,0,1,96,1,1.0,-2.0,1.0,0.0,-0.043500000000000004
4300,0,1,96,2,1.0,-1.9999994039535522,1.0,0.0,-0.043499976158145645
4301,0,1,96,3,1.0,-1.9999998807907104,1.0,0.0,-0.04349999523162856
4302,0,1,96,4,1.0,-2.0,1.0,0.0,-0.043500000000000004
4303,0,1,96,5,1.0,-1.999999761581421,1.0,0.0,-0.04349999046325741
4304,0,1,96,6,1.0,-1.9999996423721313,1.0,0.0,-0.043499985694886535
4305,0,1,96,7,1.0,-1.9999998807907104,1.0,0.0,-0.04349999523162856
4306,0,1,96,8,1.0,-2.0,1.0,0.0,-0.043500000000000004
4307,0,1,96,9,1.0,-1.9999996423721313,1.0,0.0,-0.043499985694886535
4308,0,1,96,10,1.0,-1.999999761581421,1.0,0.0,-0.04349999046325741
4309,0,1,96,11,1.0,-1.999999761581421,1.0,0.0,-0.04349999046325741
4310,0,1,96,12,1.0,-1.9999994039535522,1.0,0.0,-0.043499976158145645
4311,0,1,96,13,1.0,-1.999999761581421,1.0,0.0,-0.04349999046325741
4312,0,1,96,14,1.0,-1.9999995231628418,1.0,0.0,-0.04349998092651595
4313,0,1,96,15,1.0,-1.9999995231628418,1.0,0.0,-0.04349998092651595
4314,0,1,96,16,1.0,-1.9999996423721313,1.0,0.0,-0.043499985694886535
4315,0,1,96,17,1.0,-1.9999994039535522,1.0,0.0,-0.043499976158145645
4316,0,1,96,18,1.0,-1.999999761581421,1.0,0.0,-0.04349999046325741
4317,0,1,96,19,1.0,-2.0,1.0,0.0,-0.043500000000000004
4318,0,1,96,20,1.0,-1.9999996423721313,1.0,0.0,-0.043499985694886535
4319,0,1,97,1,1.0,-2.0,1.0,0.0,-0.043500000000000004
4320,0,1,97,2,1.0,-1.9999994039535522,1.0,0.0,-0.043499976158145645
4321,0,1,97,3,1.0,-1.9999998807907104,1.0,0.0,-0.04349999523162856
4322,0,1,97,4,1.0,-2.0,1.0,0.0,-0.043500000000000004
4323,0,1,97,5,1.0,-1.999999761581421,1.0,0.0,-0.04349999046325741
4324,0,1,97,6,1.0,-1.9999996423721313,1.0,0.0,-0.043499985694886535
4325,0,1,97,7,1.0,-1.9999998807907104,1.0,0.0,-0.04349999523162856
4326,0,1,97,8,1.0,-2.0,1.0,0.0,-0.043500000000000004
4327,0,1,97,9,1.0,-1.9999996423721313,1.0,0.0,-0.043499985694886535
4328,0,1,97,10,1.0,-1.999999761581421,1.0,0.0,-0.04349999046325741
4329,0,1,97,11,1.0,-1.999999761581421,1.0,0.0,-0.04349999046325741
4330,0,1,97,12,1.0,-1.9999994039535522,1.0,0.0,-0.043499976158145645
4331,0,1,97,13,1.0,-1.999999761581421,1.0,0.0,-0.04349999046325741
4332,0,1,97,14,1.0,-1.9999995231628418,1.0,0.0,-0.04349998092651595
4333,0,1,97,15,1.0,-1.9999995231628418,1.0,0.0,-0.04349998092651595
4334,0,1,97,16,1.0,-1.9999996423721313,1.0,0.0,-0.043499985694886535
4335,0,1,97,17,1.0,-1.9999994039535522,1.0,0.0,-0.043499976158145645
4336,0,1,97,18,1.0,-1.999999761581421,1.0,0.0,-0.04349999046325741
4337,0,1,97,19,1.0,-2.0,1.0,0.0,-0.043500000000000004
4338,0,1,97,20,1.0,-1.9999996423721313,1.0,0.0,-0.043499985694886535
4339,0,1,98,1,1.0,-2.0,1.0,0.0,-0.043500000000000004
4340,0,1,98,2,1.0,-1.9999994039535522,1.0,0.0,-0.043499976158145645
4341,0,1,98,3,1.0,-1.9999998807907104,1.0,0.0,-0.04349999523162856
4342,0,1,98,4,1.0,-2.0,1.0,0.0,-0.043500000000000004
4343,0,1,98,5,1.0,-1.999999761581421,1.0,0.0,-0.04349999046325741
4344,0,1,98,6,1.0,-1.9999996423721313,1.0,0.0,-0.043499985694886535
4345,0,1,98,7,1.0,-1.9999998807907104,1.0,0.0,-0.04349999523162856
4346,0,1,98,8,1.0,-2.0,1.0,0.0,-0.043500000000000004
4347,0,1,98,9,1.0,-1.9999996423721313,1.0,0.0,-0.043499985694886535
4348,0,1,98,10,1.0,-1.999999761581421,1.0,0.0,-0.04349999046325741
4349,0,1,98,11,1.0,-1.999999761581421,1.0,0.0,-0.04349999046325741
4350,0,1,98,12,1.0,-1.9999994039535522,1.0,0.0,-0.043499976158145645
4351,0,1,98,13,1.0,-1.999999761581421,1.0,0.0,-0.04349999046325741
4352,0,1,98,14,1.0,-1.9999995231628418,1.0,0.0,-0.04349998092651595
4353,0,1,98,15,1.0,-1.9999995231628418,1.0,0.0,-0.04349998092651595
4354,0,1,98,16,1.0,-1.9999996423721313,1.0,0.0,-0.043499985694886535
4355,0,1,98,17,1.0,-1.9999994039535522,1.0,0.0,-0.043499976158145645
4356,0,1,98,18,1.0,-1.999999761581421,1.0,0.0,-0.04349999046325741
4357,0,1,98,19,1.0,-2.0,1.0,0.0,-0.043500000000000004
4358,0,1,98,20,1.0,-1.9999996423721313,1.0,0.0,-0.043499985694886535
4359,0,1,99,1,1.0,-2.0,1.0,0.0,-0.043500000000000004
4360,0,1,99,2,1.0,-1.9999994039535522,1.0,0.0,-0.043499976158145645
4361,0,1,99,3,1.0,-1.9999998807907104,1.0,0.0,-0.04349999523162856
4362,0,1,99,4,1.0,-2.0,1.0,0.0,-0.043500000000000004
4363,0,1,99,5,1.0,-1.999999761581421,1.0,0.0,-0.04349999046325741
4364,0,1,99,6,1.0,-1.9999996423721313,1.0,0.0,-0.043499985694886535
4365,0,1,99,7,1.0,-1.9999998807907104,1.0,0.0,-0.04349999523162856
4366,0,1,99,8,1.0,-2.0,1.0,0.0,-0.043500000000000004
4367,0,1,99,9,1.0,-1.9999996423721313,1.0,0.0,-0.043499985694886535
4368,0,1,99,10,1.0,-1.999999761581421,1.0,0.0,-0.04349999046325741
4369,0,1,99,11,1.0,-1.999999761581421,1.0,0.0,-0.04349999046325741
4370,0,1,99,12,1.0,-1.9999994039535522,1.0,0.0,-0.043499976158145645
4371,0,1,99,13,1.0,-1.999999761581421,1.0,0.0,-0.04349999046325741
4372,0,1,99,14,1.0,-1.9999995231628418,1.0,0.0,-0.04349998092651595
4373,0,1,99,15,1.0,-1.9999995231628418,1.0,0.0,-0.04349998092651595
4374,0,1,99,16,1.0,-1.9999996423721313,1.0,0.0,-0.043499985694886535
4375,0,1,99,17,1.0,-1.9999994039535522,1.0,0.0,-0.043499976158145645
4376,0,1,99,18,1.0,-1.999999761581421,1.0,0.0,-0.04349999046325741
4377,0,1,99,19,1.0,-2.0,1.0,0.0,-0.043500000000000004
4378,0,1,99,20,1.0,-1.9999996423721313,1.0,0.0,-0.043499985694886535
4379,0,1,100,1,1.0,-2.0,1.0,0.0,-0.043500000000000004
4380,0,1,100,2,1.0,-1.9999994039535522,1.0,0.0,-0.043499976158145645
4381,0,1,100,3,1.0,-1.9999998807907104,1.0,0.0,-0.04349999523162856
4382,0,1,100,4,1.0,-2.0,1.0,0.0,-0.043500000000000004
4383,0,1,100,5,1.0,-1.999999761581421,1.0,0.0,-0.04349999046325741
4384,0,1,100,6,1.0,-1.9999996423721313,1.0,0.0,-0.043499985694886535
4385,0,1,100,7,1.0,-1.9999998807907104,1.0,0.0,-0.04349999523162856
4386,0,1,100,8,1.0,-2.0,1.0,0.0,-0.043500000000000004
4387,0,1,100,9,1.0,-1.9999996423721313,1.0,0.0,-0.043499985694886535
4388,0,1,100,10,1.0,-1.999999761581421,1.0,0.0,-0.04349999046325741
4389,0,1,100,11,1.0,-1.999999761581421,1.0,0.0,-0.04349999046325741
4390,0,1,100,12,1.0,-1.9999994039535522,1.0,0.0,-0.043499976158145645
4391,0,1,100,13,1.0,-1.999999761581421,1.0,0.0,-0.04349999046325741
4392,0,1,100,14,1.0,-1.9999995231628418,1.0,0.0,-0.04349998092651595
4393,0,1,100,15,1.0,-1.9999995231628418,1.0,0.0,-0.04349998092651595
4394,0,1,100,16,1.0,-1.9999996423721313,1.0,0.0,-0.043499985694886535
4395,0,1,100,17,1.0,-1.9999994039535522,1.0,0.0,-0.043499976158145645
4396,0,1,100,18,1.0,-1.999999761581421,1.0,0.0,-0.04349999046325741
4397,0,1,100,19,1.0,-2.0,1.0,0.0,-0.043500000000000004
4398,0,1,100,20,1.0,-1.9999996423721313,1.0,0.0,-0.043499985694886535
4399,0,1,101,1,1.0,-2.0,1.0,0.0,-0.043500000000000004
4400,0,1,101,2,1.0,-1.9999994039535522,1.0,0.0,-0.043499976158145645
4401,0,1,101,3,1.0,-1.9999998807907104,1.0,0.0,-0.04349999523162856
4402,0,1,101,4,1.0,-2.0,1.0,0.0,-0.043500000000000004
4403,0,1,101,5,1.0,-1.999999761581421,1.0,0.0,-0.04349999046325741
4404,0,1,101,6,1.0,-1.9999996423721313,1.0,0.0,-0.043499985694886535
4405,0,1,101,7,1.0,-1.9999998807907104,1.0,0.0,-0.04349999523162856
4406,0,1,101,8,1.0,-2.0,1.0,0.0,-0.043500000000000004
4407,0,1,101,9,1.0,-1.9999996423721313,1.0,0.0,-0.043499985694886535
4408,0,1,101,10,1.0,-1.999999761581421,1.0,0.0,-0.04349999046325741
4409,0,1,101,11,1.0,-1.999999761581421,1.0,0.0,-0.04349999046325741
4410,0,1,101,12,1.0,-1.9999994039535522,1.0,0.0,-0.043499976158145645
4411,0,1,101,13,1.0,-1.999999761581421,1.0,0.0,-0.04349999046325741
4412,0,1,101,14,1.0,-1.9999995231628418,1.0,0.0,-0.04349998092651595
4413,0,1,101,15,1.0,-1.9999995231628418,1.0,0.0,-0.04349998092651595
4414,0,1,101,16,1.0,-1.9999996423721313,1.0,0.0,-0.043499985694886535
4415,0,1,101,17,1.0,-1.9999994039535522,1.0,0.0,-0.043499976158145645
4416,0,1,101,18,1.0,-1.999999761581421,1.0,0.0,-0.04349999046325741
4417,0,1,101,19,1.0,-2.0,1.0,0.0,-0.043500000000000004
4418,0,1,101,20,1.0,-1.9999996423721313,1.0,0.0,-0.043499985694886535
4419,0,1,102,1,1.0,-2.0,1.0,0.0,-0.043500000000000004
4420,0,1,102,2,1.0,-1.9999994039535522,1.0,0.0,-0.043499976158145645
4421,0,1,102,3,1.0,-1.9999998807907104,1.0,0.0,-0.04349999523162856
4422,0,1,102,4,1.0,-2.0,1.0,0.0,-0.043500000000000004
4423,0,1,102,5,1.0,-1.999999761581421,1.0,0.0,-0.04349999046325741
4424,0,1,102,6,1.0,-1.9999996423721313,1.0,0.0,-0.043499985694886535
4425,0,1,102,7,1.0,-1.9999998807907104,1.0,0.0,-0.04349999523162856
4426,0,1,102,8,1.0,-2.0,1.0,0.0,-0.043500000000000004
4427,0,1,102,9,1.0,-1.9999996423721313,1.0,0.0,-0.043499985694886535
4428,0,1,102,10,1.0,-1.999999761581421,1.0,0.0,-0.04349999046325741
4429,0,1,102,11,1.0,-1.999999761581421,1.0,0.0,-0.04349999046325741
4430,0,1,102,12,1.0,-1.9999994039535522,1.0,0.0,-0.043499976158145645
4431,0,1,102,13,1.0,-1.999999761581421,1.0,0.0,-0.04349999046325741
4432,0,1,102,14,1.0,-1.9999995231628418,1.0,0.0,-0.04349998092651595
4433,0,1,102,15,1.0,-1.9999995231628418,1.0,0.0,-0.04349998092651595
4434,0,1,102,16,1.0,-1.9999996423721313,1.0,0.0,-0.043499985694886535
4435,0,1,102,17,1.0,-1.9999994039535522,1.0,0.0,-0.043499976158145645
4436,0,1,102,18,1.0,-1.999999761581421,1.0,0.0,-0.04349999046325741
4437,0,1,102,19,1.0,-2.0,1.0,0.0,-0.043500000000000004
4438,0,1,102,20,1.0,-1.9999996423721313,1.0,0.0,-0.043499985694886535
4439,0,1,103,1,1.0,-2.0,1.0,0.0,-0.043500000000000004
4440,0,1,103,2,1.0,-1.9999994039535522,1.0,0.0,-0.043499976158145645
4441,0,1,103,3,1.0,-1.9999998807907104,1.0,0.0,-0.04349999523162856
4442,0,1,103,4,1.0,-2.0,1.0,0.0,-0.043500000000000004
4443,0,1,103,5,1.0,-1.999999761581421,1.0,0.0,-0.04349999046325741
4444,0,1,103,6,1.0,-1.9999996423721313,1.0,0.0,-0.043499985694886535
4445,0,1,103,7,1.0,-1.9999998807907104,1.0,0.0,-0.04349999523162856
4446,0,1,103,8,1.0,-2.0,1.0,0.0,-0.043500000000000004
4447,0,1,103,9,1.0,-1.9999996423721313,1.0,0.0,-0.043499985694886535
4448,0,1,103,10,1.0,-1.999999761581421,1.0,0.0,-0.04349999046325741
4449,0,1,103,11,1.0,-1.999999761581421,1.0,0.0,-0.04349999046325741
4450,0,1,103,12,1.0,-1.9999994039535522,1.0,0.0,-0.043499976158145645
4451,0,1,103,13,1.0,-1.999999761581421,1.0,0.0,-0.04349999046325741
4452,0,1,103,14,1.0,-1.9999995231628418,1.0,0.0,-0.04349998092651595
4453,0,1,103,15,1.0,-1.9999995231628418,1.0,0.0,-0.04349998092651595
4454,0,1,103,16,1.0,-1.9999996423721313,1.0,0.0,-0.043499985694886535
4455,0,1,103,17,1.0,-1.9999994039535522,1.0,0.0,-0.043499976158145645
4456,0,1,103,18,1.0,-1.999999761581421,1.0,0.0,-0.04349999046325741
4457,0,1,103,19,1.0,-2.0,1.0,0.0,-0.043500000000000004
4458,0,1,103,20,1.0,-1.9999996423721313,1.0,0.0,-0.043499985694886535
4459,0,1,104,1,1.0,-2.0,1.0,0.0,-0.043500000000000004
4460,0,1,104,2,1.0,-1.9999994039535522,1.0,0.0,-0.043499976158145645
4461,0,1,104,3,1.0,-1.9999998807907104,1.0,0.0,-0.04349999523162856
4462,0,1,104,4,1.0,-2.0,1.0,0.0,-0.043500000000000004
4463,0,1,104,5,1.0,-1.999999761581421,1.0,0.0,-0.04349999046325741
4464,0,1,104,6,1.0,-1.9999996423721313,1.0,0.0,-0.043499985694886535
4465,0,1,104,7,1.0,-1.9999998807907104,1.0,0.0,-0.04349999523162856
4466,0,1,104,8,1.0,-2.0,1.0,0.0,-0.043500000000000004
4467,0,1,104,9,1.0,-1.9999996423721313,1.0,0.0,-0.043499985694886535
4468,0,1,104,10,1.0,-1.999999761581421,1.0,0.0,-0.04349999046325741
4469,0,1,104,11,1.0,-1.999999761581421,1.0,0.0,-0.04349999046325741
4470,0,1,104,12,1.0,-1.9999994039535522,1.0,0.0,-0.043499976158145645
4471,0,1,104,13,1.0,-1.999999761581421,1.0,0.0,-0.04349999046325741
4472,0,1,104,14,1.0,-1.9999995231628418,1.0,0.0,-0.04349998092651595
4473,0,1,104,15,1.0,-1.9999995231628418,1.0,0.0,-0.04349998092651595
4474,0,1,104,16,1.0,-1.9999996423721313,1.0,0.0,-0.043499985694886535
4475,0,1,104,17,1.0,-1.9999994039535522,1.0,0.0,-0.043499976158145645
4476,0,1,104,18,1.0,-1.999999761581421,1.0,0.0,-0.04349999046325741
4477,0,1,104,19,1.0,-2.0,1.0,0.0,-0.043500000000000004
4478,0,1,104,20,1.0,-1.9999996423721313,1.0,0.0,-0.043499985694886535
4479,0,1,105,1,1.0,-2.0,1.0,0.0,-0.043500000000000004
4480,0,1,105,2,1.0,-1.9999994039535522,1.0,0.0,-0.043499976158145645
4481,0,1,105,3,1.0,-1.9999998807907104,1.0,0.0,-0.04349999523162856
4482,0,1,105,4,1.0,-2.0,1.0,0.0,-0.043500000000000004
4483,0,1,105,5,1.0,-1.999999761581421,1.0,0.0,-0.04349999046325741
4484,0,1,105,6,1.0,-1.9999996423721313,1.0,0.0,-0.043499985694886535
4485,0,1,105,7,1.0,-1.9999998807907104,1.0,0.0,-0.04349999523162856
4486,0,1,105,8,1.0,-2.0,1.0,0.0,-0.043500000000000004
4487,0,1,105,9,1.0,-1.9999996423721313,1.0,0.0,-0.043499985694886535
4488,0,1,105,10,1.0,-1.999999761581421,1.0,0.0,-0.04349999046325741
4489,0,1,105,11,1.0,-1.999999761581421,1.0,0.0,-0.04349999046325741
4490,0,1,105,12,1.0,-1.9999994039535522,1.0,0.0,-0.043499976158145645
4491,0,1,105,13,1.0,-1.999999761581421,1.0,0.0,-0.04349999046325741
4492,0,1,105,14,1.0,-1.9999995231628418,1.0,0.0,-0.04349998092651595
4493,0,1,105,15,1.0,-1.9999995231628418,1.0,0.0,-0.04349998092651595
4494,0,1,105,16,1.0,-1.9999996423721313,1.0,0.0,-0.043499985694886535
4495,0,1,105,17,1.0,-1.9999994039535522,1.0,0.0,-0.043499976158145645
4496,0,1,105,18,1.0,-1.999999761581421,1.0,0.0,-0.04349999046325741
4497,0,1,105,19,1.0,-2.0,1.0,0.0,-0.043500000000000004
4498,0,1,105,20,1.0,-1.9999996423721313,1.0,0.0,-0.043499985694886535
4499,0,1,106,1,1.0,-2.0,1.0,0.0,-0.043500000000000004
4500,0,1,106,2,1.0,-1.9999994039535522,1.0,0.0,-0.043499976158145645
4501,0,1,106,3,1.0,-1.9999998807907104,1.0,0.0,-0.04349999523162856
4502,0,1,106,4,1.0,-2.0,1.0,0.0,-0.043500000000000004
4503,0,1,106,5,1.0,-1.999999761581421,1.0,0.0,-0.04349999046325741
4504,0,1,106,6,1.0,-1.9999996423721313,1.0,0.0,-0.043499985694886535
4505,0,1,106,7,1.0,-1.9999998807907104,1.0,0.0,-0.04349999523162856
4506,0,1,106,8,1.0,-2.0,1.0,0.0,-0.043500000000000004
4507,0,1,106,9,1.0,-1.9999996423721313,1.0,0.0,-0.043499985694886535
4508,0,1,106,10,1.0,-1.999999761581421,1.0,0.0,-0.04349999046325741
4509,0,1,106,11,1.0,-1.999999761581421,1.0,0.0,-0.04349999046325741
4510,0,1,106,12,1.0,-1.9999994039535522,1.0,0.0,-0.043499976158145645
4511,0,1,106,13,1.0,-1.999999761581421,1.0,0.0,-0.04349999046325741
4512,0,1,106,14,1.0,-1.9999995231628418,1.0,0.0,-0.04349998092651595
4513,0,1,106,15,1.0,-1.9999995231628418,1.0,0.0,-0.04349998092651595
4514,0,1,106,16,1.0,-1.9999996423721313,1.0,0.0,-0.043499985694886535
4515,0,1,106,17,1.0,-1.9999994039535522,1.0,0.0,-0.043499976158145645
4516,0,1,106,18,1.0,-1.999999761581421,1.0,0.0,-0.04349999046325741
4517,0,1,106,19,1.0,-2.0,1.0,0.0,-0.043500000000000004
4518,0,1,106,20,1.0,-1.9999996423721313,1.0,0.0,-0.043499985694886535
4519,0,1,107,1,1.0,-2.0,1.0,0.0,-0.043500000000000004
4520,0,1,107,2,1.0,-1.9999994039535522,1.0,0.0,-0.043499976158145645
4521,0,1,107,3,1.0,-1.9999998807907104,1.0,0.0,-0.04349999523162856
4522,0,1,107,4,1.0,-2.0,1.0,0.0,-0.043500000000000004
4523,0,1,107,5,1.0,-1.999999761581421,1.0,0.0,-0.04349999046325741
4524,0,1,107,6,1.0,-1.9999996423721313,1.0,0.0,-0.043499985694886535
4525,0,1,107,7,1.0,-1.9999998807907104,1.0,0.0,-0.04349999523162856
4526,0,1,107,8,1.0,-2.0,1.0,0.0,-0.043500000000000004
4527,0,1,107,9,1.0,-1.9999996423721313,1.0,0.0,-0.043499985694886535
4528,0,1,107,10,1.0,-1.999999761581421,1.0,0.0,-0.04349999046325741
4529,0,1,107,11,1.0,-1.999999761581421,1.0,0.0,-0.04349999046325741
4530,0,1,107,12,1.0,-1.9999994039535522,1.0,0.0,-0.043499976158145645
4531,0,1,107,13,1.0,-1.999999761581421,1.0,0.0,-0.04349999046325741
4532,0,1,107,14,1.0,-1.9999995231628418,1.0,0.0,-0.04349998092651595
4533,0,1,107,15,1.0,-1.9999995231628418,1.0,0.0,-0.04349998092651595
4534,0,1,107,16,1.0,-1.9999996423721313,1.0,0.0,-0.043499985694886535
4535,0,1,107,17,1.0,-1.9999994039535522,1.0,0.0,-0.043499976158145645
4536,0,1,107,18,1.0,-1.999999761581421,1.0,0.0,-0.04349999046325741
4537,0,1,107,19,1.0,-2.0,1.0,0.0,-0.043500000000000004
4538,0,1,107,20,1.0,-1.9999996423721313,1.0,0.0,-0.043499985694886535
4539,0,1,108,1,1.0,-2.0,1.0,0.0,-0.043500000000000004
4540,0,1,108,2,1.0,-1.9999994039535522,1.0,0.0,-0.043499976158145645
4541,0,1,108,3,1.0,-1.9999998807907104,1.0,0.0,-0.04349999523162856
4542,0,1,108,4,1.0,-2.0,1.0,0.0,-0.043500000000000004
4543,0,1,108,5,1.0,-1.999999761581421,1.0,0.0,-0.04349999046325741
4544,0,1,108,6,1.0,-1.9999996423721313,1.0,0.0,-0.043499985694886535
4545,0,1,108,7,1.0,-1.9999998807907104,1.0,0.0,-0.04349999523162856
4546,0,1,108,8,1.0,-2.0,1.0,0.0,-0.043500000000000004
4547,0,1,108,9,1.0,-1.9999996423721313,1.0,0.0,-0.043499985694886535
4548,0,1,108,10,1.0,-1.999999761581421,1.0,0.0,-0.04349999046325741
4549,0,1,108,11,1.0,-1.999999761581421,1.0,0.0,-0.04349999046325741
4550,0,1,108,12,1.0,-1.9999994039535522,1.0,0.0,-0.043499976158145645
4551,0,1,108,13,1.0,-1.999999761581421,1.0,0.0,-0.04349999046325741
4552,0,1,108,14,1.0,-1.9999995231628418,1.0,0.0,-0.04349998092651595
4553,0,1,108,15,1.0,-1.9999995231628418,1.0,0.0,-0.04349998092651595
4554,0,1,108,16,1.0,-1.9999996423721313,1.0,0.0,-0.043499985694886535
4555,0,1,108,17,1.0,-1.9999994039535522,1.0,0.0,-0.043499976158145645
4556,0,1,108,18,1.0,-1.999999761581421,1.0,0.0,-0.04349999046325741
4557,0,1,108,19,1.0,-2.0,1.0,0.0,-0.043500000000000004
4558,0,1,108,20,1.0,-1.9999996423721313,1.0,0.0,-0.043499985694886535
4559,0,1,109,1,1.0,-2.0,1.0,0.0,-0.043500000000000004
4560,0,1,109,2,1.0,-1.9999994039535522,1.0,0.0,-0.043499976158145645
4561,0,1,109,3,1.0,-1.9999998807907104,1.0,0.0,-0.04349999523162856
4562,0,1,109,4,1.0,-2.0,1.0,0.0,-0.043500000000000004
4563,0,1,109,5,1.0,-1.999999761581421,1.0,0.0,-0.04349999046325741
4564,0,1,109,6,1.0,-1.9999996423721313,1.0,0.0,-0.043499985694886535
4565,0,1,109,7,1.0,-1.9999998807907104,1.0,0.0,-0.04349999523162856
4566,0,1,109,8,1.0,-2.0,1.0,0.0,-0.043500000000000004
4567,0,1,109,9,1.0,-1.9999996423721313,1.0,0.0,-0.043499985694886535
4568,0,1,109,10,1.0,-1.999999761581421,1.0,0.0,-0.04349999046325741
4569,0,1,109,11,1.0,-1.999999761581421,1.0,0.0,-0.04349999046325741
4570,0,1,109,12,1.0,-1.9999994039535522,1.0,0.0,-0.043499976158145645
4571,0,1,109,13,1.0,-1.999999761581421,1.0,0.0,-0.04349999046325741
4572,0,1,109,14,1.0,-1.9999995231628418,1.0,0.0,-0.04349998092651595
4573,0,1,109,15,1.0,-1.9999995231628418,1.0,0.0,-0.04349998092651595
4574,0,1,109,16,1.0,-1.9999996423721313,1.0,0.0,-0.043499985694886535
4575,0,1,109,17,1.0,-1.9999994039535522,1.0,0.0,-0.043499976158145645
4576,0,1,109,18,1.0,-1.999999761581421,1.0,0.0,-0.04349999046325741
4577,0,1,109,19,1.0,-2.0,1.0,0.0,-0.043500000000000004
4578,0,1,109,20,1.0,-1.9999996423721313,1.0,0.0,-0.043499985694886535
4579,0,1,110,1,1.0,-2.0,1.0,0.0,-0.043500000000000004
4580,0,1,110,2,1.0,-1.9999994039535522,1.0,0.0,-0.043499976158145645
4581,0,1,110,3,1.0,-1.9999998807907104,1.0,0.0,-0.04349999523162856
4582,0,1,110,4,1.0,-2.0,1.0,0.0,-0.043500000000000004
4583,0,1,110,5,1.0,-1.999999761581421,1.0,0.0,-0.04349999046325741
4584,0,1,110,6,1.0,-1.9999996423721313,1.0,0.0,-0.043499985694886535
4585,0,1,110,7,1.0,-1.9999998807907104,1.0,0.0,-0.04349999523162856
4586,0,1,110,8,1.0,-2.0,1.0,0.0,-0.043500000000000004
4587,0,1,110,9,1.0,-1.9999996423721313,1.0,0.0,-0.043499985694886535
4588,0,1,110,10,1.0,-1.999999761581421,1.0,0.0,-0.04349999046325741
4589,0,1,110,11,1.0,-1.999999761581421,1.0,0.0,-0.04349999046325741
4590,0,1,110,12,1.0,-1.9999994039535522,1.0,0.0,-0.043499976158145645
4591,0,1,110,13,1.0,-1.999999761581421,1.0,0.0,-0.04349999046325741
4592,0,1,110,14,1.0,-1.9999995231628418,1.0,0.0,-0.04349998092651595
4593,0,1,110,15,1.0,-1.9999995231628418,1.0,0.0,-0.04349998092651595
4594,0,1,110,16,1.0,-1.9999996423721313,1.0,0.0,-0.043499985694886535
4595,0,1,110,17,1.0,-1.9999994039535522,1.0,0.0,-0.043499976158145645
4596,0,1,110,18,1.0,-1.999999761581421,1.0,0.0,-0.04349999046325741
4597,0,1,110,19,1.0,-2.0,1.0,0.0,-0.043500000000000004
4598,0,1,110,20,1.0,-1.9999996423721313,1.0,0.0,-0.043499985694886535
4599,0,1,111,1,1.0,-2.0,1.0,0.0,-0.043500000000000004
4600,0,1,111,2,1.0,-1.9999994039535522,1.0,0.0,-0.043499976158145645
4601,0,1,111,3,1.0,-1.9999998807907104,1.0,0.0,-0.04349999523162856
4602,0,1,111,4,1.0,-2.0,1.0,0.0,-0.043500000000000004
4603,0,1,111,5,1.0,-1.999999761581421,1.0,0.0,-0.04349999046325741
4604,0,1,111,6,1.0,-1.9999996423721313,1.0,0.0,-0.043499985694886535
4605,0,1,111,7,1.0,-1.9999998807907104,1.0,0.0,-0.04349999523162856
4606,0,1,111,8,1.0,-2.0,1.0,0.0,-0.043500000000000004
4607,0,1,111,9,1.0,-1.9999996423721313,1.0,0.0,-0.043499985694886535
4608,0,1,111,10,1.0,-1.999999761581421,1.0,0.0,-0.04349999046325741
4609,0,1,111,11,1.0,-1.999999761581421,1.0,0.0,-0.04349999046325741
4610,0,1,111,12,1.0,-1.9999994039535522,1.0,0.0,-0.043499976158145645
4611,0,1,111,13,1.0,-1.999999761581421,1.0,0.0,-0.04349999046325741
4612,0,1,111,14,1.0,-1.9999995231628418,1.0,0.0,-0.04349998092651595
4613,0,1,111,15,1.0,-1.9999995231628418,1.0,0.0,-0.04349998092651595
4614,0,1,111,16,1.0,-1.9999996423721313,1.0,0.0,-0.043499985694886535
4615,0,1,111,17,1.0,-1.9999994039535522,1.0,0.0,-0.043499976158145645
4616,0,1,111,18,1.0,-1.999999761581421,1.0,0.0,-0.04349999046325741
4617,0,1,111,19,1.0,-2.0,1.0,0.0,-0.043500000000000004
4618,0,1,111,20,1.0,-1.9999996423721313,1.0,0.0,-0.043499985694886535
4619,0,1,112,1,1.0,-2.0,1.0,0.0,-0.043500000000000004
4620,0,1,112,2,1.0,-1.9999994039535522,1.0,0.0,-0.043499976158145645
4621,0,1,112,3,1.0,-1.9999998807907104,1.0,0.0,-0.04349999523162856
4622,0,1,112,4,1.0,-2.0,1.0,0.0,-0.043500000000000004
4623,0,1,112,5,1.0,-1.999999761581421,1.0,0.0,-0.04349999046325741
4624,0,1,112,6,1.0,-1.9999996423721313,1.0,0.0,-0.043499985694886535
4625,0,1,112,7,1.0,-1.9999998807907104,1.0,0.0,-0.04349999523162856
4626,0,1,112,8,1.0,-2.0,1.0,0.0,-0.043500000000000004
4627,0,1,112,9,1.0,-1.9999996423721313,1.0,0.0,-0.043499985694886535
4628,0,1,112,10,1.0,-1.999999761581421,1.0,0.0,-0.04349999046325741
4629,0,1,112,11,1.0,-1.999999761581421,1.0,0.0,-0.04349999046325741
4630,0,1,112,12,1.0,-1.9999994039535522,1.0,0.0,-0.043499976158145645
4631,0,1,112,13,1.0,-1.999999761581421,1.0,0.0,-0.04349999046325741
4632,0,1,112,14,1.0,-1.9999995231628418,1.0,0.0,-0.04349998092651595
4633,0,1,112,15,1.0,-1.9999995231628418,1.0,0.0,-0.04349998092651595
4634,0,1,112,16,1.0,-1.9999996423721313,1.0,0.0,-0.043499985694886535
4635,0,1,112,17,1.0,-1.9999994039535522,1.0,0.0,-0.043499976158145645
4636,0,1,112,18,1.0,-1.999999761581421,1.0,0.0,-0.04349999046325741
4637,0,1,112,19,1.0,-2.0,1.0,0.0,-0.043500000000000004
4638,0,1,112,20,1.0,-1.9999996423721313,1.0,0.0,-0.043499985694886535
4639,0,1,113,1,1.0,-2.0,1.0,0.0,-0.043500000000000004
4640,0,1,113,2,1.0,-1.9999994039535522,1.0,0.0,-0.043499976158145645
4641,0,1,113,3,1.0,-1.9999998807907104,1.0,0.0,-0.04349999523162856
4642,0,1,113,4,1.0,-2.0,1.0,0.0,-0.043500000000000004
4643,0,1,113,5,1.0,-1.999999761581421,1.0,0.0,-0.04349999046325741
4644,0,1,113,6,1.0,-1.9999996423721313,1.0,0.0,-0.043499985694886535
4645,0,1,113,7,1.0,-1.9999998807907104,1.0,0.0,-0.04349999523162856
4646,0,1,113,8,1.0,-2.0,1.0,0.0,-0.043500000000000004
4647,0,1,113,9,1.0,-1.9999996423721313,1.0,0.0,-0.043499985694886535
4648,0,1,113,10,1.0,-1.999999761581421,1.0,0.0,-0.04349999046325741
4649,0,1,113,11,1.0,-1.999999761581421,1.0,0.0,-0.04349999046325741
4650,0,1,113,12,1.0,-1.9999994039535522,1.0,0.0,-0.043499976158145645
4651,0,1,113,13,1.0,-1.999999761581421,1.0,0.0,-0.04349999046325741
4652,0,1,113,14,1.0,-1.9999995231628418,1.0,0.0,-0.04349998092651595
4653,0,1,113,15,1.0,-1.9999995231628418,1.0,0.0,-0.04349998092651595
4654,0,1,113,16,1.0,-1.9999996423721313,1.0,0.0,-0.043499985694886535
4655,0,1,113,17,1.0,-1.9999994039535522,1.0,0.0,-0.043499976158145645
4656,0,1,113,18,1.0,-1.999999761581421,1.0,0.0,-0.04349999046325741
4657,0,1,113,19,1.0,-2.0,1.0,0.0,-0.043500000000000004
4658,0,1,113,20,1.0,-1.9999996423721313,1.0,0.0,-0.043499985694886535
4659,0,1,114,1,1.0,-2.0,1.0,0.0,-0.043500000000000004
4660,0,1,114,2,1.0,-1.9999994039535522,1.0,0.0,-0.043499976158145645
4661,0,1,114,3,1.0,-1.9999998807907104,1.0,0.0,-0.04349999523162856
4662,0,1,114,4,1.0,-2.0,1.0,0.0,-0.043500000000000004
4663,0,1,114,5,1.0,-1.999999761581421,1.0,0.0,-0.04349999046325741
4664,0,1,114,6,1.0,-1.9999996423721313,1.0,0.0,-0.043499985694886535
4665,0,1,114,7,1.0,-1.9999998807907104,1.0,0.0,-0.04349999523162856
4666,0,1,114,8,1.0,-2.0,1.0,0.0,-0.043500000000000004
4667,0,1,114,9,1.0,-1.9999996423721313,1.0,0.0,-0.043499985694886535
4668,0,1,114,10,1.0,-1.999999761581421,1.0,0.0,-0.04349999046325741
4669,0,1,114,11,1.0,-1.999999761581421,1.0,0.0,-0.04349999046325741
4670,0,1,114,12,1.0,-1.9999994039535522,1.0,0.0,-0.043499976158145645
4671,0,1,114,13,1.0,-1.999999761581421,1.0,0.0,-0.04349999046325741
4672,0,1,114,14,1.0,-1.9999995231628418,1.0,0.0,-0.04349998092651595
4673,0,1,114,15,1.0,-1.9999995231628418,1.0,0.0,-0.04349998092651595
4674,0,1,114,16,1.0,-1.9999996423721313,1.0,0.0,-0.043499985694886535
4675,0,1,114,17,1.0,-1.9999994039535522,1.0,0.0,-0.043499976158145645
4676,0,1,114,18,1.0,-1.999999761581421,1.0,0.0,-0.04349999046325741
4677,0,1,114,19,1.0,-2.0,1.0,0.0,-0.043500000000000004
4678,0,1,114,20,1.0,-1.9999996423721313,1.0,0.0,-0.043499985694886535
4679,0,1,115,1,1.0,-2.0,1.0,0.0,-0.043500000000000004
4680,0,1,115,2,1.0,-1.9999994039535522,1.0,0.0,-0.043499976158145645
4681,0,1,115,3,1.0,-1.9999998807907104,1.0,0.0,-0.04349999523162856
4682,0,1,115,4,1.0,-2.0,1.0,0.0,-0.043500000000000004
4683,0,1,115,5,1.0,-1.999999761581421,1.0,0.0,-0.04349999046325741
4684,0,1,115,6,1.0,-1.9999996423721313,1.0,0.0,-0.043499985694886535
4685,0,1,115,7,1.0,-1.9999998807907104,1.0,0.0,-0.04349999523162856
4686,0,1,115,8,1.0,-2.0,1.0,0.0,-0.043500000000000004
4687,0,1,115,9,1.0,-1.9999996423721313,1.0,0.0,-0.043499985694886535
4688,0,1,115,10,1.0,-1.999999761581421,1.0,0.0,-0.04349999046325741
4689,0,1,115,11,1.0,-1.999999761581421,1.0,0.0,-0.04349999046325741
4690,0,1,115,12,1.0,-1.9999994039535522,1.0,0.0,-0.043499976158145645
4691,0,1,115,13,1.0,-1.999999761581421,1.0,0.0,-0.04349999046325741
4692,0,1,115,14,1.0,-1.9999995231628418,1.0,0.0,-0.04349998092651595
4693,0,1,115,15,1.0,-1.9999995231628418,1.0,0.0,-0.04349998092651595
4694,0,1,115,16,1.0,-1.9999996423721313,1.0,0.0,-0.043499985694886535
4695,0,1,115,17,1.0,-1.9999994039535522,1.0,0.0,-0.043499976158145645
4696,0,1,115,18,1.0,-1.999999761581421,1.0,0.0,-0.04349999046325741
4697,0,1,115,19,1.0,-2.0,1.0,0.0,-0.043500000000000004
4698,0,1,115,20,1.0,-1.9999996423721313,1.0,0.0,-0.043499985694886535
4699,0,1,116,1,1.0,-2.0,1.0,0.0,-0.043500000000000004
4700,0,1,116,2,1.0,-1.9999994039535522,1.0,0.0,-0.043499976158145645
4701,0,1,116,3,1.0,-1.9999998807907104,1.0,0.0,-0.04349999523162856
4702,0,1,116,4,1.0,-2.0,1.0,0.0,-0.043500000000000004
4703,0,1,116,5,1.0,-1.999999761581421,1.0,0.0,-0.04349999046325741
4704,0,1,116,6,1.0,-1.9999996423721313,1.0,0.0,-0.043499985694886535
4705,0,1,116,7,1.0,-1.9999998807907104,1.0,0.0,-0.04349999523162856
4706,0,1,116,8,1.0,-2.0,1.0,0.0,-0.043500000000000004
4707,0,1,116,9,1.0,-1.9999996423721313,1.0,0.0,-0.043499985694886535
4708,0,1,116,10,1.0,-1.999999761581421,1.0,0.0,-0.04349999046325741
4709,0,1,116,11,1.0,-1.999999761581421,1.0,0.0,-0.04349999046325741
4710,0,1,116,12,1.0,-1.9999994039535522,1.0,0.0,-0.043499976158145645
4711,0,1,116,13,1.0,-1.999999761581421,1.0,0.0,-0.04349999046325741
4712,0,1,116,14,1.0,-1.9999995231628418,1.0,0.0,-0.04349998092651595
4713,0,1,116,15,1.0,-1.9999995231628418,1.0,0.0,-0.04349998092651595
4714,0,1,116,16,1.0,-1.9999996423721313,1.0,0.0,-0.043499985694886535
4715,0,1,116,17,1.0,-1.9999994039535522,1.0,0.0,-0.043499976158145645
4716,0,1,116,18,1.0,-1.999999761581421,1.0,0.0,-0.04349999046325741
4717,0,1,116,19,1.0,-2.0,1.0,0.0,-0.043500000000000004
4718,0,1,116,20,1.0,-1.9999996423721313,1.0,0.0,-0.043499985694886535
4719,0,1,117,1,1.0,-2.0,1.0,0.0,-0.043500000000000004
4720,0,1,117,2,1.0,-1.9999994039535522,1.0,0.0,-0.043499976158145645
4721,0,1,117,3,1.0,-1.9999998807907104,1.0,0.0,-0.04349999523162856
4722,0,1,117,4,1.0,-2.0,1.0,0.0,-0.043500000000000004
4723,0,1,117,5,1.0,-1.999999761581421,1.0,0.0,-0.04349999046325741
4724,0,1,117,6,1.0,-1.9999996423721313,1.0,0.0,-0.043499985694886535
4725,0,1,117,7,1.0,-1.9999998807907104,1.0,0.0,-0.04349999523162856
4726,0,1,117,8,1.0,-2.0,1.0,0.0,-0.043500000000000004
4727,0,1,117,9,1.0,-1.9999996423721313,1.0,0.0,-0.043499985694886535
4728,0,1,117,10,1.0,-1.999999761581421,1.0,0.0,-0.04349999046325741
4729,0,1,117,11,1.0,-1.999999761581421,1.0,0.0,-0.04349999046325741
4730,0,1,117,12,1.0,-1.9999994039535522,1.0,0.0,-0.043499976158145645
4731,0,1,117,13,1.0,-1.999999761581421,1.0,0.0,-0.04349999046325741
4732,0,1,117,14,1.0,-1.9999995231628418,1.0,0.0,-0.04349998092651595
4733,0,1,117,15,1.0,-1.9999995231628418,1.0,0.0,-0.04349998092651595
4734,0,1,117,16,1.0,-1.9999996423721313,1.0,0.0,-0.043499985694886535
4735,0,1,117,17,1.0,-1.9999994039535522,1.0,0.0,-0.043499976158145645
4736,0,1,117,18,1.0,-1.999999761581421,1.0,0.0,-0.04349999046325741
4737,0,1,117,19,1.0,-2.0,1.0,0.0,-0.043500000000000004
4738,0,1,117,20,1.0,-1.9999996423721313,1.0,0.0,-0.043499985694886535
4739,0,1,118,1,1.0,-2.0,1.0,0.0,-0.043500000000000004
4740,0,1,118,2,1.0,-1.9999994039535522,1.0,0.0,-0.043499976158145645
4741,0,1,118,3,1.0,-1.9999998807907104,1.0,0.0,-0.04349999523162856
4742,0,1,118,4,1.0,-2.0,1.0,0.0,-0.043500000000000004
4743,0,1,118,5,1.0,-1.999999761581421,1.0,0.0,-0.04349999046325741
4744,0,1,118,6,1.0,-1.9999996423721313,1.0,0.0,-0.043499985694886535
4745,0,1,118,7,1.0,-1.9999998807907104,1.0,0.0,-0.04349999523162856
4746,0,1,118,8,1.0,-2.0,1.0,0.0,-0.043500000000000004
4747,0,1,118,9,1.0,-1.9999996423721313,1.0,0.0,-0.043499985694886535
4748,0,1,118,10,1.0,-1.999999761581421,1.0,0.0,-0.04349999046325741
4749,0,1,118,11,1.0,-1.999999761581421,1.0,0.0,-0.04349999046325741
4750,0,1,118,12,1.0,-1.9999994039535522,1.0,0.0,-0.043499976158145645
4751,0,1,118,13,1.0,-1.999999761581421,1.0,0.0,-0.04349999046325741
4752,0,1,118,14,1.0,-1.9999995231628418,1.0,0.0,-0.04349998092651595
4753,0,1,118,15,1.0,-1.9999995231628418,1.0,0.0,-0.04349998092651595
4754,0,1,118,16,1.0,-1.9999996423721313,1.0,0.0,-0.043499985694886535
4755,0,1,118,17,1.0,-1.9999994039535522,1.0,0.0,-0.043499976158145645
4756,0,1,118,18,1.0,-1.999999761581421,1.0,0.0,-0.04349999046325741
4757,0,1,118,19,1.0,-2.0,1.0,0.0,-0.043500000000000004
4758,0,1,118,20,1.0,-1.9999996423721313,1.0,0.0,-0.043499985694886535
4759,0,1,119,1,1.0,-2.0,1.0,0.0,-0.043500000000000004
4760,0,1,119,2,1.0,-1.9999994039535522,1.0,0.0,-0.043499976158145645
4761,0,1,119,3,1.0,-1.9999998807907104,1.0,0.0,-0.04349999523162856
4762,0,1,119,4,1.0,-2.0,1.0,0.0,-0.043500000000000004
4763,0,1,119,5,1.0,-1.999999761581421,1.0,0.0,-0.04349999046325741
4764,0,1,119,6,1.0,-1.9999996423721313,1.0,0.0,-0.043499985694886535
4765,0,1,119,7,1.0,-1.9999998807907104,1.0,0.0,-0.04349999523162856
4766,0,1,119,8,1.0,-2.0,1.0,0.0,-0.043500000000000004
4767,0,1,119,9,1.0,-1.9999996423721313,1.0,0.0,-0.043499985694886535
4768,0,1,119,10,1.0,-1.999999761581421,1.0,0.0,-0.04349999046325741
4769,0,1,119,11,1.0,-1.999999761581421,1.0,0.0,-0.04349999046325741
4770,0,1,119,12,1.0,-1.9999994039535522,1.0,0.0,-0.043499976158145645
4771,0,1,119,13,1.0,-1.999999761581421,1.0,0.0,-0.04349999046325741
4772,0,1,119,14,1.0,-1.9999995231628418,1.0,0.0,-0.04349998092651595
4773,0,1,119,15,1.0,-1.9999995231628418,1.0,0.0,-0.04349998092651595
4774,0,1,119,16,1.0,-1.9999996423721313,1.0,0.0,-0.043499985694886535
4775,0,1,119,17,1.0,-1.9999994039535522,1.0,0.0,-0.043499976158145645
4776,0,1,119,18,1.0,-1.999999761581421,1.0,0.0,-0.04349999046325741
4777,0,1,119,19,1.0,-2.0,1.0,0.0,-0.043500000000000004
4778,0,1,119,20,1.0,-1.9999996423721313,1.0,0.0,-0.043499985694886535
4779,0,1,120,1,1.0,-2.0,1.0,0.0,-0.043500000000000004
4780,0,1,120,2,1.0,-1.9999994039535522,1.0,0.0,-0.043499976158145645
4781,0,1,120,3,1.0,-1.9999998807907104,1.0,0.0,-0.04349999523162856
4782,0,1,120,4,1.0,-2.0,1.0,0.0,-0.043500000000000004
4783,0,1,120,5,1.0,-1.999999761581421,1.0,0.0,-0.04349999046325741
4784,0,1,120,6,1.0,-1.9999996423721313,1.0,0.0,-0.043499985694886535
4785,0,1,120,7,1.0,-1.9999998807907104,1.0,0.0,-0.04349999523162856
4786,0,1,120,8,1.0,-2.0,1.0,0.0,-0.043500000000000004
4787,0,1,120,9,1.0,-1.9999996423721313,1.0,0.0,-0.043499985694886535
4788,0,1,120,10,1.0,-1.999999761581421,1.0,0.0,-0.04349999046325741
4789,0,1,120,11,1.0,-1.999999761581421,1.0,0.0,-0.04349999046325741
4790,0,1,120,12,1.0,-1.9999994039535522,1.0,0.0,-0.043499976158145645
4791,0,1,120,13,1.0,-1.999999761581421,1.0,0.0,-0.04349999046325741
4792,0,1,120,14,1.0,-1.9999995231628418,1.0,0.0,-0.04349998092651595
4793,0,1,120,15,1.0,-1.9999995231628418,1.0,0.0,-0.04349998092651595
4794,0,1,120,16,1.0,-1.9999996423721313,1.0,0.0,-0.043499985694886535
4795,0,1,120,17,1.0,-1.9999994039535522,1.0,0.0,-0.043499976158145645
4796,0,1,120,18,1.0,-1.999999761581421,1.0,0.0,-0.04349999046325741
4797,0,1,120,19,1.0,-2.0,1.0,0.0,-0.043500000000000004
4798,0,1,120,20,1.0,-1.9999996423721313,1.0,0.0,-0.043499985694886535
4799,0,2,1,1,1.0,-2.0,1.0,0.0,-0.043500000000000004
4800,0,2,1,2,1.0,-1.999998927116394,1.0,0.0,-0.04349995708466728
4801,0,2,1,3,1.0,-1.9999998807907104,1.0,0.0,-0.04349999523162856
4802,0,2,1,4,1.0,-1.999999761581421,1.0,0.0,-0.04349999046325741
4803,0,2,1,5,1.0,-1.9999998807907104,1.0,0.0,-0.04349999523162856
4804,0,2,1,6,1.0,-1.9999998807907104,1.0,0.0,-0.04349999523162856
4805,0,2,1,7,1.0,-2.0,1.0,0.0,-0.043500000000000004
4806,0,2,1,8,1.0,-2.0,1.0,0.0,-0.043500000000000004
4807,0,2,1,9,1.0,-2.0,1.0,0.0,-0.043500000000000004
4808,0,2,1,10,1.0,-2.0,1.0,0.0,-0.043500000000000004
4809,0,2,1,11,1.0,-2.0,1.0,0.0,-0.043500000000000004
4810,0,2,1,12,1.0,-2.0,1.0,0.0,-0.043500000000000004
4811,0,2,1,13,1.0,-2.0,1.0,0.0,-0.043500000000000004
4812,0,2,1,14,1.0,-1.9999998807907104,1.0,0.0,-0.04349999523162856
4813,0,2,1,15,1.0,-1.9999998807907104,1.0,0.0,-0.04349999523162856
4814,0,2,1,16,1.0,-2.0,1.0,0.0,-0.043500000000000004
4815,0,2,1,17,1.0,-2.0,1.0,0.0,-0.043500000000000004
4816,0,2,1,18,1.0,-2.0,1.0,0.0,-0.043500000000000004
4817,0,2,1,19,1.0,-2.0,1.0,0.0,-0.043500000000000004
4818,0,2,1,20,1.0,-2.0,1.0,0.0,-0.043500000000000004
4819,0,2,2,1,1.0,-1.9999998807907104,1.0,0.0,-0.04349999523162856
4820,0,2,2,2,1.0,-1.999998927116394,1.0,0.0,-0.04349995708466728
4821,0,2,2,3,1.0,-1.9999998807907104,1.0,0.0,-0.04349999523162856
4822,0,2,2,4,1.0,-1.999999761581421,1.0,0.0,-0.04349999046325741
4823,0,2,2,5,1.0,-1.9999998807907104,1.0,0.0,-0.04349999523162856
4824,0,2,2,6,1.0,-1.9999998807907104,1.0,0.0,-0.04349999523162856
4825,0,2,2,7,1.0,-2.0,1.0,0.0,-0.043500000000000004
4826,0,2,2,8,1.0,-2.0,1.0,0.0,-0.043500000000000004
4827,0,2,2,9,1.0,-2.0,1.0,0.0,-0.043500000000000004
4828,0,2,2,10,1.0,-2.0,1.0,0.0,-0.043500000000000004
4829,0,2,2,11,1.0,-2.0,1.0,0.0,-0.043500000000000004
4830,0,2,2,12,1.0,-2.0,1.0,0.0,-0.043500000000000004
4831,0,2,2,13,1.0,-2.0,1.0,0.0,-0.043500000000000004
4832,0,2,2,14,1.0,-1.9999998807907104,1.0,0.0,-0.04349999523162856
4833,0,2,2,15,1.0,-1.9999998807907104,1.0,0.0,-0.04349999523162856
4834,0,2,2,16,1.0,-2.0,1.0,0.0,-0.043500000000000004
4835,0,2,2,17,1.0,-2.0,1.0,0.0,-0.043500000000000004
4836,0,2,2,18,1.0,-2.0,1.0,0.0,-0.043500000000000004
4837,0,2,2,19,1.0,-2.0,1.0,0.0,-0.043500000000000004
4838,0,2,2,20,1.0,-2.0,1.0,0.0,-0.043500000000000004
4839,0,2,3,1,1.0,-1.9999998807907104,1.0,0.0,-0.04349999523162856
4840,0,2,3,2,1.0,-1.999998927116394,1.0,0.0,-0.04349995708466728
4841,0,2,3,3,1.0,-1.9999998807907104,1.0,0.0,-0.04349999523162856
4842,0,2,3,4,1.0,-1.999999761581421,1.0,0.0,-0.04349999046325741
4843,0,2,3,5,1.0,-1.999999761581421,1.0,0.0,-0.04349999046325741
4844,0,2,3,6,1.0,-1.9999998807907104,1.0,0.0,-0.04349999523162856
4845,0,2,3,7,1.0,-2.0,1.0,0.0,-0.043500000000000004
4846,0,2,3,8,1.0,-2.0,1.0,0.0,-0.043500000000000004
4847,0,2,3,9,1.0,-2.0,1.0,0.0,-0.043500000000000004
4848,0,2,3,10,1.0,-2.0,1.0,0.0,-0.043500000000000004
4849,0,2,3,11,1.0,-2.0,1.0,0.0,-0.043500000000000004
4850,0,2,3,12,1.0,-2.0,1.0,0.0,-0.043500000000000004
4851,0,2,3,13,1.0,-1.9999998807907104,1.0,0.0,-0.04349999523162856
4852,0,2,3,14,1.0,-1.9999998807907104,1.0,0.0,-0.04349999523162856
4853,0,2,3,15,1.0,-1.9999998807907104,1.0,0.0,-0.04349999523162856
4854,0,2,3,16,1.0,-2.0,1.0,0.0,-0.043500000000000004
4855,0,2,3,17,1.0,-2.0,1.0,0.0,-0.043500000000000004
4856,0,2,3,18,1.0,-2.0,1.0,0.0,-0.043500000000000004
4857,0,2,3,19,1.0,-2.0,1.0,0.0,-0.043500000000000004
4858,0,2,3,20,1.0,-2.0,1.0,0.0,-0.043500000000000004
4859,0,2,4,1,1.0,-1.9999998807907104,1.0,0.0,-0.04349999523162856
4860,0,2,4,2,1.0,-1.999998927116394,1.0,0.0,-0.04349995708466728
4861,0,2,4,3,1.0,-1.9999998807907104,1.0,0.0,-0.04349999523162856
4862,0,2,4,4,1.0,-1.9999996423721313,1.0,0.0,-0.043499985694886535
4863,0,2,4,5,1.0,-1.999999761581421,1.0,0.0,-0.04349999046325741
4864,0,2,4,6,1.0,-1.9999998807907104,1.0,0.0,-0.04349999523162856
4865,0,2,4,7,1.0,-2.0,1.0,0.0,-0.043500000000000004
4866,0,2,4,8,1.0,-2.0,1.0,0.0,-0.043500000000000004
4867,0,2,4,9,1.0,-2.0,1.0,0.0,-0.043500000000000004
4868,0,2,4,10,1.0,-2.0,1.0,0.0,-0.043500000000000004
4869,0,2,4,11,1.0,-2.0,1.0,0.0,-0.043500000000000004
4870,0,2,4,12,1.0,-2.0,1.0,0.0,-0.043500000000000004
4871,0,2,4,13,1.0,-1.9999998807907104,1.0,0.0,-0.04349999523162856
4872,0,2,4,14,1.0,-1.9999998807907104,1.0,0.0,-0.04349999523162856
4873,0,2,4,15,1.0,-1.9999998807907104,1.0,0.0,-0.04349999523162856
4874,0,2,4,16,1.0,-2.0,1.0,0.0,-0.043500000000000004
4875,0,2,4,17,1.0,-2.0,1.0,0.0,-0.043500000000000004
4876,0,2,4,18,1.0,-2.0,1.0,0.0,-0.043500000000000004
4877,0,2,4,19,1.0,-2.0,1.0,0.0,-0.043500000000000004
4878,0,2,4,20,1.0,-2.0,1.0,0.0,-0.043500000000000004
4879,0,2,5,1,1.0,-1.9999998807907104,1.0,0.0,-0.04349999523162856
4880,0,2,5,2,1.0,-1.999998927116394,1.0,0.0,-0.04349995708466728
4881,0,2,5,3,1.0,-1.9999998807907104,1.0,0.0,-0.04349999523162856
4882,0,2,5,4,1.0,-1.9999996423721313,1.0,0.0,-0.043499985694886535
4883,0,2,5,5,1.0,-1.999999761581421,1.0,0.0,-0.04349999046325741
4884,0,2,5,6,1.0,-1.9999998807907104,1.0,0.0,-0.04349999523162856
4885,0,2,5,7,1.0,-2.0,1.0,0.0,-0.043500000000000004
4886,0,2,5,8,1.0,-2.0,1.0,0.0,-0.043500000000000004
4887,0,2,5,9,1.0,-2.0,1.0,0.0,-0.043500000000000004
4888,0,2,5,10,1.0,-2.0,1.0,0.0,-0.043500000000000004
4889,0,2,5,11,1.0,-2.0,1.0,0.0,-0.043500000000000004
4890,0,2,5,12,1.0,-1.9999998807907104,1.0,0.0,-0.04349999523162856
4891,0,2,5,13,1.0,-1.9999998807907104,1.0,0.0,-0.04349999523162856
4892,0,2,5,14,1.0,-1.9999998807907104,1.0,0.0,-0.04349999523162856
4893,0,2,5,15,1.0,-1.9999998807907104,1.0,0.0,-0.04349999523162856
4894,0,2,5,16,1.0,-2.0,1.0,0.0,-0.043500000000000004
4895,0,2,5,17,1.0,-2.0,1.0,0.0,-0.043500000000000004
4896,0,2,5,18,1.0,-2.0,1.0,0.0,-0.043500000000000004
4897,0,2,5,19,1.0,-2.0,1.0,0.0,-0.043500000000000004
4898,0,2,5,20,1.0,-2.0,1.0,0.0,-0.043500000000000004
4899,0,2,6,1,1.0,-1.999999761581421,1.0,0.0,-0.04349999046325741
4900,0,2,6,2,1.0,-1.999998927116394,1.0,0.0,-0.04349995708466728
4901,0,2,6,3,1.0,-1.999999761581421,1.0,0.0,-0.04349999046325741
4902,0,2,6,4,1.0,-1.9999996423721313,1.0,0.0,-0.043499985694886535
4903,0,2,6,5,1.0,-1.999999761581421,1.0,0.0,-0.04349999046325741
4904,0,2,6,6,1.0,-1.9999998807907104,1.0,0.0,-0.04349999523162856
4905,0,2,6,7,1.0,-2.0,1.0,0.0,-0.043500000000000004
4906,0,2,6,8,1.0,-2.0,1.0,0.0,-0.043500000000000004
4907,0,2,6,9,1.0,-2.0,1.0,0.0,-0.043500000000000004
4908,0,2,6,10,1.0,-2.0,1.0,0.0,-0.043500000000000004
4909,0,2,6,11,1.0,-2.0,1.0,0.0,-0.043500000000000004
4910,0,2,6,12,1.0,-1.9999998807907104,1.0,0.0,-0.04349999523162856
4911,0,2,6,13,1.0,-1.9999998807907104,1.0,0.0,-0.04349999523162856
4912,0,2,6,14,1.0,-1.9999998807907104,1.0,0.0,-0.04349999523162856
4913,0,2,6,15,1.0,-1.9999998807907104,1.0,0.0,-0.04349999523162856
4914,0,2,6,16,1.0,-2.0,1.0,0.0,-0.043500000000000004
4915,0,2,6,17,1.0,-2.0,1.0,0.0,-0.043500000000000004
4916,0,2,6,18,1.0,-2.0,1.0,0.0,-0.043500000000000004
4917,0,2,6,19,1.0,-2.0,1.0,0.0,-0.043500000000000004
4918,0,2,6,20,1.0,-2.0,1.0,0.0,-0.043500000000000004
4919,0,2,7,1,1.0,-1.999999761581421,1.0,0.0,-0.04349999046325741
4920,0,2,7,2,1.0,-1.999998927116394,1.0,0.0,-0.04349995708466728
4921,0,2,7,3,1.0,-1.999999761581421,1.0,0.0,-0.04349999046325741
4922,0,2,7,4,1.0,-1.9999996423721313,1.0,0.0,-0.043499985694886535
4923,0,2,7,5,1.0,-1.999999761581421,1.0,0.0,-0.04349999046325741
4924,0,2,7,6,1.0,-1.9999998807907104,1.0,0.0,-0.04349999523162856
4925,0,2,7,7,1.0,-2.0,1.0,0.0,-0.043500000000000004
4926,0,2,7,8,1.0,-2.0,1.0,0.0,-0.043500000000000004
4927,0,2,7,9,1.0,-2.0,1.0,0.0,-0.043500000000000004
4928,0,2,7,10,1.0,-2.0,1.0,0.0,-0.043500000000000004
4929,0,2,7,11,1.0,-2.0,1.0,0.0,-0.043500000000000004
4930,0,2,7,12,1.0,-1.9999998807907104,1.0,0.0,-0.04349999523162856
4931,0,2,7,13,1.0,-1.9999998807907104,1.0,0.0,-0.04349999523162856
4932,0,2,7,14,1.0,-1.9999998807907104,1.0,0.0,-0.04349999523162856
4933,0,2,7,15,1.0,-2.0,1.0,0.0,-0.043500000000000004
4934,0,2,7,16,1.0,-2.0,1.0,0.0,-0.043500000000000004
4935,0,2,7,17,1.0,-2.0,1.0,0.0,-0.043500000000000004
4936,0,2,7,18,1.0,-2.0,1.0,0.0,-0.043500000000000004
4937,0,2,7,19,1.0,-2.0,1.0,0.0,-0.043500000000000004
4938,0,2,7,20,1.0,-2.0,1.0,0.0,-0.043500000000000004
4939,0,2,8,1,1.0,-1.999999761581421,1.0,0.0,-0.04349999046325741
4940,0,2,8,2,1.0,-1.999998927116394,1.0,0.0,-0.04349995708466728
4941,0,2,8,3,1.0,-1.999999761581421,1.0,0.0,-0.04349999046325741
4942,0,2,8,4,1.0,-1.9999996423721313,1.0,0.0,-0.043499985694886535
4943,0,2,8,5,1.0,-1.999999761581421,1.0,0.0,-0.04349999046325741
4944,0,2,8,6,1.0,-2.0,1.0,0.0,-0.043500000000000004
4945,0,2,8,7,1.0,-2.0,1.0,0.0,-0.043500000000000004
4946,0,2,8,8,1.0,-2.0,1.0,0.0,-0.043500000000000004
4947,0,2,8,9,1.0,-2.0,1.0,0.0,-0.043500000000000004
4948,0,2,8,10,1.0,-2.0,1.0,0.0,-0.043500000000000004
4949,0,2,8,11,1.0,-2.0,1.0,0.0,-0.043500000000000004
4950,0,2,8,12,1.0,-1.9999998807907104,1.0,0.0,-0.04349999523162856
4951,0,2,8,13,1.0,-1.9999998807907104,1.0,0.0,-0.04349999523162856
4952,0,2,8,14,1.0,-1.9999998807907104,1.0,0.0,-0.04349999523162856
4953,0,2,8,15,1.0,-2.0,1.0,0.0,-0.043500000000000004
4954,0,2,8,16,1.0,-2.0,1.0,0.0,-0.043500000000000004
4955,0,2,8,17,1.0,-2.0,1.0,0.0,-0.043500000000000004
4956,0,2,8,18,1.0,-2.0,1.0,0.0,-0.043500000000000004
4957,0,2,8,19,1.0,-2.0,1.0,0.0,-0.043500000000000004
4958,0,2,8,20,1.0,-1.9999998807907104,1.0,0.0,-0.04349999523162856
4959,0,2,9,1,1.0,-1.999999761581421,1.0,0.0,-0.04349999046325741
4960,0,2,9,2,1.0,-1.999998927116394,1.0,0.0,-0.04349995708466728
4961,0,2,9,3,1.0,-1.999999761581421,1.0,0.0,-0.04349999046325741
4962,0,2,9,4,1.0,-1.9999996423721313,1.0,0.0,-0.043499985694886535
4963,0,2,9,5,1.0,-1.999999761581421,1.0,0.0,-0.04349999046325741
4964,0,2,9,6,1.0,-2.0,1.0,0.0,-0.043500000000000004
4965,0,2,9,7,1.0,-2.0,1.0,0.0,-0.043500000000000004
4966,0,2,9,8,1.0,-2.0,1.0,0.0,-0.043500000000000004
4967,0,2,9,9,1.0,-2.0,1.0,0.0,-0.043500000000000004
4968,0,2,9,10,1.0,-2.0,1.0,0.0,-0.043500000000000004
4969,0,2,9,11,1.0,-1.9999998807907104,1.0,0.0,-0.04349999523162856
4970,0,2,9,12,1.0,-1.9999998807907104,1.0,0.0,-0.04349999523162856
4971,0,2,9,13,1.0,-1.9999998807907104,1.0,0.0,-0.04349999523162856
4972,0,2,9,14,1.0,-1.9999998807907104,1.0,0.0,-0.04349999523162856
4973,0,2,9,15,1.0,-2.0,1.0,0.0,-0.043500000000000004
4974,0,2,9,16,1.0,-2.0,1.0,0.0,-0.043500000000000004
4975,0,2,9,17,1.0,-2.0,1.0,0.0,-0.043500000000000004
4976,0,2,9,18,1.0,-2.0,1.0,0.0,-0.043500000000000004
4977,0,2,9,19,1.0,-2.0,1.0,0.0,-0.043500000000000004
4978,0,2,9,20,1.0,-1.9999998807907104,1.0,0.0,-0.04349999523162856
4979,0,2,10,1,1.0,-1.999999761581421,1.0,0.0,-0.04349999046325741
4980,0,2,10,2,1.0,-1.999998927116394,1.0,0.0,-0.04349995708466728
4981,0,2,10,3,1.0,-1.999999761581421,1.0,0.0,-0.04349999046325741
4982,0,2,10,4,1.0,-1.9999996423721313,1.0,0.0,-0.043499985694886535
4983,0,2,10,5,1.0,-1.999999761581421,1.0,0.0,-0.04349999046325741
4984,0,2,10,6,1.0,-2.0,1.0,0.0,-0.043500000000000004
4985,0,2,10,7,1.0,-2.0,1.0,0.0,-0.043500000000000004
4986,0,2,10,8,1.0,-2.0,1.0,0.0,-0.043500000000000004
4987,0,2,10,9,1.0,-2.0,1.0,0.0,-0.043500000000000004
4988,0,2,10,10,1.0,-2.0,1.0,0.0,-0.043500000000000004
4989,0,2,10,11,1.0,-1.9999998807907104,1.0,0.0,-0.04349999523162856
4990,0,2,10,12,1.0,-1.9999998807907104,1.0,0.0,-0.04349999523162856
4991,0,2,10,13,1.0,-1.9999998807907104,1.0,0.0,-0.04349999523162856
4992,0,2,10,14,1.0,-1.9999998807907104,1.0,0.0,-0.04349999523162856
4993,0,2,10,15,1.0,-2.0,1.0,0.0,-0.043500000000000004
4994,0,2,10,16,1.0,-2.0,1.0,0.0,-0.043500000000000004
4995,0,2,10,17,1.0,-2.0,1.0,0.0,-0.043500000000000004
4996,0,2,10,18,1.0,-2.0,1.0,0.0,-0.043500000000000004
4997,0,2,10,19,1.0,-2.0,1.0,0.0,-0.043500000000000004
4998,0,2,10,20,1.0,-1.9999998807907104,1.0,0.0,-0.04349999523162856
4999,0,2,11,1,1.0,-1.999999761581421,1.0,0.0,-0.04349999046325741
5000,0,2,11,2,1.0,-1.999998927116394,1.0,0.0,-0.04349995708466728
5001,0,2,11,3,1.0,-1.999999761581421,1.0,0.0,-0.04349999046325741
5002,0,2,11,4,1.0,-1.9999996423721313,1.0,0.0,-0.043499985694886535
5003,0,2,11,5,1.0,-1.9999998807907104,1.0,0.0,-0.04349999523162856
5004,0,2,11,6,1.0,-2.0,1.0,0.0,-0.043500000000000004
5005,0,2,11,7,1.0,-2.0,1.0,0.0,-0.043500000000000004
5006,0,2,11,8,1.0,-2.0,1.0,0.0,-0.043500000000000004
5007,0,2,11,9,1.0,-2.0,1.0,0.0,-0.043500000000000004
5008,0,2,11,10,1.0,-2.0,1.0,0.0,-0.043500000000000004
5009,0,2,11,11,1.0,-1.9999998807907104,1.0,0.0,-0.04349999523162856
5010,0,2,11,12,1.0,-1.9999998807907104,1.0,0.0,-0.04349999523162856
5011,0,2,11,13,1.0,-1.9999998807907104,1.0,0.0,-0.04349999523162856
5012,0,2,11,14,1.0,-2.0,1.0,0.0,-0.043500000000000004
5013,0,2,11,15,1.0,-2.0,1.0,0.0,-0.043500000000000004
5014,0,2,11,16,1.0,-2.0,1.0,0.0,-0.043500000000000004
5015,0,2,11,17,1.0,-2.0,1.0,0.0,-0.043500000000000004
5016,0,2,11,18,1.0,-2.0,1.0,0.0,-0.043500000000000004
5017,0,2,11,19,1.0,-2.0,1.0,0.0,-0.043500000000000004
5018,0,2,11,20,1.0,-1.9999998807907104,1.0,0.0,-0.04349999523162856
5019,0,2,12,1,1.0,-1.999999761581421,1.0,0.0,-0.04349999046325741
5020,0,2,12,2,1.0,-1.999998927116394,1.0,0.0,-0.04349995708466728
5021,0,2,12,3,1.0,-1.999999761581421,1.0,0.0,-0.04349999046325741
5022,0,2,12,4,1.0,-1.9999996423721313,1.0,0.0,-0.043499985694886535
5023,0,2,12,5,1.0,-1.9999998807907104,1.0,0.0,-0.04349999523162856
5024,0,2,12,6,1.0,-2.0,1.0,0.0,-0.043500000000000004
5025,0,2,12,7,1.0,-2.0,1.0,0.0,-0.043500000000000004
5026,0,2,12,8,1.0,-2.0,1.0,0.0,-0.043500000000000004
5027,0,2,12,9,1.0,-2.0,1.0,0.0,-0.043500000000000004
5028,0,2,12,10,1.0,-2.0,1.0,0.0,-0.043500000000000004
5029,0,2,12,11,1.0,-1.9999998807907104,1.0,0.0,-0.04349999523162856
5030,0,2,12,12,1.0,-1.9999998807907104,1.0,0.0,-0.04349999523162856
5031,0,2,12,13,1.0,-1.9999998807907104,1.0,0.0,-0.04349999523162856
5032,0,2,12,14,1.0,-2.0,1.0,0.0,-0.043500000000000004
5033,0,2,12,15,1.0,-2.0,1.0,0.0,-0.043500000000000004
5034,0,2,12,16,1.0,-2.0,1.0,0.0,-0.043500000000000004
5035,0,2,12,17,1.0,-2.0,1.0,0.0,-0.043500000000000004
5036,0,2,12,18,1.0,-2.0,1.0,0.0,-0.043500000000000004
5037,0,2,12,19,1.0,-2.0,1.0,0.0,-0.043500000000000004
5038,0,2,12,20,1.0,-1.9999998807907104,1.0,0.0,-0.04349999523162856
5039,0,2,13,1,1.0,-1.999999761581421,1.0,0.0,-0.04349999046325741
5040,0,2,13,2,1.0,-1.999998927116394,1.0,0.0,-0.04349995708466728
5041,0,2,13,3,1.0,-1.999999761581421,1.0,0.0,-0.04349999046325741
5042,0,2,13,4,1.0,-1.9999996423721313,1.0,0.0,-0.043499985694886535
5043,0,2,13,5,1.0,-1.9999998807907104,1.0,0.0,-0.04349999523162856
5044,0,2,13,6,1.0,-2.0,1.0,0.0,-0.043500000000000004
5045,0,2,13,7,1.0,-2.0,1.0,0.0,-0.043500000000000004
5046,0,2,13,8,1.0,-2.0,1.0,0.0,-0.043500000000000004
5047,0,2,13,9,1.0,-2.0,1.0,0.0,-0.043500000000000004
5048,0,2,13,10,1.0,-2.0,1.0,0.0,-0.043500000000000004
5049,0,2,13,11,1.0,-1.9999998807907104,1.0,0.0,-0.04349999523162856
5050,0,2,13,12,1.0,-1.9999998807907104,1.0,0.0,-0.04349999523162856
5051,0,2,13,13,1.0,-2.0,1.0,0.0,-0.043500000000000004
5052,0,2,13,14,1.0,-2.0,1.0,0.0,-0.043500000000000004
5053,0,2,13,15,1.0,-2.0,1.0,0.0,-0.043500000000000004
5054,0,2,13,16,1.0,-2.0,1.0,0.0,-0.043500000000000004
5055,0,2,13,17,1.0,-2.0,1.0,0.0,-0.043500000000000004
5056,0,2,13,18,1.0,-2.0,1.0,0.0,-0.043500000000000004
5057,0,2,13,19,1.0,-2.0,1.0,0.0,-0.043500000000000004
5058,0,2,13,20,1.0,-1.9999998807907104,1.0,0.0,-0.04349999523162856
5059,0,2,14,1,1.0,-1.9999998807907104,1.0,0.0,-0.04349999523162856
5060,0,2,14,2,1.0,-1.999998927116394,1.0,0.0,-0.04349995708466728
5061,0,2,14,3,1.0,-1.999999761581421,1.0,0.0,-0.04349999046325741
5062,0,2,14,4,1.0,-1.999999761581421,1.0,0.0,-0.04349999046325741
5063,0,2,14,5,1.0,-1.9999998807907104,1.0,0.0,-0.04349999523162856
5064,0,2,14,6,1.0,-2.0,1.0,0.0,-0.043500000000000004
5065,0,2,14,7,1.0,-2.0,1.0,0.0,-0.043500000000000004
5066,0,2,14,8,1.0,-2.0,1.0,0.0,-0.043500000000000004
5067,0,2,14,9,1.0,-2.0,1.0,0.0,-0.043500000000000004
5068,0,2,14,10,1.0,-2.0,1.0,0.0,-0.043500000000000004
5069,0,2,14,11,1.0,-2.0,1.0,0.0,-0.043500000000000004
5070,0,2,14,12,1.0,-2.0,1.0,0.0,-0.043500000000000004
5071,0,2,14,13,1.0,-2.0,1.0,0.0,-0.043500000000000004
5072,0,2,14,14,1.0,-2.0,1.0,0.0,-0.043500000000000004
5073,0,2,14,15,1.0,-2.0,1.0,0.0,-0.043500000000000004
5074,0,2,14,16,1.0,-2.0,1.0,0.0,-0.043500000000000004
5075,0,2,14,17,1.0,-2.0,1.0,0.0,-0.043500000000000004
5076,0,2,14,18,1.0,-2.0,1.0,0.0,-0.043500000000000004
5077,0,2,14,19,1.0,-2.0,1.0,0.0,-0.043500000000000004
5078,0,2,14,20,1.0,-2.0,1.0,0.0,-0.043500000000000004
5079,0,2,15,1,1.0,-1.9999998807907104,1.0,0.0,-0.04349999523162856
5080,0,2,15,2,1.0,-1.999998927116394,1.0,0.0,-0.04349995708466728
5081,0,2,15,3,1.0,-1.9999998807907104,1.0,0.0,-0.04349999523162856
5082,0,2,15,4,1.0,-1.999999761581421,1.0,0.0,-0.04349999046325741
5083,0,2,15,5,1.0,-1.9999998807907104,1.0,0.0,-0.04349999523162856
5084,0,2,15,6,1.0,-2.0,1.0,0.0,-0.043500000000000004
5085,0,2,15,7,1.0,-2.0,1.0,0.0,-0.043500000000000004
5086,0,2,15,8,1.0,-2.0,1.0,0.0,-0.043500000000000004
5087,0,2,15,9,1.0,-2.0,1.0,0.0,-0.043500000000000004
5088,0,2,15,10,1.0,-2.0,1.0,0.0,-0.043500000000000004
5089,0,2,15,11,1.0,-2.0,1.0,0.0,-0.043500000000000004
5090,0,2,15,12,1.0,-2.0,1.0,0.0,-0.043500000000000004
5091,0,2,15,13,1.0,-2.0,1.0,0.0,-0.043500000000000004
5092,0,2,15,14,1.0,-2.0,1.0,0.0,-0.043500000000000004
5093,0,2,15,15,1.0,-2.0,1.0,0.0,-0.043500000000000004
5094,0,2,15,16,1.0,-2.0,1.0,0.0,-0.043500000000000004
5095,0,2,15,17,1.0,-2.0,1.0,0.0,-0.043500000000000004
5096,0,2,15,18,1.0,-2.0,1.0,0.0,-0.043500000000000004
5097,0,2,15,19,1.0,-2.0,1.0,0.0,-0.043500000000000004
5098,0,2,15,20,1.0,-2.0,1.0,0.0,-0.043500000000000004
5099,0,2,16,1,1.0,-1.9999998807907104,1.0,0.0,-0.04349999523162856
5100,0,2,16,2,1.0,-1.999998927116394,1.0,0.0,-0.04349995708466728
5101,0,2,16,3,1.0,-1.9999998807907104,1.0,0.0,-0.04349999523162856
5102,0,2,16,4,1.0,-1.999999761581421,1.0,0.0,-0.04349999046325741
5103,0,2,16,5,1.0,-1.9999998807907104,1.0,0.0,-0.04349999523162856
5104,0,2,16,6,1.0,-2.0,1.0,0.0,-0.043500000000000004
5105,0,2,16,7,1.0,-2.0,1.0,0.0,-0.043500000000000004
5106,0,2,16,8,1.0,-2.0,1.0,0.0,-0.043500000000000004
5107,0,2,16,9,1.0,-2.0,1.0,0.0,-0.043500000000000004
5108,0,2,16,10,1.0,-2.0,1.0,0.0,-0.043500000000000004
5109,0,2,16,11,1.0,-2.0,1.0,0.0,-0.043500000000000004
5110,0,2,16,12,1.0,-2.0,1.0,0.0,-0.043500000000000004
5111,0,2,16,13,1.0,-2.0,1.0,0.0,-0.043500000000000004
5112,0,2,16,14,1.0,-2.0,1.0,0.0,-0.043500000000000004
5113,0,2,16,15,1.0,-2.0,1.0,0.0,-0.043500000000000004
5114,0,2,16,16,1.0,-2.0,1.0,0.0,-0.043500000000000004
5115,0,2,16,17,1.0,-2.0,1.0,0.0,-0.043500000000000004
5116,0,2,16,18,1.0,-2.0,1.0,0.0,-0.043500000000000004
5117,0,2,16,19,1.0,-2.0,1.0,0.0,-0.043500000000000004
5118,0,2,16,20,1.0,-2.0,1.0,0.0,-0.043500000000000004
5119,0,2,17,1,1.0,-1.9999998807907104,1.0,0.0,-0.04349999523162856
5120,0,2,17,2,1.0,-1.999998927116394,1.0,0.0,-0.04349995708466728
5121,0,2,17,3,1.0,-1.9999998807907104,1.0,0.0,-0.04349999523162856
5122,0,2,17,4,1.0,-1.999999761581421,1.0,0.0,-0.04349999046325741
5123,0,2,17,5,1.0,-1.9999998807907104,1.0,0.0,-0.04349999523162856
5124,0,2,17,6,1.0,-2.0,1.0,0.0,-0.043500000000000004
5125,0,2,17,7,1.0,-2.0,1.0,0.0,-0.043500000000000004
5126,0,2,17,8,1.0,-2.0,1.0,0.0,-0.043500000000000004
5127,0,2,17,9,1.0,-2.0,1.0,0.0,-0.043500000000000004
5128,0,2,17,10,1.0,-2.0,1.0,0.0,-0.043500000000000004
5129,0,2,17,11,1.0,-2.0,1.0,0.0,-0.043500000000000004
5130,0,2,17,12,1.0,-2.0,1.0,0.0,-0.043500000000000004
5131,0,2,17,13,1.0,-2.0,1.0,0.0,-0.043500000000000004
5132,0,2,17,14,1.0,-1.9999998807907104,1.0,0.0,-0.04349999523162856
5133,0,2,17,15,1.0,-1.9999998807907104,1.0,0.0,-0.04349999523162856
5134,0,2,17,16,1.0,-2.0,1.0,0.0,-0.043500000000000004
5135,0,2,17,17,1.0,-2.0,1.0,0.0,-0.043500000000000004
5136,0,2,17,18,1.0,-2.0,1.0,0.0,-0.043500000000000004
5137,0,2,17,19,1.0,-2.0,1.0,0.0,-0.043500000000000004
5138,0,2,17,20,1.0,-2.0,1.0,0.0,-0.043500000000000004
5139,0,2,18,1,1.0,-1.9999998807907104,1.0,0.0,-0.04349999523162856
5140,0,2,18,2,1.0,-1.999998927116394,1.0,0.0,-0.04349995708466728
5141,0,2,18,3,1.0,-1.9999998807907104,1.0,0.0,-0.04349999523162856
5142,0,2,18,4,1.0,-1.999999761581421,1.0,0.0,-0.04349999046325741
5143,0,2,18,5,1.0,-1.999999761581421,1.0,0.0,-0.04349999046325741
5144,0,2,18,6,1.0,-1.9999998807907104,1.0,0.0,-0.04349999523162856
5145,0,2,18,7,1.0,-2.0,1.0,0.0,-0.043500000000000004
5146,0,2,18,8,1.0,-2.0,1.0,0.0,-0.043500000000000004
5147,0,2,18,9,1.0,-2.0,1.0,0.0,-0.043500000000000004
5148,0,2,18,10,1.0,-2.0,1.0,0.0,-0.043500000000000004
5149,0,2,18,11,1.0,-2.0,1.0,0.0,-0.043500000000000004
5150,0,2,18,12,1.0,-2.0,1.0,0.0,-0.043500000000000004
5151,0,2,18,13,1.0,-2.0,1.0,0.0,-0.043500000000000004
5152,0,2,18,14,1.0,-1.9999998807907104,1.0,0.0,-0.04349999523162856
5153,0,2,18,15,1.0,-1.9999998807907104,1.0,0.0,-0.04349999523162856
5154,0,2,18,16,1.0,-2.0,1.0,0.0,-0.043500000000000004
5155,0,2,18,17,1.0,-2.0,1.0,0.0,-0.043500000000000004
5156,0,2,18,18,1.0,-2.0,1.0,0.0,-0.043500000000000004
5157,0,2,18,19,1.0,-2.0,1.0,0.0,-0.043500000000000004
5158,0,2,18,20,1.0,-2.0,1.0,0.0,-0.043500000000000004
5159,0,2,19,1,1.0,-1.9999998807907104,1.0,0.0,-0.04349999523162856
5160,0,2,19,2,1.0,-1.999998927116394,1.0,0.0,-0.04349995708466728
5161,0,2,19,3,1.0,-1.9999998807907104,1.0,0.0,-0.04349999523162856
5162,0,2,19,4,1.0,-1.9999996423721313,1.0,0.0,-0.043499985694886535
5163,0,2,19,5,1.0,-1.999999761581421,1.0,0.0,-0.04349999046325741
5164,0,2,19,6,1.0,-1.9999998807907104,1.0,0.0,-0.04349999523162856
5165,0,2,19,7,1.0,-2.0,1.0,0.0,-0.043500000000000004
5166,0,2,19,8,1.0,-2.0,1.0,0.0,-0.043500000000000004
5167,0,2,19,9,1.0,-2.0,1.0,0.0,-0.043500000000000004
5168,0,2,19,10,1.0,-2.0,1.0,0.0,-0.043500000000000004
5169,0,2,19,11,1.0,-2.0,1.0,0.0,-0.043500000000000004
5170,0,2,19,12,1.0,-2.0,1.0,0.0,-0.043500000000000004
5171,0,2,19,13,1.0,-1.9999998807907104,1.0,0.0,-0.04349999523162856
5172,0,2,19,14,1.0,-1.9999998807907104,1.0,0.0,-0.04349999523162856
5173,0,2,19,15,1.0,-1.9999998807907104,1.0,0.0,-0.04349999523162856
5174,0,2,19,16,1.0,-2.0,1.0,0.0,-0.043500000000000004
5175,0,2,19,17,1.0,-2.0,1.0,0.0,-0.043500000000000004
5176,0,2,19,18,1.0,-2.0,1.0,0.0,-0.043500000000000004
5177,0,2,19,19,1.0,-2.0,1.0,0.0,-0.043500000000000004
5178,0,2,19,20,1.0,-2.0,1.0,0.0,-0.043500000000000004
5179,0,2,20,1,1.0,-1.9999998807907104,1.0,0.0,-0.04349999523162856
5180,0,2,20,2,1.0,-1.999998927116394,1.0,0.0,-0.04349995708466728
5181,0,2,20,3,1.0,-1.9999998807907104,1.0,0.0,-0.04349999523162856
5182,0,2,20,4,1.0,-1.9999996423721313,1.0,0.0,-0.043499985694886535
5183,0,2,20,5,1.0,-1.999999761581421,1.0,0.0,-0.04349999046325741
5184,0,2,20,6,1.0,-1.9999998807907104,1.0,0.0,-0.04349999523162856
5185,0,2,20,7,1.0,-2.0,1.0,0.0,-0.043500000000000004
5186,0,2,20,8,1.0,-2.0,1.0,0.0,-0.043500000000000004
5187,0,2,20,9,1.0,-2.0,1.0,0.0,-0.043500000000000004
5188,0,2,20,10,1.0,-2.0,1.0,0.0,-0.043500000000000004
5189,0,2,20,11,1.0,-2.0,1.0,0.0,-0.043500000000000004
5190,0,2,20,12,1.0,-2.0,1.0,0.0,-0.043500000000000004
5191,0,2,20,13,1.0,-1.9999998807907104,1.0,0.0,-0.04349999523162856
5192,0,2,20,14,1.0,-1.9999998807907104,1.0,0.0,-0.04349999523162856
5193,0,2,20,15,1.0,-1.9999998807907104,1.0,0.0,-0.04349999523162856
5194,0,2,20,16,1.0,-2.0,1.0,0.0,-0.043500000000000004
5195,0,2,20,17,1.0,-2.0,1.0,0.0,-0.043500000000000004
5196,0,2,20,18,1.0,-2.0,1.0,0.0,-0.043500000000000004
5197,0,2,20,19,1.0,-2.0,1.0,0.0,-0.043500000000000004
5198,0,2,20,20,1.0,-2.0,1.0,0.0,-0.043500000000000004
5199,0,2,21,1,1.0,-1.999999761581421,1.0,0.0,-0.04349999046325741
5200,0,2,21,2,1.0,-1.999998927116394,1.0,0.0,-0.04349995708466728
5201,0,2,21,3,1.0,-1.9999998807907104,1.0,0.0,-0.04349999523162856
5202,0,2,21,4,1.0,-1.9999996423721313,1.0,0.0,-0.043499985694886535
5203,0,2,21,5,1.0,-1.999999761581421,1.0,0.0,-0.04349999046325741
5204,0,2,21,6,1.0,-1.9999998807907104,1.0,0.0,-0.04349999523162856
5205,0,2,21,7,1.0,-2.0,1.0,0.0,-0.043500000000000004
5206,0,2,21,8,1.0,-2.0,1.0,0.0,-0.043500000000000004
5207,0,2,21,9,1.0,-2.0,1.0,0.0,-0.043500000000000004
5208,0,2,21,10,1.0,-2.0,1.0,0.0,-0.043500000000000004
5209,0,2,21,11,1.0,-2.0,1.0,0.0,-0.043500000000000004
5210,0,2,21,12,1.0,-1.9999998807907104,1.0,0.0,-0.04349999523162856
5211,0,2,21,13,1.0,-1.9999998807907104,1.0,0.0,-0.04349999523162856
5212,0,2,21,14,1.0,-1.9999998807907104,1.0,0.0,-0.04349999523162856
5213,0,2,21,15,1.0,-1.9999998807907104,1.0,0.0,-0.04349999523162856
5214,0,2,21,16,1.0,-2.0,1.0,0.0,-0.043500000000000004
5215,0,2,21,17,1.0,-2.0,1.0,0.0,-0.043500000000000004
5216,0,2,21,18,1.0,-2.0,1.0,0.0,-0.043500000000000004
5217,0,2,21,19,1.0,-2.0,1.0,0.0,-0.043500000000000004
5218,0,2,21,20,1.0,-2.0,1.0,0.0,-0.043500000000000004
5219,0,2,22,1,1.0,-1.999999761581421,1.0,0.0,-0.04349999046325741
5220,0,2,22,2,1.0,-1.999998927116394,1.0,0.0,-0.04349995708466728
5221,0,2,22,3,1.0,-1.999999761581421,1.0,0.0,-0.04349999046325741
5222,0,2,22,4,1.0,-1.9999996423721313,1.0,0.0,-0.043499985694886535
5223,0,2,22,5,1.0,-1.999999761581421,1.0,0.0,-0.04349999046325741
5224,0,2,22,6,1.0,-1.9999998807907104,1.0,0.0,-0.04349999523162856
5225,0,2,22,7,1.0,-2.0,1.0,0.0,-0.043500000000000004
5226,0,2,22,8,1.0,-2.0,1.0,0.0,-0.043500000000000004
5227,0,2,22,9,1.0,-2.0,1.0,0.0,-0.043500000000000004
5228,0,2,22,10,1.0,-2.0,1.0,0.0,-0.043500000000000004
5229,0,2,22,11,1.0,-2.0,1.0,0.0,-0.043500000000000004
5230,0,2,22,12,1.0,-1.9999998807907104,1.0,0.0,-0.04349999523162856
5231,0,2,22,13,1.0,-1.9999998807907104,1.0,0.0,-0.04349999523162856
5232,0,2,22,14,1.0,-1.9999998807907104,1.0,0.0,-0.04349999523162856
5233,0,2,22,15,1.0,-1.9999998807907104,1.0,0.0,-0.04349999523162856
5234,0,2,22,16,1.0,-2.0,1.0,0.0,-0.043500000000000004
5235,0,2,22,17,1.0,-2.0,1.0,0.0,-0.043500000000000004
5236,0,2,22,18,1.0,-2.0,1.0,0.0,-0.043500000000000004
5237,0,2,22,19,1.0,-2.0,1.0,0.0,-0.043500000000000004
5238,0,2,22,20,1.0,-2.0,1.0,0.0,-0.043500000000000004
5239,0,2,23,1,1.0,-1.999999761581421,1.0,0.0,-0.04349999046325741
5240,0,2,23,2,1.0,-1.999998927116394,1.0,0.0,-0.04349995708466728
5241,0,2,23,3,1.0,-1.999999761581421,1.0,0.0,-0.04349999046325741
5242,0,2,23,4,1.0,-1.9999996423721313,1.0,0.0,-0.043499985694886535
5243,0,2,23,5,1.0,-1.999999761581421,1.0,0.0,-0.04349999046325741
5244,0,2,23,6,1.0,-1.9999998807907104,1.0,0.0,-0.04349999523162856
5245,0,2,23,7,1.0,-2.0,1.0,0.0,-0.043500000000000004
5246,0,2,23,8,1.0,-2.0,1.0,0.0,-0.043500000000000004
5247,0,2,23,9,1.0,-2.0,1.0,0.0,-0.043500000000000004
5248,0,2,23,10,1.0,-2.0,1.0,0.0,-0.043500000000000004
5249,0,2,23,11,1.0,-2.0,1.0,0.0,-0.043500000000000004
5250,0,2,23,12,1.0,-1.9999998807907104,1.0,0.0,-0.04349999523162856
5251,0,2,23,13,1.0,-1.9999998807907104,1.0,0.0,-0.04349999523162856
5252,0,2,23,14,1.0,-1.9999998807907104,1.0,0.0,-0.04349999523162856
5253,0,2,23,15,1.0,-2.0,1.0,0.0,-0.043500000000000004
5254,0,2,23,16,1.0,-2.0,1.0,0.0,-0.043500000000000004
5255,0,2,23,17,1.0,-2.0,1.0,0.0,-0.043500000000000004
5256,0,2,23,18,1.0,-2.0,1.0,0.0,-0.043500000000000004
5257,0,2,23,19,1.0,-2.0,1.0,0.0,-0.043500000000000004
5258,0,2,23,20,1.0,-1.9999998807907104,1.0,0.0,-0.04349999523162856
5259,0,2,24,1,1.0,-1.999999761581421,1.0,0.0,-0.04349999046325741
5260,0,2,24,2,1.0,-1.999998927116394,1.0,0.0,-0.04349995708466728
5261,0,2,24,3,1.0,-1.999999761581421,1.0,0.0,-0.04349999046325741
5262,0,2,24,4,1.0,-1.9999996423721313,1.0,0.0,-0.043499985694886535
5263,0,2,24,5,1.0,-1.999999761581421,1.0,0.0,-0.04349999046325741
5264,0,2,24,6,1.0,-2.0,1.0,0.0,-0.043500000000000004
5265,0,2,24,7,1.0,-2.0,1.0,0.0,-0.043500000000000004
5266,0,2,24,8,1.0,-2.0,1.0,0.0,-0.043500000000000004
5267,0,2,24,9,1.0,-2.0,1.0,0.0,-0.043500000000000004
5268,0,2,24,10,1.0,-2.0,1.0,0.0,-0.043500000000000004
5269,0,2,24,11,1.0,-2.0,1.0,0.0,-0.043500000000000004
5270,0,2,24,12,1.0,-1.9999998807907104,1.0,0.0,-0.04349999523162856
5271,0,2,24,13,1.0,-1.9999998807907104,1.0,0.0,-0.04349999523162856
5272,0,2,24,14,1.0,-1.9999998807907104,1.0,0.0,-0.04349999523162856
5273,0,2,24,15,1.0,-2.0,1.0,0.0,-0.043500000000000004
5274,0,2,24,16,1.0,-2.0,1.0,0.0,-0.043500000000000004
5275,0,2,24,17,1.0,-2.0,1.0,0.0,-0.043500000000000004
5276,0,2,24,18,1.0,-2.0,1.0,0.0,-0.043500000000000004
5277,0,2,24,19,1.0,-2.0,1.0,0.0,-0.043500000000000004
5278,0,2,24,20,1.0,-1.9999998807907104,1.0,0.0,-0.04349999523162856
5279,0,2,25,1,1.0,-1.999999761581421,1.0,0.0,-0.04349999046325741
5280,0,2,25,2,1.0,-1.999998927116394,1.0,0.0,-0.04349995708466728
5281,0,2,25,3,1.0,-1.999999761581421,1.0,0.0,-0.04349999046325741
5282,0,2,25,4,1.0,-1.9999996423721313,1.0,0.0,-0.043499985694886535
5283,0,2,25,5,1.0,-1.999999761581421,1.0,0.0,-0.04349999046325741
5284,0,2,25,6,1.0,-2.0,1.0,0.0,-0.043500000000000004
5285,0,2,25,7,1.0,-2.0,1.0,0.0,-0.043500000000000004
5286,0,2,25,8,1.0,-2.0,1.0,0.0,-0.043500000000000004
5287,0,2,25,9,1.0,-2.0,1.0,0.0,-0.043500000000000004
5288,0,2,25,10,1.0,-2.0,1.0,0.0,-0.043500000000000004
5289,0,2,25,11,1.0,-1.9999998807907104,1.0,0.0,-0.04349999523162856
5290,0,2,25,12,1.0,-1.9999998807907104,1.0,0.0,-0.04349999523162856
5291,0,2,25,13,1.0,-1.9999998807907104,1.0,0.0,-0.04349999523162856
5292,0,2,25,14,1.0,-1.9999998807907104,1.0,0.0,-0.04349999523162856
5293,0,2,25,15,1.0,-2.0,1.0,0.0,-0.043500000000000004
5294,0,2,25,16,1.0,-2.0,1.0,0.0,-0.043500000000000004
5295,0,2,25,17,1.0,-2.0,1.0,0.0,-0.043500000000000004
5296,0,2,25,18,1.0,-2.0,1.0,0.0,-0.043500000000000004
5297,0,2,25,19,1.0,-2.0,1.0,0.0,-0.043500000000000004
5298,0,2,25,20,1.0,-1.9999998807907104,1.0,0.0,-0.04349999523162856
5299,0,2,26,1,1.0,-1.999999761581421,1.0,0.0,-0.04349999046325741
5300,0,2,26,2,1.0,-1.999998927116394,1.0,0.0,-0.04349995708466728
5301,0,2,26,3,1.0,-1.999999761581421,1.0,0.0,-0.04349999046325741
5302,0,2,26,4,1.0,-1.9999996423721313,1.0,0.0,-0.043499985694886535
5303,0,2,26,5,1.0,-1.999999761581421,1.0,0.0,-0.04349999046325741
5304,0,2,26,6,1.0,-2.0,1.0,0.0,-0.043500000000000004
5305,0,2,26,7,1.0,-2.0,1.0,0.0,-0.043500000000000004
5306,0,2,26,8,1.0,-2.0,1.0,0.0,-0.043500000000000004
5307,0,2,26,9,1.0,-2.0,1.0,0.0,-0.043500000000000004
5308,0,2,26,10,1.0,-2.0,1.0,0.0,-0.043500000000000004
5309,0,2,26,11,1.0,-1.9999998807907104,1.0,0.0,-0.04349999523162856
5310,0,2,26,12,1.0,-1.9999998807907104,1.0,0.0,-0.04349999523162856
5311,0,2,26,13,1.0,-1.9999998807907104,1.0,0.0,-0.04349999523162856
5312,0,2,26,14,1.0,-2.0,1.0,0.0,-0.043500000000000004
5313,0,2,26,15,1.0,-2.0,1.0,0.0,-0.043500000000000004
5314,0,2,26,16,1.0,-2.0,1.0,0.0,-0.043500000000000004
5315,0,2,26,17,1.0,-2.0,1.0,0.0,-0.043500000000000004
5316,0,2,26,18,1.0,-2.0,1.0,0.0,-0.043500000000000004
5317,0,2,26,19,1.0,-2.0,1.0,0.0,-0.043500000000000004
5318,0,2,26,20,1.0,-1.9999998807907104,1.0,0.0,-0.04349999523162856
5319,0,2,27,1,1.0,-1.999999761581421,1.0,0.0,-0.04349999046325741
5320,0,2,27,2,1.0,-1.999998927116394,1.0,0.0,-0.04349995708466728
5321,0,2,27,3,1.0,-1.999999761581421,1.0,0.0,-0.04349999046325741
5322,0,2,27,4,1.0,-1.9999996423721313,1.0,0.0,-0.043499985694886535
5323,0,2,27,5,1.0,-1.9999998807907104,1.0,0.0,-0.04349999523162856
5324,0,2,27,6,1.0,-2.0,1.0,0.0,-0.043500000000000004
5325,0,2,27,7,1.0,-2.0,1.0,0.0,-0.043500000000000004
5326,0,2,27,8,1.0,-2.0,1.0,0.0,-0.043500000000000004
5327,0,2,27,9,1.0,-2.0,1.0,0.0,-0.043500000000000004
5328,0,2,27,10,1.0,-2.0,1.0,0.0,-0.043500000000000004
5329,0,2,27,11,1.0,-1.9999998807907104,1.0,0.0,-0.04349999523162856
5330,0,2,27,12,1.0,-1.9999998807907104,1.0,0.0,-0.04349999523162856
5331,0,2,27,13,1.0,-1.9999998807907104,1.0,0.0,-0.04349999523162856
5332,0,2,27,14,1.0,-2.0,1.0,0.0,-0.043500000000000004
5333,0,2,27,15,1.0,-2.0,1.0,0.0,-0.043500000000000004
5334,0,2,27,16,1.0,-2.0,1.0,0.0,-0.043500000000000004
5335,0,2,27,17,1.0,-2.0,1.0,0.0,-0.043500000000000004
5336,0,2,27,18,1.0,-2.0,1.0,0.0,-0.043500000000000004
5337,0,2,27,19,1.0,-2.0,1.0,0.0,-0.043500000000000004
5338,0,2,27,20,1.0,-1.9999998807907104,1.0,0.0,-0.04349999523162856
5339,0,2,28,1,1.0,-1.999999761581421,1.0,0.0,-0.04349999046325741
5340,0,2,28,2,1.0,-1.999998927116394,1.0,0.0,-0.04349995708466728
5341,0,2,28,3,1.0,-1.999999761581421,1.0,0.0,-0.04349999046325741
5342,0,2,28,4,1.0,-1.9999996423721313,1.0,0.0,-0.043499985694886535
5343,0,2,28,5,1.0,-1.9999998807907104,1.0,0.0,-0.04349999523162856
5344,0,2,28,6,1.0,-2.0,1.0,0.0,-0.043500000000000004
5345,0,2,28,7,1.0,-2.0,1.0,0.0,-0.043500000000000004
5346,0,2,28,8,1.0,-2.0,1.0,0.0,-0.043500000000000004
5347,0,2,28,9,1.0,-2.0,1.0,0.0,-0.043500000000000004
5348,0,2,28,10,1.0,-2.0,1.0,0.0,-0.043500000000000004
5349,0,2,28,11,1.0,-1.9999998807907104,1.0,0.0,-0.04349999523162856
5350,0,2,28,12,1.0,-1.9999998807907104,1.0,0.0,-0.04349999523162856
5351,0,2,28,13,1.0,-1.9999998807907104,1.0,0.0,-0.04349999523162856
5352,0,2,28,14,1.0,-2.0,1.0,0.0,-0.043500000000000004
5353,0,2,28,15,1.0,-2.0,1.0,0.0,-0.043500000000000004
5354,0,2,28,16,1.0,-2.0,1.0,0.0,-0.043500000000000004
5355,0,2,28,17,1.0,-2.0,1.0,0.0,-0.043500000000000004
5356,0,2,28,18,1.0,-2.0,1.0,0.0,-0.043500000000000004
5357,0,2,28,19,1.0,-2.0,1.0,0.0,-0.043500000000000004
5358,0,2,28,20,1.0,-1.9999998807907104,1.0,0.0,-0.04349999523162856
5359,0,2,29,1,1.0,-1.999999761581421,1.0,0.0,-0.04349999046325741
5360,0,2,29,2,1.0,-1.999998927116394,1.0,0.0,-0.04349995708466728
5361,0,2,29,3,1.0,-1.999999761581421,1.0,0.0,-0.04349999046325741
5362,0,2,29,4,1.0,-1.9999996423721313,1.0,0.0,-0.043499985694886535
5363,0,2,29,5,1.0,-1.9999998807907104,1.0,0.0,-0.04349999523162856
5364,0,2,29,6,1.0,-2.0,1.0,0.0,-0.043500000000000004
5365,0,2,29,7,1.0,-2.0,1.0,0.0,-0.043500000000000004
5366,0,2,29,8,1.0,-2.0,1.0,0.0,-0.043500000000000004
5367,0,2,29,9,1.0,-2.0,1.0,0.0,-0.043500000000000004
5368,0,2,29,10,1.0,-2.0,1.0,0.0,-0.043500000000000004
5369,0,2,29,11,1.0,-1.9999998807907104,1.0,0.0,-0.04349999523162856
5370,0,2,29,12,1.0,-1.9999998807907104,1.0,0.0,-0.04349999523162856
5371,0,2,29,13,1.0,-2.0,1.0,0.0,-0.043500000000000004
5372,0,2,29,14,1.0,-2.0,1.0,0.0,-0.043500000000000004
5373,0,2,29,15,1.0,-2.0,1.0,0.0,-0.043500000000000004
5374,0,2,29,16,1.0,-2.0,1.0,0.0,-0.043500000000000004
5375,0,2,29,17,1.0,-2.0,1.0,0.0,-0.043500000000000004
5376,0,2,29,18,1.0,-2.0,1.0,0.0,-0.043500000000000004
5377,0,2,29,19,1.0,-2.0,1.0,0.0,-0.043500000000000004
5378,0,2,29,20,1.0,-1.9999998807907104,1.0,0.0,-0.04349999523162856
5379,0,2,30,1,1.0,-1.9999998807907104,1.0,0.0,-0.04349999523162856
5380,0,2,30,2,1.0,-1.999998927116394,1.0,0.0,-0.04349995708466728
5381,0,2,30,3,1.0,-1.999999761581421,1.0,0.0,-0.04349999046325741
5382,0,2,30,4,1.0,-1.999999761581421,1.0,0.0,-0.04349999046325741
5383,0,2,30,5,1.0,-1.9999998807907104,1.0,0.0,-0.04349999523162856
5384,0,2,30,6,1.0,-2.0,1.0,0.0,-0.043500000000000004
5385,0,2,30,7,1.0,-2.0,1.0,0.0,-0.043500000000000004
5386,0,2,30,8,1.0,-2.0,1.0,0.0,-0.043500000000000004
5387,0,2,30,9,1.0,-2.0,1.0,0.0,-0.043500000000000004
5388,0,2,30,10,1.0,-2.0,1.0,0.0,-0.043500000000000004
5389,0,2,30,11,1.0,-2.0,1.0,0.0,-0.043500000000000004
5390,0,2,30,12,1.0,-2.0,1.0,0.0,-0.043500000000000004
5391,0,2,30,13,1.0,-2.0,1.0,0.0,-0.043500000000000004
5392,0,2,30,14,1.0,-2.0,1.0,0.0,-0.043500000000000004
5393,0,2,30,15,1.0,-2.0,1.0,0.0,-0.043500000000000004
5394,0,2,30,16,1.0,-2.0,1.0,0.0,-0.043500000000000004
5395,0,2,30,17,1.0,-2.0,1.0,0.0,-0.043500000000000004
5396,0,2,30,18,1.0,-2.0,1.0,0.0,-0.043500000000000004
5397,0,2,30,19,1.0,-2.0,1.0,0.0,-0.043500000000000004
5398,0,2,30,20,1.0,-2.0,1.0,0.0,-0.043500000000000004
5399,0,2,31,1,1.0,-1.9999998807907104,1.0,0.0,-0.04349999523162856
5400,0,2,31,2,1.0,-1.999998927116394,1.0,0.0,-0.04349995708466728
5401,0,2,31,3,1.0,-1.9999998807907104,1.0,0.0,-0.04349999523162856
5402,0,2,31,4,1.0,-1.999999761581421,1.0,0.0,-0.04349999046325741
5403,0,2,31,5,1.0,-1.9999998807907104,1.0,0.0,-0.04349999523162856
5404,0,2,31,6,1.0,-2.0,1.0,0.0,-0.043500000000000004
5405,0,2,31,7,1.0,-2.0,1.0,0.0,-0.043500000000000004
5406,0,2,31,8,1.0,-2.0,1.0,0.0,-0.043500000000000004
5407,0,2,31,9,1.0,-2.0,1.0,0.0,-0.043500000000000004
5408,0,2,31,10,1.0,-2.0,1.0,0.0,-0.043500000000000004
5409,0,2,31,11,1.0,-2.0,1.0,0.0,-0.043500000000000004
5410,0,2,31,12,1.0,-2.0,1.0,0.0,-0.043500000000000004
5411,0,2,31,13,1.0,-2.0,1.0,0.0,-0.043500000000000004
5412,0,2,31,14,1.0,-2.0,1.0,0.0,-0.043500000000000004
5413,0,2,31,15,1.0,-2.0,1.0,0.0,-0.043500000000000004
5414,0,2,31,16,1.0,-2.0,1.0,0.0,-0.043500000000000004
5415,0,2,31,17,1.0,-2.0,1.0,0.0,-0.043500000000000004
5416,0,2,31,18,1.0,-2.0,1.0,0.0,-0.043500000000000004
5417,0,2,31,19,1.0,-2.0,1.0,0.0,-0.043500000000000004
5418,0,2,31,20,1.0,-2.0,1.0,0.0,-0.043500000000000004
5419,0,2,32,1,1.0,-1.9999998807907104,1.0,0.0,-0.04349999523162856
5420,0,2,32,2,1.0,-1.999998927116394,1.0,0.0,-0.04349995708466728
5421,0,2,32,3,1.0,-1.9999998807907104,1.0,0.0,-0.04349999523162856
5422,0,2,32,4,1.0,-1.999999761581421,1.0,0.0,-0.04349999046325741
5423,0,2,32,5,1.0,-1.9999998807907104,1.0,0.0,-0.04349999523162856
5424,0,2,32,6,1.0,-2.0,1.0,0.0,-0.043500000000000004
5425,0,2,32,7,1.0,-2.0,1.0,0.0,-0.043500000000000004
5426,0,2,32,8,1.0,-2.0,1.0,0.0,-0.043500000000000004
5427,0,2,32,9,1.0,-2.0,1.0,0.0,-0.043500000000000004
5428,0,2,32,10,1.0,-2.0,1.0,0.0,-0.043500000000000004
5429,0,2,32,11,1.0,-2.0,1.0,0.0,-0.043500000000000004
5430,0,2,32,12,1.0,-2.0,1.0,0.0,-0.043500000000000004
5431,0,2,32,13,1.0,-2.0,1.0,0.0,-0.043500000000000004
5432,0,2,32,14,1.0,-2.0,1.0,0.0,-0.043500000000000004
5433,0,2,32,15,1.0,-2.0,1.0,0.0,-0.043500000000000004
5434,0,2,32,16,1.0,-2.0,1.0,0.0,-0.043500000000000004
5435,0,2,32,17,1.0,-2.0,1.0,0.0,-0.043500000000000004
5436,0,2,32,18,1.0,-2.0,1.0,0.0,-0.043500000000000004
5437,0,2,32,19,1.0,-2.0,1.0,0.0,-0.043500000000000004
5438,0,2,32,20,1.0,-2.0,1.0,0.0,-0.043500000000000004
5439,0,2,33,1,1.0,-1.9999998807907104,1.0,0.0,-0.04349999523162856
5440,0,2,33,2,1.0,-1.999998927116394,1.0,0.0,-0.04349995708466728
5441,0,2,33,3,1.0,-1.9999998807907104,1.0,0.0,-0.04349999523162856
5442,0,2,33,4,1.0,-1.999999761581421,1.0,0.0,-0.04349999046325741
5443,0,2,33,5,1.0,-1.9999998807907104,1.0,0.0,-0.04349999523162856
5444,0,2,33,6,1.0,-1.9999998807907104,1.0,0.0,-0.04349999523162856
5445,0,2,33,7,1.0,-2.0,1.0,0.0,-0.043500000000000004
5446,0,2,33,8,1.0,-2.0,1.0,0.0,-0.043500000000000004
5447,0,2,33,9,1.0,-2.0,1.0,0.0,-0.043500000000000004
5448,0,2,33,10,1.0,-2.0,1.0,0.0,-0.043500000000000004
5449,0,2,33,11,1.0,-2.0,1.0,0.0,-0.043500000000000004
5450,0,2,33,12,1.0,-2.0,1.0,0.0,-0.043500000000000004
5451,0,2,33,13,1.0,-2.0,1.0,0.0,-0.043500000000000004
5452,0,2,33,14,1.0,-1.9999998807907104,1.0,0.0,-0.04349999523162856
5453,0,2,33,15,1.0,-1.9999998807907104,1.0,0.0,-0.04349999523162856
5454,0,2,33,16,1.0,-2.0,1.0,0.0,-0.043500000000000004
5455,0,2,33,17,1.0,-2.0,1.0,0.0,-0.043500000000000004
5456,0,2,33,18,1.0,-2.0,1.0,0.0,-0.043500000000000004
5457,0,2,33,19,1.0,-2.0,1.0,0.0,-0.043500000000000004
5458,0,2,33,20,1.0,-2.0,1.0,0.0,-0.043500000000000004
5459,0,2,34,1,1.0,-1.9999998807907104,1.0,0.0,-0.04349999523162856
5460,0,2,34,2,1.0,-1.999998927116394,1.0,0.0,-0.04349995708466728
5461,0,2,34,3,1.0,-1.9999998807907104,1.0,0.0,-0.04349999523162856
5462,0,2,34,4,1.0,-1.999999761581421,1.0,0.0,-0.04349999046325741
5463,0,2,34,5,1.0,-1.999999761581421,1.0,0.0,-0.04349999046325741
5464,0,2,34,6,1.0,-1.9999998807907104,1.0,0.0,-0.04349999523162856
5465,0,2,34,7,1.0,-2.0,1.0,0.0,-0.043500000000000004
5466,0,2,34,8,1.0,-2.0,1.0,0.0,-0.043500000000000004
5467,0,2,34,9,1.0,-2.0,1.0,0.0,-0.043500000000000004
5468,0,2,34,10,1.0,-2.0,1.0,0.0,-0.043500000000000004
5469,0,2,34,11,1.0,-2.0,1.0,0.0,-0.043500000000000004
5470,0,2,34,12,1.0,-2.0,1.0,0.0,-0.043500000000000004
5471,0,2,34,13,1.0,-1.9999998807907104,1.0,0.0,-0.04349999523162856
5472,0,2,34,14,1.0,-1.9999998807907104,1.0,0.0,-0.04349999523162856
5473,0,2,34,15,1.0,-1.9999998807907104,1.0,0.0,-0.04349999523162856
5474,0,2,34,16,1.0,-2.0,1.0,0.0,-0.043500000000000004
5475,0,2,34,17,1.0,-2.0,1.0,0.0,-0.043500000000000004
5476,0,2,34,18,1.0,-2.0,1.0,0.0,-0.043500000000000004
5477,0,2,34,19,1.0,-2.0,1.0,0.0,-0.043500000000000004
5478,0,2,34,20,1.0,-2.0,1.0,0.0,-0.043500000000000004
5479,0,2,35,1,1.0,-1.9999998807907104,1.0,0.0,-0.04349999523162856
5480,0,2,35,2,1.0,-1.999998927116394,1.0,0.0,-0.04349995708466728
5481,0,2,35,3,1.0,-1.9999998807907104,1.0,0.0,-0.04349999523162856
5482,0,2,35,4,1.0,-1.9999996423721313,1.0,0.0,-0.043499985694886535
5483,0,2,35,5,1.0,-1.999999761581421,1.0,0.0,-0.04349999046325741
5484,0,2,35,6,1.0,-1.9999998807907104,1.0,0.0,-0.04349999523162856
5485,0,2,35,7,1.0,-2.0,1.0,0.0,-0.043500000000000004
5486,0,2,35,8,1.0,-2.0,1.0,0.0,-0.043500000000000004
5487,0,2,35,9,1.0,-2.0,1.0,0.0,-0.043500000000000004
5488,0,2,35,10,1.0,-2.0,1.0,0.0,-0.043500000000000004
5489,0,2,35,11,1.0,-2.0,1.0,0.0,-0.043500000000000004
5490,0,2,35,12,1.0,-2.0,1.0,0.0,-0.043500000000000004
5491,0,2,35,13,1.0,-1.9999998807907104,1.0,0.0,-0.04349999523162856
5492,0,2,35,14,1.0,-1.9999998807907104,1.0,0.0,-0.04349999523162856
5493,0,2,35,15,1.0,-1.9999998807907104,1.0,0.0,-0.04349999523162856
5494,0,2,35,16,1.0,-2.0,1.0,0.0,-0.043500000000000004
5495,0,2,35,17,1.0,-2.0,1.0,0.0,-0.043500000000000004
5496,0,2,35,18,1.0,-2.0,1.0,0.0,-0.043500000000000004
5497,0,2,35,19,1.0,-2.0,1.0,0.0,-0.043500000000000004
5498,0,2,35,20,1.0,-2.0,1.0,0.0,-0.043500000000000004
5499,0,2,36,1,1.0,-1.9999998807907104,1.0,0.0,-0.04349999523162856
5500,0,2,36,2,1.0,-1.999998927116394,1.0,0.0,-0.04349995708466728
5501,0,2,36,3,1.0,-1.9999998807907104,1.0,0.0,-0.04349999523162856
5502,0,2,36,4,1.0,-1.9999996423721313,1.0,0.0,-0.043499985694886535
5503,0,2,36,5,1.0,-1.999999761581421,1.0,0.0,-0.04349999046325741
5504,0,2,36,6,1.0,-1.9999998807907104,1.0,0.0,-0.04349999523162856
5505,0,2,36,7,1.0,-2.0,1.0,0.0,-0.043500000000000004
5506,0,2,36,8,1.0,-2.0,1.0,0.0,-0.043500000000000004
5507,0,2,36,9,1.0,-2.0,1.0,0.0,-0.043500000000000004
5508,0,2,36,10,1.0,-2.0,1.0,0.0,-0.043500000000000004
5509,0,2,36,11,1.0,-2.0,1.0,0.0,-0.043500000000000004
5510,0,2,36,12,1.0,-2.0,1.0,0.0,-0.043500000000000004
5511,0,2,36,13,1.0,-1.9999998807907104,1.0,0.0,-0.04349999523162856
5512,0,2,36,14,1.0,-1.9999998807907104,1.0,0.0,-0.04349999523162856
5513,0,2,36,15,1.0,-1.9999998807907104,1.0,0.0,-0.04349999523162856
5514,0,2,36,16,1.0,-2.0,1.0,0.0,-0.043500000000000004
5515,0,2,36,17,1.0,-2.0,1.0,0.0,-0.043500000000000004
5516,0,2,36,18,1.0,-2.0,1.0,0.0,-0.043500000000000004
5517,0,2,36,19,1.0,-2.0,1.0,0.0,-0.043500000000000004
5518,0,2,36,20,1.0,-2.0,1.0,0.0,-0.043500000000000004
5519,0,2,37,1,1.0,-1.999999761581421,1.0,0.0,-0.04349999046325741
5520,0,2,37,2,1.0,-1.999998927116394,1.0,0.0,-0.04349995708466728
5521,0,2,37,3,1.0,-1.999999761581421,1.0,0.0,-0.04349999046325741
5522,0,2,37,4,1.0,-1.9999996423721313,1.0,0.0,-0.043499985694886535
5523,0,2,37,5,1.0,-1.999999761581421,1.0,0.0,-0.04349999046325741
5524,0,2,37,6,1.0,-1.9999998807907104,1.0,0.0,-0.04349999523162856
5525,0,2,37,7,1.0,-2.0,1.0,0.0,-0.043500000000000004
5526,0,2,37,8,1.0,-2.0,1.0,0.0,-0.043500000000000004
5527,0,2,37,9,1.0,-2.0,1.0,0.0,-0.043500000000000004
5528,0,2,37,10,1.0,-2.0,1.0,0.0,-0.043500000000000004
5529,0,2,37,11,1.0,-2.0,1.0,0.0,-0.043500000000000004
5530,0,2,37,12,1.0,-1.9999998807907104,1.0,0.0,-0.04349999523162856
5531,0,2,37,13,1.0,-1.9999998807907104,1.0,0.0,-0.04349999523162856
5532,0,2,37,14,1.0,-1.9999998807907104,1.0,0.0,-0.04349999523162856
5533,0,2,37,15,1.0,-1.9999998807907104,1.0,0.0,-0.04349999523162856
5534,0,2,37,16,1.0,-2.0,1.0,0.0,-0.043500000000000004
5535,0,2,37,17,1.0,-2.0,1.0,0.0,-0.043500000000000004
5536,0,2,37,18,1.0,-2.0,1.0,0.0,-0.043500000000000004
5537,0,2,37,19,1.0,-2.0,1.0,0.0,-0.043500000000000004
5538,0,2,37,20,1.0,-2.0,1.0,0.0,-0.043500000000000004
5539,0,2,38,1,1.0,-1.999999761581421,1.0,0.0,-0.04349999046325741
5540,0,2,38,2,1.0,-1.999998927116394,1.0,0.0,-0.04349995708466728
5541,0,2,38,3,1.0,-1.999999761581421,1.0,0.0,-0.04349999046325741
5542,0,2,38,4,1.0,-1.9999996423721313,1.0,0.0,-0.043499985694886535
5543,0,2,38,5,1.0,-1.999999761581421,1.0,0.0,-0.04349999046325741
5544,0,2,38,6,1.0,-1.9999998807907104,1.0,0.0,-0.04349999523162856
5545,0,2,38,7,1.0,-2.0,1.0,0.0,-0.043500000000000004
5546,0,2,38,8,1.0,-2.0,1.0,0.0,-0.043500000000000004
5547,0,2,38,9,1.0,-2.0,1.0,0.0,-0.043500000000000004
5548,0,2,38,10,1.0,-2.0,1.0,0.0,-0.043500000000000004
5549,0,2,38,11,1.0,-2.0,1.0,0.0,-0.043500000000000004
5550,0,2,38,12,1.0,-1.9999998807907104,1.0,0.0,-0.04349999523162856
5551,0,2,38,13,1.0,-1.9999998807907104,1.0,0.0,-0.04349999523162856
5552,0,2,38,14,1.0,-1.9999998807907104,1.0,0.0,-0.04349999523162856
5553,0,2,38,15,1.0,-2.0,1.0,0.0,-0.043500000000000004
5554,0,2,38,16,1.0,-2.0,1.0,0.0,-0.043500000000000004
5555,0,2,38,17,1.0,-2.0,1.0,0.0,-0.043500000000000004
5556,0,2,38,18,1.0,-2.0,1.0,0.0,-0.043500000000000004
5557,0,2,38,19,1.0,-2.0,1.0,0.0,-0.043500000000000004
5558,0,2,38,20,1.0,-2.0,1.0,0.0,-0.043500000000000004
5559,0,2,39,1,1.0,-1.999999761581421,1.0,0.0,-0.04349999046325741
5560,0,2,39,2,1.0,-1.999998927116394,1.0,0.0,-0.04349995708466728
5561,0,2,39,3,1.0,-1.999999761581421,1.0,0.0,-0.04349999046325741
5562,0,2,39,4,1.0,-1.9999996423721313,1.0,0.0,-0.043499985694886535
5563,0,2,39,5,1.0,-1.999999761581421,1.0,0.0,-0.04349999046325741
5564,0,2,39,6,1.0,-1.9999998807907104,1.0,0.0,-0.04349999523162856
5565,0,2,39,7,1.0,-2.0,1.0,0.0,-0.043500000000000004
5566,0,2,39,8,1.0,-2.0,1.0,0.0,-0.043500000000000004
5567,0,2,39,9,1.0,-2.0,1.0,0.0,-0.043500000000000004
5568,0,2,39,10,1.0,-2.0,1.0,0.0,-0.043500000000000004
5569,0,2,39,11,1.0,-2.0,1.0,0.0,-0.043500000000000004
5570,0,2,39,12,1.0,-1.9999998807907104,1.0,0.0,-0.04349999523162856
5571,0,2,39,13,1.0,-1.9999998807907104,1.0,0.0,-0.04349999523162856
5572,0,2,39,14,1.0,-1.9999998807907104,1.0,0.0,-0.04349999523162856
5573,0,2,39,15,1.0,-2.0,1.0,0.0,-0.043500000000000004
5574,0,2,39,16,1.0,-2.0,1.0,0.0,-0.043500000000000004
5575,0,2,39,17,1.0,-2.0,1.0,0.0,-0.043500000000000004
5576,0,2,39,18,1.0,-2.0,1.0,0.0,-0.043500000000000004
5577,0,2,39,19,1.0,-2.0,1.0,0.0,-0.043500000000000004
5578,0,2,39,20,1.0,-1.9999998807907104,1.0,0.0,-0.04349999523162856
5579,0,2,40,1,1.0,-1.999999761581421,1.0,0.0,-0.04349999046325741
5580,0,2,40,2,1.0,-1.999998927116394,1.0,0.0,-0.04349995708466728
5581,0,2,40,3,1.0,-1.999999761581421,1.0,0.0,-0.04349999046325741
5582,0,2,40,4,1.0,-1.9999996423721313,1.0,0.0,-0.043499985694886535
5583,0,2,40,5,1.0,-1.999999761581421,1.0,0.0,-0.04349999046325741
5584,0,2,40,6,1.0,-2.0,1.0,0.0,-0.043500000000000004
5585,0,2,40,7,1.0,-2.0,1.0,0.0,-0.043500000000000004
5586,0,2,40,8,1.0,-2.0,1.0,0.0,-0.043500000000000004
5587,0,2,40,9,1.0,-2.0,1.0,0.0,-0.043500000000000004
5588,0,2,40,10,1.0,-2.0,1.0,0.0,-0.043500000000000004
5589,0,2,40,11,1.0,-1.9999998807907104,1.0,0.0,-0.04349999523162856
5590,0,2,40,12,1.0,-1.9999998807907104,1.0,0.0,-0.04349999523162856
5591,0,2,40,13,1.0,-1.9999998807907104,1.0,0.0,-0.04349999523162856
5592,0,2,40,14,1.0,-1.9999998807907104,1.0,0.0,-0.04349999523162856
5593,0,2,40,15,1.0,-2.0,1.0,0.0,-0.043500000000000004
5594,0,2,40,16,1.0,-2.0,1.0,0.0,-0.043500000000000004
5595,0,2,40,17,1.0,-2.0,1.0,0.0,-0.043500000000000004
5596,0,2,40,18,1.0,-2.0,1.0,0.0,-0.043500000000000004
5597,0,2,40,19,1.0,-2.0,1.0,0.0,-0.043500000000000004
5598,0,2,40,20,1.0,-1.9999998807907104,1.0,0.0,-0.04349999523162856
5599,0,2,41,1,1.0,-1.999999761581421,1.0,0.0,-0.04349999046325741
5600,0,2,41,2,1.0,-1.999998927116394,1.0,0.0,-0.04349995708466728
5601,0,2,41,3,1.0,-1.999999761581421,1.0,0.0,-0.04349999046325741
5602,0,2,41,4,1.0,-1.9999996423721313,1.0,0.0,-0.043499985694886535
5603,0,2,41,5,1.0,-1.999999761581421,1.0,0.0,-0.04349999046325741
5604,0,2,41,6,1.0,-2.0,1.0,0.0,-0.043500000000000004
5605,0,2,41,7,1.0,-2.0,1.0,0.0,-0.043500000000000004
5606,0,2,41,8,1.0,-2.0,1.0,0.0,-0.043500000000000004
5607,0,2,41,9,1.0,-2.0,1.0,0.0,-0.043500000000000004
5608,0,2,41,10,1.0,-2.0,1.0,0.0,-0.043500000000000004
5609,0,2,41,11,1.0,-1.9999998807907104,1.0,0.0,-0.04349999523162856
5610,0,2,41,12,1.0,-1.9999998807907104,1.0,0.0,-0.04349999523162856
5611,0,2,41,13,1.0,-1.9999998807907104,1.0,0.0,-0.04349999523162856
5612,0,2,41,14,1.0,-1.9999998807907104,1.0,0.0,-0.04349999523162856
5613,0,2,41,15,1.0,-2.0,1.0,0.0,-0.043500000000000004
5614,0,2,41,16,1.0,-2.0,1.0,0.0,-0.043500000000000004
5615,0,2,41,17,1.0,-2.0,1.0,0.0,-0.043500000000000004
5616,0,2,41,18,1.0,-2.0,1.0,0.0,-0.043500000000000004
5617,0,2,41,19,1.0,-2.0,1.0,0.0,-0.043500000000000004
5618,0,2,41,20,1.0,-1.9999998807907104,1.0,0.0,-0.04349999523162856
5619,0,2,42,1,1.0,-1.999999761581421,1.0,0.0,-0.04349999046325741
5620,0,2,42,2,1.0,-1.999998927116394,1.0,0.0,-0.04349995708466728
5621,0,2,42,3,1.0,-1.999999761581421,1.0,0.0,-0.04349999046325741
5622,0,2,42,4,1.0,-1.9999996423721313,1.0,0.0,-0.043499985694886535
5623,0,2,42,5,1.0,-1.999999761581421,1.0,0.0,-0.04349999046325741
5624,0,2,42,6,1.0,-2.0,1.0,0.0,-0.043500000000000004
5625,0,2,42,7,1.0,-2.0,1.0,0.0,-0.043500000000000004
5626,0,2,42,8,1.0,-2.0,1.0,0.0,-0.043500000000000004
5627,0,2,42,9,1.0,-2.0,1.0,0.0,-0.043500000000000004
5628,0,2,42,10,1.0,-2.0,1.0,0.0,-0.043500000000000004
5629,0,2,42,11,1.0,-1.9999998807907104,1.0,0.0,-0.04349999523162856
5630,0,2,42,12,1.0,-1.9999998807907104,1.0,0.0,-0.04349999523162856
5631,0,2,42,13,1.0,-1.9999998807907104,1.0,0.0,-0.04349999523162856
5632,0,2,42,14,1.0,-2.0,1.0,0.0,-0.043500000000000004
5633,0,2,42,15,1.0,-2.0,1.0,0.0,-0.043500000000000004
5634,0,2,42,16,1.0,-2.0,1.0,0.0,-0.043500000000000004
5635,0,2,42,17,1.0,-2.0,1.0,0.0,-0.043500000000000004
5636,0,2,42,18,1.0,-2.0,1.0,0.0,-0.043500000000000004
5637,0,2,42,19,1.0,-2.0,1.0,0.0,-0.043500000000000004
5638,0,2,42,20,1.0,-1.9999998807907104,1.0,0.0,-0.04349999523162856
5639,0,2,43,1,1.0,-1.999999761581421,1.0,0.0,-0.04349999046325741
5640,0,2,43,2,1.0,-1.999998927116394,1.0,0.0,-0.04349995708466728
5641,0,2,43,3,1.0,-1.999999761581421,1.0,0.0,-0.04349999046325741
5642,0,2,43,4,1.0,-1.9999996423721313,1.0,0.0,-0.043499985694886535
5643,0,2,43,5,1.0,-1.9999998807907104,1.0,0.0,-0.04349999523162856
5644,0,2,43,6,1.0,-2.0,1.0,0.0,-0.043500000000000004
5645,0,2,43,7,1.0,-2.0,1.0,0.0,-0.043500000000000004
5646,0,2,43,8,1.0,-2.0,1.0,0.0,-0.043500000000000004
5647,0,2,43,9,1.0,-2.0,1.0,0.0,-0.043500000000000004
5648,0,2,43,10,1.0,-2.0,1.0,0.0,-0.043500000000000004
5649,0,2,43,11,1.0,-1.9999998807907104,1.0,0.0,-0.04349999523162856
5650,0,2,43,12,1.0,-1.9999998807907104,1.0,0.0,-0.04349999523162856
5651,0,2,43,13,1.0,-1.9999998807907104,1.0,0.0,-0.04349999523162856
5652,0,2,43,14,1.0,-2.0,1.0,0.0,-0.043500000000000004
5653,0,2,43,15,1.0,-2.0,1.0,0.0,-0.043500000000000004
5654,0,2,43,16,1.0,-2.0,1.0,0.0,-0.043500000000000004
5655,0,2,43,17,1.0,-2.0,1.0,0.0,-0.043500000000000004
5656,0,2,43,18,1.0,-2.0,1.0,0.0,-0.043500000000000004
5657,0,2,43,19,1.0,-2.0,1.0,0.0,-0.043500000000000004
5658,0,2,43,20,1.0,-1.9999998807907104,1.0,0.0,-0.04349999523162856
5659,0,2,44,1,1.0,-1.999999761581421,1.0,0.0,-0.04349999046325741
5660,0,2,44,2,1.0,-1.999998927116394,1.0,0.0,-0.04349995708466728
5661,0,2,44,3,1.0,-1.999999761581421,1.0,0.0,-0.04349999046325741
5662,0,2,44,4,1.0,-1.9999996423721313,1.0,0.0,-0.043499985694886535
5663,0,2,44,5,1.0,-1.9999998807907104,1.0,0.0,-0.04349999523162856
5664,0,2,44,6,1.0,-2.0,1.0,0.0,-0.043500000000000004
5665,0,2,44,7,1.0,-2.0,1.0,0.0,-0.043500000000000004
5666,0,2,44,8,1.0,-2.0,1.0,0.0,-0.043500000000000004
5667,0,2,44,9,1.0,-2.0,1.0,0.0,-0.043500000000000004
5668,0,2,44,10,1.0,-2.0,1.0,0.0,-0.043500000000000004
5669,0,2,44,11,1.0,-1.9999998807907104,1.0,0.0,-0.04349999523162856
5670,0,2,44,12,1.0,-1.9999998807907104,1.0,0.0,-0.04349999523162856
5671,0,2,44,13,1.0,-2.0,1.0,0.0,-0.043500000000000004
5672,0,2,44,14,1.0,-2.0,1.0,0.0,-0.043500000000000004
5673,0,2,44,15,1.0,-2.0,1.0,0.0,-0.043500000000000004
5674,0,2,44,16,1.0,-2.0,1.0,0.0,-0.043500000000000004
5675,0,2,44,17,1.0,-2.0,1.0,0.0,-0.043500000000000004
5676,0,2,44,18,1.0,-2.0,1.0,0.0,-0.043500000000000004
5677,0,2,44,19,1.0,-2.0,1.0,0.0,-0.043500000000000004
5678,0,2,44,20,1.0,-1.9999998807907104,1.0,0.0,-0.04349999523162856
5679,0,2,45,1,1.0,-1.999999761581421,1.0,0.0,-0.04349999046325741
5680,0,2,45,2,1.0,-1.999998927116394,1.0,0.0,-0.04349995708466728
5681,0,2,45,3,1.0,-1.999999761581421,1.0,0.0,-0.04349999046325741
5682,0,2,45,4,1.0,-1.9999996423721313,1.0,0.0,-0.043499985694886535
5683,0,2,45,5,1.0,-1.9999998807907104,1.0,0.0,-0.04349999523162856
5684,0,2,45,6,1.0,-2.0,1.0,0.0,-0.043500000000000004
5685,0,2,45,7,1.0,-2.0,1.0,0.0,-0.043500000000000004
5686,0,2,45,8,1.0,-2.0,1.0,0.0,-0.043500000000000004
5687,0,2,45,9,1.0,-2.0,1.0,0.0,-0.043500000000000004
5688,0,2,45,10,1.0,-2.0,1.0,0.0,-0.043500000000000004
5689,0,2,45,11,1.0,-2.0,1.0,0.0,-0.043500000000000004
5690,0,2,45,12,1.0,-1.9999998807907104,1.0,0.0,-0.04349999523162856
5691,0,2,45,13,1.0,-2.0,1.0,0.0,-0.043500000000000004
5692,0,2,45,14,1.0,-2.0,1.0,0.0,-0.043500000000000004
5693,0,2,45,15,1.0,-2.0,1.0,0.0,-0.043500000000000004
5694,0,2,45,16,1.0,-2.0,1.0,0.0,-0.043500000000000004
5695,0,2,45,17,1.0,-2.0,1.0,0.0,-0.043500000000000004
5696,0,2,45,18,1.0,-2.0,1.0,0.0,-0.043500000000000004
5697,0,2,45,19,1.0,-2.0,1.0,0.0,-0.043500000000000004
5698,0,2,45,20,1.0,-2.0,1.0,0.0,-0.043500000000000004
5699,0,2,46,1,1.0,-1.9999998807907104,1.0,0.0,-0.04349999523162856
5700,0,2,46,2,1.0,-1.999998927116394,1.0,0.0,-0.04349995708466728
5701,0,2,46,3,1.0,-1.999999761581421,1.0,0.0,-0.04349999046325741
5702,0,2,46,4,1.0,-1.999999761581421,1.0,0.0,-0.04349999046325741
5703,0,2,46,5,1.0,-1.9999998807907104,1.0,0.0,-0.04349999523162856
5704,0,2,46,6,1.0,-2.0,1.0,0.0,-0.043500000000000004
5705,0,2,46,7,1.0,-2.0,1.0,0.0,-0.043500000000000004
5706,0,2,46,8,1.0,-2.0,1.0,0.0,-0.043500000000000004
5707,0,2,46,9,1.0,-2.0,1.0,0.0,-0.043500000000000004
5708,0,2,46,10,1.0,-2.0,1.0,0.0,-0.043500000000000004
5709,0,2,46,11,1.0,-2.0,1.0,0.0,-0.043500000000000004
5710,0,2,46,12,1.0,-2.0,1.0,0.0,-0.043500000000000004
5711,0,2,46,13,1.0,-2.0,1.0,0.0,-0.043500000000000004
5712,0,2,46,14,1.0,-2.0,1.0,0.0,-0.043500000000000004
5713,0,2,46,15,1.0,-2.0,1.0,0.0,-0.043500000000000004
5714,0,2,46,16,1.0,-2.0,1.0,0.0,-0.043500000000000004
5715,0,2,46,17,1.0,-2.0,1.0,0.0,-0.043500000000000004
5716,0,2,46,18,1.0,-2.0,1.0,0.0,-0.043500000000000004
5717,0,2,46,19,1.0,-2.0,1.0,0.0,-0.043500000000000004
5718,0,2,46,20,1.0,-2.0,1.0,0.0,-0.043500000000000004
5719,0,2,47,1,1.0,-1.9999998807907104,1.0,0.0,-0.04349999523162856
5720,0,2,47,2,1.0,-1.999998927116394,1.0,0.0,-0.04349995708466728
5721,0,2,47,3,1.0,-1.9999998807907104,1.0,0.0,-0.04349999523162856
5722,0,2,47,4,1.0,-1.999999761581421,1.0,0.0,-0.04349999046325741
5723,0,2,47,5,1.0,-1.9999998807907104,1.0,0.0,-0.04349999523162856
5724,0,2,47,6,1.0,-2.0,1.0,0.0,-0.043500000000000004
5725,0,2,47,7,1.0,-2.0,1.0,0.0,-0.043500000000000004
5726,0,2,47,8,1.0,-2.0,1.0,0.0,-0.043500000000000004
5727,0,2,47,9,1.0,-2.0,1.0,0.0,-0.043500000000000004
5728,0,2,47,10,1.0,-2.0,1.0,0.0,-0.043500000000000004
5729,0,2,47,11,1.0,-2.0,1.0,0.0,-0.043500000000000004
5730,0,2,47,12,1.0,-2.0,1.0,0.0,-0.043500000000000004
5731,0,2,47,13,1.0,-2.0,1.0,0.0,-0.043500000000000004
5732,0,2,47,14,1.0,-2.0,1.0,0.0,-0.043500000000000004
5733,0,2,47,15,1.0,-2.0,1.0,0.0,-0.043500000000000004
5734,0,2,47,16,1.0,-2.0,1.0,0.0,-0.043500000000000004
5735,0,2,47,17,1.0,-2.0,1.0,0.0,-0.043500000000000004
5736,0,2,47,18,1.0,-2.0,1.0,0.0,-0.043500000000000004
5737,0,2,47,19,1.0,-2.0,1.0,0.0,-0.043500000000000004
5738,0,2,47,20,1.0,-2.0,1.0,0.0,-0.043500000000000004
5739,0,2,48,1,1.0,-1.9999998807907104,1.0,0.0,-0.04349999523162856
5740,0,2,48,2,1.0,-1.999998927116394,1.0,0.0,-0.04349995708466728
5741,0,2,48,3,1.0,-1.9999998807907104,1.0,0.0,-0.04349999523162856
5742,0,2,48,4,1.0,-1.999999761581421,1.0,0.0,-0.04349999046325741
5743,0,2,48,5,1.0,-1.9999998807907104,1.0,0.0,-0.04349999523162856
5744,0,2,48,6,1.0,-2.0,1.0,0.0,-0.043500000000000004
5745,0,2,48,7,1.0,-2.0,1.0,0.0,-0.043500000000000004
5746,0,2,48,8,1.0,-2.0,1.0,0.0,-0.043500000000000004
5747,0,2,48,9,1.0,-2.0,1.0,0.0,-0.043500000000000004
5748,0,2,48,10,1.0,-2.0,1.0,0.0,-0.043500000000000004
5749,0,2,48,11,1.0,-2.0,1.0,0.0,-0.043500000000000004
5750,0,2,48,12,1.0,-2.0,1.0,0.0,-0.043500000000000004
5751,0,2,48,13,1.0,-2.0,1.0,0.0,-0.043500000000000004
5752,0,2,48,14,1.0,-2.0,1.0,0.0,-0.043500000000000004
5753,0,2,48,15,1.0,-2.0,1.0,0.0,-0.043500000000000004
5754,0,2,48,16,1.0,-2.0,1.0,0.0,-0.043500000000000004
5755,0,2,48,17,1.0,-2.0,1.0,0.0,-0.043500000000000004
5756,0,2,48,18,1.0,-2.0,1.0,0.0,-0.043500000000000004
5757,0,2,48,19,1.0,-2.0,1.0,0.0,-0.043500000000000004
5758,0,2,48,20,1.0,-2.0,1.0,0.0,-0.043500000000000004
5759,0,2,49,1,1.0,-1.9999998807907104,1.0,0.0,-0.04349999523162856
5760,0,2,49,2,1.0,-1.999998927116394,1.0,0.0,-0.04349995708466728
5761,0,2,49,3,1.0,-1.9999998807907104,1.0,0.0,-0.04349999523162856
5762,0,2,49,4,1.0,-1.999999761581421,1.0,0.0,-0.04349999046325741
5763,0,2,49,5,1.0,-1.9999998807907104,1.0,0.0,-0.04349999523162856
5764,0,2,49,6,1.0,-1.9999998807907104,1.0,0.0,-0.04349999523162856
5765,0,2,49,7,1.0,-2.0,1.0,0.0,-0.043500000000000004
5766,0,2,49,8,1.0,-2.0,1.0,0.0,-0.043500000000000004
5767,0,2,49,9,1.0,-2.0,1.0,0.0,-0.043500000000000004
5768,0,2,49,10,1.0,-2.0,1.0,0.0,-0.043500000000000004
5769,0,2,49,11,1.0,-2.0,1.0,0.0,-0.043500000000000004
5770,0,2,49,12,1.0,-2.0,1.0,0.0,-0.043500000000000004
5771,0,2,49,13,1.0,-2.0,1.0,0.0,-0.043500000000000004
5772,0,2,49,14,1.0,-1.9999998807907104,1.0,0.0,-0.04349999523162856
5773,0,2,49,15,1.0,-1.9999998807907104,1.0,0.0,-0.04349999523162856
5774,0,2,49,16,1.0,-2.0,1.0,0.0,-0.043500000000000004
5775,0,2,49,17,1.0,-2.0,1.0,0.0,-0.043500000000000004
5776,0,2,49,18,1.0,-2.0,1.0,0.0,-0.043500000000000004
5777,0,2,49,19,1.0,-2.0,1.0,0.0,-0.043500000000000004
5778,0,2,49,20,1.0,-2.0,1.0,0.0,-0.043500000000000004
5779,0,2,50,1,1.0,-1.9999998807907104,1.0,0.0,-0.04349999523162856
5780,0,2,50,2,1.0,-1.999998927116394,1.0,0.0,-0.04349995708466728
5781,0,2,50,3,1.0,-1.9999998807907104,1.0,0.0,-0.04349999523162856
5782,0,2,50,4,1.0,-1.999999761581421,1.0,0.0,-0.04349999046325741
5783,0,2,50,5,1.0,-1.999999761581421,1.0,0.0,-0.04349999046325741
5784,0,2,50,6,1.0,-1.9999998807907104,1.0,0.0,-0.04349999523162856
5785,0,2,50,7,1.0,-2.0,1.0,0.0,-0.043500000000000004
5786,0,2,50,8,1.0,-2.0,1.0,0.0,-0.043500000000000004
5787,0,2,50,9,1.0,-2.0,1.0,0.0,-0.043500000000000004
5788,0,2,50,10,1.0,-2.0,1.0,0.0,-0.043500000000000004
5789,0,2,50,11,1.0,-2.0,1.0,0.0,-0.043500000000000004
5790,0,2,50,12,1.0,-2.0,1.0,0.0,-0.043500000000000004
5791,0,2,50,13,1.0,-1.9999998807907104,1.0,0.0,-0.04349999523162856
5792,0,2,50,14,1.0,-1.9999998807907104,1.0,0.0,-0.04349999523162856
5793,0,2,50,15,1.0,-1.9999998807907104,1.0,0.0,-0.04349999523162856
5794,0,2,50,16,1.0,-2.0,1.0,0.0,-0.043500000000000004
5795,0,2,50,17,1.0,-2.0,1.0,0.0,-0.043500000000000004
5796,0,2,50,18,1.0,-2.0,1.0,0.0,-0.043500000000000004
5797,0,2,50,19,1.0,-2.0,1.0,0.0,-0.043500000000000004
5798,0,2,50,20,1.0,-2.0,1.0,0.0,-0.043500000000000004
5799,0,2,51,1,1.0,-1.9999998807907104,1.0,0.0,-0.04349999523162856
5800,0,2,51,2,1.0,-1.999998927116394,1.0,0.0,-0.04349995708466728
5801,0,2,51,3,1.0,-1.9999998807907104,1.0,0.0,-0.04349999523162856
5802,0,2,51,4,1.0,-1.9999996423721313,1.0,0.0,-0.043499985694886535
5803,0,2,51,5,1.0,-1.999999761581421,1.0,0.0,-0.04349999046325741
5804,0,2,51,6,1.0,-1.9999998807907104,1.0,0.0,-0.04349999523162856
5805,0,2,51,7,1.0,-2.0,1.0,0.0,-0.043500000000000004
5806,0,2,51,8,1.0,-2.0,1.0,0.0,-0.043500000000000004
5807,0,2,51,9,1.0,-2.0,1.0,0.0,-0.043500000000000004
5808,0,2,51,10,1.0,-2.0,1.0,0.0,-0.043500000000000004
5809,0,2,51,11,1.0,-2.0,1.0,0.0,-0.043500000000000004
5810,0,2,51,12,1.0,-2.0,1.0,0.0,-0.043500000000000004
5811,0,2,51,13,1.0,-1.9999998807907104,1.0,0.0,-0.04349999523162856
5812,0,2,51,14,1.0,-1.9999998807907104,1.0,0.0,-0.04349999523162856
5813,0,2,51,15,1.0,-1.9999998807907104,1.0,0.0,-0.04349999523162856
5814,0,2,51,16,1.0,-2.0,1.0,0.0,-0.043500000000000004
5815,0,2,51,17,1.0,-2.0,1.0,0.0,-0.043500000000000004
5816,0,2,51,18,1.0,-2.0,1.0,0.0,-0.043500000000000004
5817,0,2,51,19,1.0,-2.0,1.0,0.0,-0.043500000000000004
5818,0,2,51,20,1.0,-2.0,1.0,0.0,-0.043500000000000004
5819,0,2,52,1,1.0,-1.9999998807907104,1.0,0.0,-0.04349999523162856
5820,0,2,52,2,1.0,-1.999998927116394,1.0,0.0,-0.04349995708466728
5821,0,2,52,3,1.0,-1.9999998807907104,1.0,0.0,-0.04349999523162856
5822,0,2,52,4,1.0,-1.9999996423721313,1.0,0.0,-0.043499985694886535
5823,0,2,52,5,1.0,-1.999999761581421,1.0,0.0,-0.04349999046325741
5824,0,2,52,6,1.0,-1.9999998807907104,1.0,0.0,-0.04349999523162856
5825,0,2,52,7,1.0,-2.0,1.0,0.0,-0.043500000000000004
5826,0,2,52,8,1.0,-2.0,1.0,0.0,-0.043500000000000004
5827,0,2,52,9,1.0,-2.0,1.0,0.0,-0.043500000000000004
5828,0,2,52,10,1.0,-2.0,1.0,0.0,-0.043500000000000004
5829,0,2,52,11,1.0,-2.0,1.0,0.0,-0.043500000000000004
5830,0,2,52,12,1.0,-1.9999998807907104,1.0,0.0,-0.04349999523162856
5831,0,2,52,13,1.0,-1.9999998807907104,1.0,0.0,-0.04349999523162856
5832,0,2,52,14,1.0,-1.9999998807907104,1.0,0.0,-0.04349999523162856
5833,0,2,52,15,1.0,-1.9999998807907104,1.0,0.0,-0.04349999523162856
5834,0,2,52,16,1.0,-2.0,1.0,0.0,-0.043500000000000004
5835,0,2,52,17,1.0,-2.0,1.0,0.0,-0.043500000000000004
5836,0,2,52,18,1.0,-2.0,1.0,0.0,-0.043500000000000004
5837,0,2,52,19,1.0,-2.0,1.0,0.0,-0.043500000000000004
5838,0,2,52,20,1.0,-2.0,1.0,0.0,-0.043500000000000004
5839,0,2,53,1,1.0,-1.999999761581421,1.0,0.0,-0.04349999046325741
5840,0,2,53,2,1.0,-1.999998927116394,1.0,0.0,-0.04349995708466728
5841,0,2,53,3,1.0,-1.999999761581421,1.0,0.0,-0.04349999046325741
5842,0,2,53,4,1.0,-1.9999996423721313,1.0,0.0,-0.043499985694886535
5843,0,2,53,5,1.0,-1.999999761581421,1.0,0.0,-0.04349999046325741
5844,0,2,53,6,1.0,-1.9999998807907104,1.0,0.0,-0.04349999523162856
5845,0,2,53,7,1.0,-2.0,1.0,0.0,-0.043500000000000004
5846,0,2,53,8,1.0,-2.0,1.0,0.0,-0.043500000000000004
5847,0,2,53,9,1.0,-2.0,1.0,0.0,-0.043500000000000004
5848,0,2,53,10,1.0,-2.0,1.0,0.0,-0.043500000000000004
5849,0,2,53,11,1.0,-2.0,1.0,0.0,-0.043500000000000004
5850,0,2,53,12,1.0,-1.9999998807907104,1.0,0.0,-0.04349999523162856
5851,0,2,53,13,1.0,-1.9999998807907104,1.0,0.0,-0.04349999523162856
5852,0,2,53,14,1.0,-1.9999998807907104,1.0,0.0,-0.04349999523162856
5853,0,2,53,15,1.0,-1.9999998807907104,1.0,0.0,-0.04349999523162856
5854,0,2,53,16,1.0,-2.0,1.0,0.0,-0.043500000000000004
5855,0,2,53,17,1.0,-2.0,1.0,0.0,-0.043500000000000004
5856,0,2,53,18,1.0,-2.0,1.0,0.0,-0.043500000000000004
5857,0,2,53,19,1.0,-2.0,1.0,0.0,-0.043500000000000004
5858,0,2,53,20,1.0,-2.0,1.0,0.0,-0.043500000000000004
5859,0,2,54,1,1.0,-1.999999761581421,1.0,0.0,-0.04349999046325741
5860,0,2,54,2,1.0,-1.999998927116394,1.0,0.0,-0.04349995708466728
5861,0,2,54,3,1.0,-1.999999761581421,1.0,0.0,-0.04349999046325741
5862,0,2,54,4,1.0,-1.9999996423721313,1.0,0.0,-0.043499985694886535
5863,0,2,54,5,1.0,-1.999999761581421,1.0,0.0,-0.04349999046325741
5864,0,2,54,6,1.0,-1.9999998807907104,1.0,0.0,-0.04349999523162856
5865,0,2,54,7,1.0,-2.0,1.0,0.0,-0.043500000000000004
5866,0,2,54,8,1.0,-2.0,1.0,0.0,-0.043500000000000004
5867,0,2,54,9,1.0,-2.0,1.0,0.0,-0.043500000000000004
5868,0,2,54,10,1.0,-2.0,1.0,0.0,-0.043500000000000004
5869,0,2,54,11,1.0,-2.0,1.0,0.0,-0.043500000000000004
5870,0,2,54,12,1.0,-1.9999998807907104,1.0,0.0,-0.04349999523162856
5871,0,2,54,13,1.0,-1.9999998807907104,1.0,0.0,-0.04349999523162856
5872,0,2,54,14,1.0,-1.9999998807907104,1.0,0.0,-0.04349999523162856
5873,0,2,54,15,1.0,-2.0,1.0,0.0,-0.043500000000000004
5874,0,2,54,16,1.0,-2.0,1.0,0.0,-0.043500000000000004
5875,0,2,54,17,1.0,-2.0,1.0,0.0,-0.043500000000000004
5876,0,2,54,18,1.0,-2.0,1.0,0.0,-0.043500000000000004
5877,0,2,54,19,1.0,-2.0,1.0,0.0,-0.043500000000000004
5878,0,2,54,20,1.0,-2.0,1.0,0.0,-0.043500000000000004
5879,0,2,55,1,1.0,-1.999999761581421,1.0,0.0,-0.04349999046325741
5880,0,2,55,2,1.0,-1.999998927116394,1.0,0.0,-0.04349995708466728
5881,0,2,55,3,1.0,-1.999999761581421,1.0,0.0,-0.04349999046325741
5882,0,2,55,4,1.0,-1.9999996423721313,1.0,0.0,-0.043499985694886535
5883,0,2,55,5,1.0,-1.999999761581421,1.0,0.0,-0.04349999046325741
5884,0,2,55,6,1.0,-2.0,1.0,0.0,-0.043500000000000004
5885,0,2,55,7,1.0,-2.0,1.0,0.0,-0.043500000000000004
5886,0,2,55,8,1.0,-2.0,1.0,0.0,-0.043500000000000004
5887,0,2,55,9,1.0,-2.0,1.0,0.0,-0.043500000000000004
5888,0,2,55,10,1.0,-2.0,1.0,0.0,-0.043500000000000004
5889,0,2,55,11,1.0,-2.0,1.0,0.0,-0.043500000000000004
5890,0,2,55,12,1.0,-1.9999998807907104,1.0,0.0,-0.04349999523162856
5891,0,2,55,13,1.0,-1.9999998807907104,1.0,0.0,-0.04349999523162856
5892,0,2,55,14,1.0,-1.9999998807907104,1.0,0.0,-0.04349999523162856
5893,0,2,55,15,1.0,-2.0,1.0,0.0,-0.043500000000000004
5894,0,2,55,16,1.0,-2.0,1.0,0.0,-0.043500000000000004
5895,0,2,55,17,1.0,-2.0,1.0,0.0,-0.043500000000000004
5896,0,2,55,18,1.0,-2.0,1.0,0.0,-0.043500000000000004
5897,0,2,55,19,1.0,-2.0,1.0,0.0,-0.043500000000000004
5898,0,2,55,20,1.0,-1.9999998807907104,1.0,0.0,-0.04349999523162856
5899,0,2,56,1,1.0,-1.999999761581421,1.0,0.0,-0.04349999046325741
5900,0,2,56,2,1.0,-1.999998927116394,1.0,0.0,-0.04349995708466728
5901,0,2,56,3,1.0,-1.999999761581421,1.0,0.0,-0.04349999046325741
5902,0,2,56,4,1.0,-1.9999996423721313,1.0,0.0,-0.043499985694886535
5903,0,2,56,5,1.0,-1.999999761581421,1.0,0.0,-0.04349999046325741
5904,0,2,56,6,1.0,-2.0,1.0,0.0,-0.043500000000000004
5905,0,2,56,7,1.0,-2.0,1.0,0.0,-0.043500000000000004
5906,0,2,56,8,1.0,-2.0,1.0,0.0,-0.043500000000000004
5907,0,2,56,9,1.0,-2.0,1.0,0.0,-0.043500000000000004
5908,0,2,56,10,1.0,-2.0,1.0,0.0,-0.043500000000000004
5909,0,2,56,11,1.0,-1.9999998807907104,1.0,0.0,-0.04349999523162856
5910,0,2,56,12,1.0,-1.9999998807907104,1.0,0.0,-0.04349999523162856
5911,0,2,56,13,1.0,-1.9999998807907104,1.0,0.0,-0.04349999523162856
5912,0,2,56,14,1.0,-1.9999998807907104,1.0,0.0,-0.04349999523162856
5913,0,2,56,15,1.0,-2.0,1.0,0.0,-0.043500000000000004
5914,0,2,56,16,1.0,-2.0,1.0,0.0,-0.043500000000000004
5915,0,2,56,17,1.0,-2.0,1.0,0.0,-0.043500000000000004
5916,0,2,56,18,1.0,-2.0,1.0,0.0,-0.043500000000000004
5917,0,2,56,19,1.0,-2.0,1.0,0.0,-0.043500000000000004
5918,0,2,56,20,1.0,-1.9999998807907104,1.0,0.0,-0.04349999523162856
5919,0,2,57,1,1.0,-1.999999761581421,1.0,0.0,-0.04349999046325741
5920,0,2,57,2,1.0,-1.999998927116394,1.0,0.0,-0.04349995708466728
5921,0,2,57,3,1.0,-1.999999761581421,1.0,0.0,-0.04349999046325741
5922,0,2,57,4,1.0,-1.9999996423721313,1.0,0.0,-0.043499985694886535
5923,0,2,57,5,1.0,-1.999999761581421,1.0,0.0,-0.04349999046325741
5924,0,2,57,6,1.0,-2.0,1.0,0.0,-0.043500000000000004
5925,0,2,57,7,1.0,-2.0,1.0,0.0,-0.043500000000000004
5926,0,2,57,8,1.0,-2.0,1.0,0.0,-0.043500000000000004
5927,0,2,57,9,1.0,-2.0,1.0,0.0,-0.043500000000000004
5928,0,2,57,10,1.0,-2.0,1.0,0.0,-0.043500000000000004
5929,0,2,57,11,1.0,-1.9999998807907104,1.0,0.0,-0.04349999523162856
5930,0,2,57,12,1.0,-1.9999998807907104,1.0,0.0,-0.04349999523162856
5931,0,2,57,13,1.0,-1.9999998807907104,1.0,0.0,-0.04349999523162856
5932,0,2,57,14,1.0,-1.9999998807907104,1.0,0.0,-0.04349999523162856
5933,0,2,57,15,1.0,-2.0,1.0,0.0,-0.043500000000000004
5934,0,2,57,16,1.0,-2.0,1.0,0.0,-0.043500000000000004
5935,0,2,57,17,1.0,-2.0,1.0,0.0,-0.043500000000000004
5936,0,2,57,18,1.0,-2.0,1.0,0.0,-0.043500000000000004
5937,0,2,57,19,1.0,-2.0,1.0,0.0,-0.043500000000000004
5938,0,2,57,20,1.0,-1.9999998807907104,1.0,0.0,-0.04349999523162856
5939,0,2,58,1,1.0,-1.999999761581421,1.0,0.0,-0.04349999046325741
5940,0,2,58,2,1.0,-1.999998927116394,1.0,0.0,-0.04349995708466728
5941,0,2,58,3,1.0,-1.999999761581421,1.0,0.0,-0.04349999046325741
5942,0,2,58,4,1.0,-1.9999996423721313,1.0,0.0,-0.043499985694886535
5943,0,2,58,5,1.0,-1.9999998807907104,1.0,0.0,-0.04349999523162856
5944,0,2,58,6,1.0,-2.0,1.0,0.0,-0.043500000000000004
5945,0,2,58,7,1.0,-2.0,1.0,0.0,-0.043500000000000004
5946,0,2,58,8,1.0,-2.0,1.0,0.0,-0.043500000000000004
5947,0,2,58,9,1.0,-2.0,1.0,0.0,-0.043500000000000004
5948,0,2,58,10,1.0,-2.0,1.0,0.0,-0.043500000000000004
5949,0,2,58,11,1.0,-1.9999998807907104,1.0,0.0,-0.04349999523162856
5950,0,2,58,12,1.0,-1.9999998807907104,1.0,0.0,-0.04349999523162856
5951,0,2,58,13,1.0,-1.9999998807907104,1.0,0.0,-0.04349999523162856
5952,0,2,58,14,1.0,-2.0,1.0,0.0,-0.043500000000000004
5953,0,2,58,15,1.0,-2.0,1.0,0.0,-0.043500000000000004
5954,0,2,58,16,1.0,-2.0,1.0,0.0,-0.043500000000000004
5955,0,2,58,17,1.0,-2.0,1.0,0.0,-0.043500000000000004
5956,0,2,58,18,1.0,-2.0,1.0,0.0,-0.043500000000000004
5957,0,2,58,19,1.0,-2.0,1.0,0.0,-0.043500000000000004
5958,0,2,58,20,1.0,-1.9999998807907104,1.0,0.0,-0.04349999523162856
5959,0,2,59,1,1.0,-1.999999761581421,1.0,0.0,-0.04349999046325741
5960,0,2,59,2,1.0,-1.999998927116394,1.0,0.0,-0.04349995708466728
5961,0,2,59,3,1.0,-1.999999761581421,1.0,0.0,-0.04349999046325741
5962,0,2,59,4,1.0,-1.9999996423721313,1.0,0.0,-0.043499985694886535
5963,0,2,59,5,1.0,-1.9999998807907104,1.0,0.0,-0.04349999523162856
5964,0,2,59,6,1.0,-2.0,1.0,0.0,-0.043500000000000004
5965,0,2,59,7,1.0,-2.0,1.0,0.0,-0.043500000000000004
5966,0,2,59,8,1.0,-2.0,1.0,0.0,-0.043500000000000004
5967,0,2,59,9,1.0,-2.0,1.0,0.0,-0.043500000000000004
5968,0,2,59,10,1.0,-2.0,1.0,0.0,-0.043500000000000004
5969,0,2,59,11,1.0,-1.9999998807907104,1.0,0.0,-0.04349999523162856
5970,0,2,59,12,1.0,-1.9999998807907104,1.0,0.0,-0.04349999523162856
5971,0,2,59,13,1.0,-1.9999998807907104,1.0,0.0,-0.04349999523162856
5972,0,2,59,14,1.0,-2.0,1.0,0.0,-0.043500000000000004
5973,0,2,59,15,1.0,-2.0,1.0,0.0,-0.043500000000000004
5974,0,2,59,16,1.0,-2.0,1.0,0.0,-0.043500000000000004
5975,0,2,59,17,1.0,-2.0,1.0,0.0,-0.043500000000000004
5976,0,2,59,18,1.0,-2.0,1.0,0.0,-0.043500000000000004
5977,0,2,59,19,1.0,-2.0,1.0,0.0,-0.043500000000000004
5978,0,2,59,20,1.0,-1.9999998807907104,1.0,0.0,-0.04349999523162856
5979,0,2,60,1,1.0,-1.999999761581421,1.0,0.0,-0.04349999046325741
5980,0,2,60,2,1.0,-1.999998927116394,1.0,0.0,-0.04349995708466728
5981,0,2,60,3,1.0,-1.999999761581421,1.0,0.0,-0.04349999046325741
5982,0,2,60,4,1.0,-1.9999996423721313,1.0,0.0,-0.043499985694886535
5983,0,2,60,5,1.0,-1.9999998807907104,1.0,0.0,-0.04349999523162856
5984,0,2,60,6,1.0,-2.0,1.0,0.0,-0.043500000000000004
5985,0,2,60,7,1.0,-2.0,1.0,0.0,-0.043500000000000004
5986,0,2,60,8,1.0,-2.0,1.0,0.0,-0.043500000000000004
5987,0,2,60,9,1.0,-2.0,1.0,0.0,-0.043500000000000004
5988,0,2,60,10,1.0,-2.0,1.0,0.0,-0.043500000000000004
5989,0,2,60,11,1.0,-1.9999998807907104,1.0,0.0,-0.04349999523162856
5990,0,2,60,12,1.0,-1.9999998807907104,1.0,0.0,-0.04349999523162856
5991,0,2,60,13,1.0,-2.0,1.0,0.0,-0.043500000000000004
5992,0,2,60,14,1.0,-2.0,1.0,0.0,-0.043500000000000004
5993,0,2,60,15,1.0,-2.0,1.0,0.0,-0.043500000000000004
5994,0,2,60,16,1.0,-2.0,1.0,0.0,-0.043500000000000004
5995,0,2,60,17,1.0,-2.0,1.0,0.0,-0.043500000000000004
5996,0,2,60,18,1.0,-2.0,1.0,0.0,-0.043500000000000004
5997,0,2,60,19,1.0,-2.0,1.0,0.0,-0.043500000000000004
5998,0,2,60,20,1.0,-1.9999998807907104,1.0,0.0,-0.04349999523162856
5999,0,2,61,1,1.0,-1.9999998807907104,1.0,0.0,-0.04349999523162856
6000,0,2,61,2,1.0,-1.999998927116394,1.0,0.0,-0.04349995708466728
6001,0,2,61,3,1.0,-1.999999761581421,1.0,0.0,-0.04349999046325741
6002,0,2,61,4,1.0,-1.999999761581421,1.0,0.0,-0.04349999046325741
6003,0,2,61,5,1.0,-1.9999998807907104,1.0,0.0,-0.04349999523162856
6004,0,2,61,6,1.0,-2.0,1.0,0.0,-0.043500000000000004
6005,0,2,61,7,1.0,-2.0,1.0,0.0,-0.043500000000000004
6006,0,2,61,8,1.0,-2.0,1.0,0.0,-0.043500000000000004
6007,0,2,61,9,1.0,-2.0,1.0,0.0,-0.043500000000000004
6008,0,2,61,10,1.0,-2.0,1.0,0.0,-0.043500000000000004
6009,0,2,61,11,1.0,-2.0,1.0,0.0,-0.043500000000000004
6010,0,2,61,12,1.0,-2.0,1.0,0.0,-0.043500000000000004
6011,0,2,61,13,1.0,-2.0,1.0,0.0,-0.043500000000000004
6012,0,2,61,14,1.0,-2.0,1.0,0.0,-0.043500000000000004
6013,0,2,61,15,1.0,-2.0,1.0,0.0,-0.043500000000000004
6014,0,2,61,16,1.0,-2.0,1.0,0.0,-0.043500000000000004
6015,0,2,61,17,1.0,-2.0,1.0,0.0,-0.043500000000000004
6016,0,2,61,18,1.0,-2.0,1.0,0.0,-0.043500000000000004
6017,0,2,61,19,1.0,-2.0,1.0,0.0,-0.043500000000000004
6018,0,2,61,20,1.0,-2.0,1.0,0.0,-0.043500000000000004
6019,0,2,62,1,1.0,-1.9999998807907104,1.0,0.0,-0.04349999523162856
6020,0,2,62,2,1.0,-1.999998927116394,1.0,0.0,-0.04349995708466728
6021,0,2,62,3,1.0,-1.999999761581421,1.0,0.0,-0.04349999046325741
6022,0,2,62,4,1.0,-1.999999761581421,1.0,0.0,-0.04349999046325741
6023,0,2,62,5,1.0,-1.9999998807907104,1.0,0.0,-0.04349999523162856
6024,0,2,62,6,1.0,-2.0,1.0,0.0,-0.043500000000000004
6025,0,2,62,7,1.0,-2.0,1.0,0.0,-0.043500000000000004
6026,0,2,62,8,1.0,-2.0,1.0,0.0,-0.043500000000000004
6027,0,2,62,9,1.0,-2.0,1.0,0.0,-0.043500000000000004
6028,0,2,62,10,1.0,-2.0,1.0,0.0,-0.043500000000000004
6029,0,2,62,11,1.0,-2.0,1.0,0.0,-0.043500000000000004
6030,0,2,62,12,1.0,-2.0,1.0,0.0,-0.043500000000000004
6031,0,2,62,13,1.0,-2.0,1.0,0.0,-0.043500000000000004
6032,0,2,62,14,1.0,-2.0,1.0,0.0,-0.043500000000000004
6033,0,2,62,15,1.0,-2.0,1.0,0.0,-0.043500000000000004
6034,0,2,62,16,1.0,-2.0,1.0,0.0,-0.043500000000000004
6035,0,2,62,17,1.0,-2.0,1.0,0.0,-0.043500000000000004
6036,0,2,62,18,1.0,-2.0,1.0,0.0,-0.043500000000000004
6037,0,2,62,19,1.0,-2.0,1.0,0.0,-0.043500000000000004
6038,0,2,62,20,1.0,-2.0,1.0,0.0,-0.043500000000000004
6039,0,2,63,1,1.0,-1.9999998807907104,1.0,0.0,-0.04349999523162856
6040,0,2,63,2,1.0,-1.999998927116394,1.0,0.0,-0.04349995708466728
6041,0,2,63,3,1.0,-1.9999998807907104,1.0,0.0,-0.04349999523162856
6042,0,2,63,4,1.0,-1.999999761581421,1.0,0.0,-0.04349999046325741
6043,0,2,63,5,1.0,-1.9999998807907104,1.0,0.0,-0.04349999523162856
6044,0,2,63,6,1.0,-2.0,1.0,0.0,-0.043500000000000004
6045,0,2,63,7,1.0,-2.0,1.0,0.0,-0.043500000000000004
6046,0,2,63,8,1.0,-2.0,1.0,0.0,-0.043500000000000004
6047,0,2,63,9,1.0,-2.0,1.0,0.0,-0.043500000000000004
6048,0,2,63,10,1.0,-2.0,1.0,0.0,-0.043500000000000004
6049,0,2,63,11,1.0,-2.0,1.0,0.0,-0.043500000000000004
6050,0,2,63,12,1.0,-2.0,1.0,0.0,-0.043500000000000004
6051,0,2,63,13,1.0,-2.0,1.0,0.0,-0.043500000000000004
6052,0,2,63,14,1.0,-2.0,1.0,0.0,-0.043500000000000004
6053,0,2,63,15,1.0,-2.0,1.0,0.0,-0.043500000000000004
6054,0,2,63,16,1.0,-2.0,1.0,0.0,-0.043500000000000004
6055,0,2,63,17,1.0,-2.0,1.0,0.0,-0.043500000000000004
6056,0,2,63,18,1.0,-2.0,1.0,0.0,-0.043500000000000004
6057,0,2,63,19,1.0,-2.0,1.0,0.0,-0.043500000000000004
6058,0,2,63,20,1.0,-2.0,1.0,0.0,-0.043500000000000004
6059,0,2,64,1,1.0,-1.9999998807907104,1.0,0.0,-0.04349999523162856
6060,0,2,64,2,1.0,-1.999998927116394,1.0,0.0,-0.04349995708466728
6061,0,2,64,3,1.0,-1.9999998807907104,1.0,0.0,-0.04349999523162856
6062,0,2,64,4,1.0,-1.999999761581421,1.0,0.0,-0.04349999046325741
6063,0,2,64,5,1.0,-1.9999998807907104,1.0,0.0,-0.04349999523162856
6064,0,2,64,6,1.0,-2.0,1.0,0.0,-0.043500000000000004
6065,0,2,64,7,1.0,-2.0,1.0,0.0,-0.043500000000000004
6066,0,2,64,8,1.0,-2.0,1.0,0.0,-0.043500000000000004
6067,0,2,64,9,1.0,-2.0,1.0,0.0,-0.043500000000000004
6068,0,2,64,10,1.0,-2.0,1.0,0.0,-0.043500000000000004
6069,0,2,64,11,1.0,-2.0,1.0,0.0,-0.043500000000000004
6070,0,2,64,12,1.0,-2.0,1.0,0.0,-0.043500000000000004
6071,0,2,64,13,1.0,-2.0,1.0,0.0,-0.043500000000000004
6072,0,2,64,14,1.0,-2.0,1.0,0.0,-0.043500000000000004
6073,0,2,64,15,1.0,-2.0,1.0,0.0,-0.043500000000000004
6074,0,2,64,16,1.0,-2.0,1.0,0.0,-0.043500000000000004
6075,0,2,64,17,1.0,-2.0,1.0,0.0,-0.043500000000000004
6076,0,2,64,18,1.0,-2.0,1.0,0.0,-0.043500000000000004
6077,0,2,64,19,1.0,-2.0,1.0,0.0,-0.043500000000000004
6078,0,2,64,20,1.0,-2.0,1.0,0.0,-0.043500000000000004
6079,0,2,65,1,1.0,-1.9999998807907104,1.0,0.0,-0.04349999523162856
6080,0,2,65,2,1.0,-1.999998927116394,1.0,0.0,-0.04349995708466728
6081,0,2,65,3,1.0,-1.9999998807907104,1.0,0.0,-0.04349999523162856
6082,0,2,65,4,1.0,-1.999999761581421,1.0,0.0,-0.04349999046325741
6083,0,2,65,5,1.0,-1.999999761581421,1.0,0.0,-0.04349999046325741
6084,0,2,65,6,1.0,-1.9999998807907104,1.0,0.0,-0.04349999523162856
6085,0,2,65,7,1.0,-2.0,1.0,0.0,-0.043500000000000004
6086,0,2,65,8,1.0,-2.0,1.0,0.0,-0.043500000000000004
6087,0,2,65,9,1.0,-2.0,1.0,0.0,-0.043500000000000004
6088,0,2,65,10,1.0,-2.0,1.0,0.0,-0.043500000000000004
6089,0,2,65,11,1.0,-2.0,1.0,0.0,-0.043500000000000004
6090,0,2,65,12,1.0,-2.0,1.0,0.0,-0.043500000000000004
6091,0,2,65,13,1.0,-2.0,1.0,0.0,-0.043500000000000004
6092,0,2,65,14,1.0,-1.9999998807907104,1.0,0.0,-0.04349999523162856
6093,0,2,65,15,1.0,-1.9999998807907104,1.0,0.0,-0.04349999523162856
6094,0,2,65,16,1.0,-2.0,1.0,0.0,-0.043500000000000004
6095,0,2,65,17,1.0,-2.0,1.0,0.0,-0.043500000000000004
6096,0,2,65,18,1.0,-2.0,1.0,0.0,-0.043500000000000004
6097,0,2,65,19,1.0,-2.0,1.0,0.0,-0.043500000000000004
6098,0,2,65,20,1.0,-2.0,1.0,0.0,-0.043500000000000004
6099,0,2,66,1,1.0,-1.9999998807907104,1.0,0.0,-0.04349999523162856
6100,0,2,66,2,1.0,-1.999998927116394,1.0,0.0,-0.04349995708466728
6101,0,2,66,3,1.0,-1.9999998807907104,1.0,0.0,-0.04349999523162856
6102,0,2,66,4,1.0,-1.9999996423721313,1.0,0.0,-0.043499985694886535
6103,0,2,66,5,1.0,-1.999999761581421,1.0,0.0,-0.04349999046325741
6104,0,2,66,6,1.0,-1.9999998807907104,1.0,0.0,-0.04349999523162856
6105,0,2,66,7,1.0,-2.0,1.0,0.0,-0.043500000000000004
6106,0,2,66,8,1.0,-2.0,1.0,0.0,-0.043500000000000004
6107,0,2,66,9,1.0,-2.0,1.0,0.0,-0.043500000000000004
6108,0,2,66,10,1.0,-2.0,1.0,0.0,-0.043500000000000004
6109,0,2,66,11,1.0,-2.0,1.0,0.0,-0.043500000000000004
6110,0,2,66,12,1.0,-2.0,1.0,0.0,-0.043500000000000004
6111,0,2,66,13,1.0,-1.9999998807907104,1.0,0.0,-0.04349999523162856
6112,0,2,66,14,1.0,-1.9999998807907104,1.0,0.0,-0.04349999523162856
6113,0,2,66,15,1.0,-1.9999998807907104,1.0,0.0,-0.04349999523162856
6114,0,2,66,16,1.0,-2.0,1.0,0.0,-0.043500000000000004
6115,0,2,66,17,1.0,-2.0,1.0,0.0,-0.043500000000000004
6116,0,2,66,18,1.0,-2.0,1.0,0.0,-0.043500000000000004
6117,0,2,66,19,1.0,-2.0,1.0,0.0,-0.043500000000000004
6118,0,2,66,20,1.0,-2.0,1.0,0.0,-0.043500000000000004
6119,0,2,67,1,1.0,-1.9999998807907104,1.0,0.0,-0.04349999523162856
6120,0,2,67,2,1.0,-1.999998927116394,1.0,0.0,-0.04349995708466728
6121,0,2,67,3,1.0,-1.9999998807907104,1.0,0.0,-0.04349999523162856
6122,0,2,67,4,1.0,-1.9999996423721313,1.0,0.0,-0.043499985694886535
6123,0,2,67,5,1.0,-1.999999761581421,1.0,0.0,-0.04349999046325741
6124,0,2,67,6,1.0,-1.9999998807907104,1.0,0.0,-0.04349999523162856
6125,0,2,67,7,1.0,-2.0,1.0,0.0,-0.043500000000000004
6126,0,2,67,8,1.0,-2.0,1.0,0.0,-0.043500000000000004
6127,0,2,67,9,1.0,-2.0,1.0,0.0,-0.043500000000000004
6128,0,2,67,10,1.0,-2.0,1.0,0.0,-0.043500000000000004
6129,0,2,67,11,1.0,-2.0,1.0,0.0,-0.043500000000000004
6130,0,2,67,12,1.0,-2.0,1.0,0.0,-0.043500000000000004
6131,0,2,67,13,1.0,-1.9999998807907104,1.0,0.0,-0.04349999523162856
6132,0,2,67,14,1.0,-1.9999998807907104,1.0,0.0,-0.04349999523162856
6133,0,2,67,15,1.0,-1.9999998807907104,1.0,0.0,-0.04349999523162856
6134,0,2,67,16,1.0,-2.0,1.0,0.0,-0.043500000000000004
6135,0,2,67,17,1.0,-2.0,1.0,0.0,-0.043500000000000004
6136,0,2,67,18,1.0,-2.0,1.0,0.0,-0.043500000000000004
6137,0,2,67,19,1.0,-2.0,1.0,0.0,-0.043500000000000004
6138,0,2,67,20,1.0,-2.0,1.0,0.0,-0.043500000000000004
6139,0,2,68,1,1.0,-1.999999761581421,1.0,0.0,-0.04349999046325741
6140,0,2,68,2,1.0,-1.999998927116394,1.0,0.0,-0.04349995708466728
6141,0,2,68,3,1.0,-1.9999998807907104,1.0,0.0,-0.04349999523162856
6142,0,2,68,4,1.0,-1.9999996423721313,1.0,0.0,-0.043499985694886535
6143,0,2,68,5,1.0,-1.999999761581421,1.0,0.0,-0.04349999046325741
6144,0,2,68,6,1.0,-1.9999998807907104,1.0,0.0,-0.04349999523162856
6145,0,2,68,7,1.0,-2.0,1.0,0.0,-0.043500000000000004
6146,0,2,68,8,1.0,-2.0,1.0,0.0,-0.043500000000000004
6147,0,2,68,9,1.0,-2.0,1.0,0.0,-0.043500000000000004
6148,0,2,68,10,1.0,-2.0,1.0,0.0,-0.043500000000000004
6149,0,2,68,11,1.0,-2.0,1.0,0.0,-0.043500000000000004
6150,0,2,68,12,1.0,-1.9999998807907104,1.0,0.0,-0.04349999523162856
6151,0,2,68,13,1.0,-1.9999998807907104,1.0,0.0,-0.04349999523162856
6152,0,2,68,14,1.0,-1.9999998807907104,1.0,0.0,-0.04349999523162856
6153,0,2,68,15,1.0,-1.9999998807907104,1.0,0.0,-0.04349999523162856
6154,0,2,68,16,1.0,-2.0,1.0,0.0,-0.043500000000000004
6155,0,2,68,17,1.0,-2.0,1.0,0.0,-0.043500000000000004
6156,0,2,68,18,1.0,-2.0,1.0,0.0,-0.043500000000000004
6157,0,2,68,19,1.0,-2.0,1.0,0.0,-0.043500000000000004
6158,0,2,68,20,1.0,-2.0,1.0,0.0,-0.043500000000000004
6159,0,2,69,1,1.0,-1.999999761581421,1.0,0.0,-0.04349999046325741
6160,0,2,69,2,1.0,-1.999998927116394,1.0,0.0,-0.04349995708466728
6161,0,2,69,3,1.0,-1.999999761581421,1.0,0.0,-0.04349999046325741
6162,0,2,69,4,1.0,-1.9999996423721313,1.0,0.0,-0.043499985694886535
6163,0,2,69,5,1.0,-1.999999761581421,1.0,0.0,-0.04349999046325741
6164,0,2,69,6,1.0,-1.9999998807907104,1.0,0.0,-0.04349999523162856
6165,0,2,69,7,1.0,-2.0,1.0,0.0,-0.043500000000000004
6166,0,2,69,8,1.0,-2.0,1.0,0.0,-0.043500000000000004
6167,0,2,69,9,1.0,-2.0,1.0,0.0,-0.043500000000000004
6168,0,2,69,10,1.0,-2.0,1.0,0.0,-0.043500000000000004
6169,0,2,69,11,1.0,-2.0,1.0,0.0,-0.043500000000000004
6170,0,2,69,12,1.0,-1.9999998807907104,1.0,0.0,-0.04349999523162856
6171,0,2,69,13,1.0,-1.9999998807907104,1.0,0.0,-0.04349999523162856
6172,0,2,69,14,1.0,-1.9999998807907104,1.0,0.0,-0.04349999523162856
6173,0,2,69,15,1.0,-1.9999998807907104,1.0,0.0,-0.04349999523162856
6174,0,2,69,16,1.0,-2.0,1.0,0.0,-0.043500000000000004
6175,0,2,69,17,1.0,-2.0,1.0,0.0,-0.043500000000000004
6176,0,2,69,18,1.0,-2.0,1.0,0.0,-0.043500000000000004
6177,0,2,69,19,1.0,-2.0,1.0,0.0,-0.043500000000000004
6178,0,2,69,20,1.0,-2.0,1.0,0.0,-0.043500000000000004
6179,0,2,70,1,1.0,-1.999999761581421,1.0,0.0,-0.04349999046325741
6180,0,2,70,2,1.0,-1.999998927116394,1.0,0.0,-0.04349995708466728
6181,0,2,70,3,1.0,-1.999999761581421,1.0,0.0,-0.04349999046325741
6182,0,2,70,4,1.0,-1.9999996423721313,1.0,0.0,-0.043499985694886535
6183,0,2,70,5,1.0,-1.999999761581421,1.0,0.0,-0.04349999046325741
6184,0,2,70,6,1.0,-1.9999998807907104,1.0,0.0,-0.04349999523162856
6185,0,2,70,7,1.0,-2.0,1.0,0.0,-0.043500000000000004
6186,0,2,70,8,1.0,-2.0,1.0,0.0,-0.043500000000000004
6187,0,2,70,9,1.0,-2.0,1.0,0.0,-0.043500000000000004
6188,0,2,70,10,1.0,-2.0,1.0,0.0,-0.043500000000000004
6189,0,2,70,11,1.0,-2.0,1.0,0.0,-0.043500000000000004
6190,0,2,70,12,1.0,-1.9999998807907104,1.0,0.0,-0.04349999523162856
6191,0,2,70,13,1.0,-1.9999998807907104,1.0,0.0,-0.04349999523162856
6192,0,2,70,14,1.0,-1.9999998807907104,1.0,0.0,-0.04349999523162856
6193,0,2,70,15,1.0,-2.0,1.0,0.0,-0.043500000000000004
6194,0,2,70,16,1.0,-2.0,1.0,0.0,-0.043500000000000004
6195,0,2,70,17,1.0,-2.0,1.0,0.0,-0.043500000000000004
6196,0,2,70,18,1.0,-2.0,1.0,0.0,-0.043500000000000004
6197,0,2,70,19,1.0,-2.0,1.0,0.0,-0.043500000000000004
6198,0,2,70,20,1.0,-1.9999998807907104,1.0,0.0,-0.04349999523162856
6199,0,2,71,1,1.0,-1.999999761581421,1.0,0.0,-0.04349999046325741
6200,0,2,71,2,1.0,-1.999998927116394,1.0,0.0,-0.04349995708466728
6201,0,2,71,3,1.0,-1.999999761581421,1.0,0.0,-0.04349999046325741
6202,0,2,71,4,1.0,-1.9999996423721313,1.0,0.0,-0.043499985694886535
6203,0,2,71,5,1.0,-1.999999761581421,1.0,0.0,-0.04349999046325741
6204,0,2,71,6,1.0,-2.0,1.0,0.0,-0.043500000000000004
6205,0,2,71,7,1.0,-2.0,1.0,0.0,-0.043500000000000004
6206,0,2,71,8,1.0,-2.0,1.0,0.0,-0.043500000000000004
6207,0,2,71,9,1.0,-2.0,1.0,0.0,-0.043500000000000004
6208,0,2,71,10,1.0,-2.0,1.0,0.0,-0.043500000000000004
6209,0,2,71,11,1.0,-2.0,1.0,0.0,-0.043500000000000004
6210,0,2,71,12,1.0,-1.9999998807907104,1.0,0.0,-0.04349999523162856
6211,0,2,71,13,1.0,-1.9999998807907104,1.0,0.0,-0.04349999523162856
6212,0,2,71,14,1.0,-1.9999998807907104,1.0,0.0,-0.04349999523162856
6213,0,2,71,15,1.0,-2.0,1.0,0.0,-0.043500000000000004
6214,0,2,71,16,1.0,-2.0,1.0,0.0,-0.043500000000000004
6215,0,2,71,17,1.0,-2.0,1.0,0.0,-0.043500000000000004
6216,0,2,71,18,1.0,-2.0,1.0,0.0,-0.043500000000000004
6217,0,2,71,19,1.0,-2.0,1.0,0.0,-0.043500000000000004
6218,0,2,71,20,1.0,-1.9999998807907104,1.0,0.0,-0.04349999523162856
6219,0,2,72,1,1.0,-1.999999761581421,1.0,0.0,-0.04349999046325741
6220,0,2,72,2,1.0,-1.999998927116394,1.0,0.0,-0.04349995708466728
6221,0,2,72,3,1.0,-1.999999761581421,1.0,0.0,-0.04349999046325741
6222,0,2,72,4,1.0,-1.9999996423721313,1.0,0.0,-0.043499985694886535
6223,0,2,72,5,1.0,-1.999999761581421,1.0,0.0,-0.04349999046325741
6224,0,2,72,6,1.0,-2.0,1.0,0.0,-0.043500000000000004
6225,0,2,72,7,1.0,-2.0,1.0,0.0,-0.043500000000000004
6226,0,2,72,8,1.0,-2.0,1.0,0.0,-0.043500000000000004
6227,0,2,72,9,1.0,-2.0,1.0,0.0,-0.043500000000000004
6228,0,2,72,10,1.0,-2.0,1.0,0.0,-0.043500000000000004
6229,0,2,72,11,1.0,-1.9999998807907104,1.0,0.0,-0.04349999523162856
6230,0,2,72,12,1.0,-1.9999998807907104,1.0,0.0,-0.04349999523162856
6231,0,2,72,13,1.0,-1.9999998807907104,1.0,0.0,-0.04349999523162856
6232,0,2,72,14,1.0,-1.9999998807907104,1.0,0.0,-0.04349999523162856
6233,0,2,72,15,1.0,-2.0,1.0,0.0,-0.043500000000000004
6234,0,2,72,16,1.0,-2.0,1.0,0.0,-0.043500000000000004
6235,0,2,72,17,1.0,-2.0,1.0,0.0,-0.043500000000000004
6236,0,2,72,18,1.0,-2.0,1.0,0.0,-0.043500000000000004
6237,0,2,72,19,1.0,-2.0,1.0,0.0,-0.043500000000000004
6238,0,2,72,20,1.0,-1.9999998807907104,1.0,0.0,-0.04349999523162856
6239,0,2,73,1,1.0,-1.999999761581421,1.0,0.0,-0.04349999046325741
6240,0,2,73,2,1.0,-1.999998927116394,1.0,0.0,-0.04349995708466728
6241,0,2,73,3,1.0,-1.999999761581421,1.0,0.0,-0.04349999046325741
6242,0,2,73,4,1.0,-1.9999996423721313,1.0,0.0,-0.043499985694886535
6243,0,2,73,5,1.0,-1.999999761581421,1.0,0.0,-0.04349999046325741
6244,0,2,73,6,1.0,-2.0,1.0,0.0,-0.043500000000000004
6245,0,2,73,7,1.0,-2.0,1.0,0.0,-0.043500000000000004
6246,0,2,73,8,1.0,-2.0,1.0,0.0,-0.043500000000000004
6247,0,2,73,9,1.0,-2.0,1.0,0.0,-0.043500000000000004
6248,0,2,73,10,1.0,-2.0,1.0,0.0,-0.043500000000000004
6249,0,2,73,11,1.0,-1.9999998807907104,1.0,0.0,-0.04349999523162856
6250,0,2,73,12,1.0,-1.9999998807907104,1.0,0.0,-0.04349999523162856
6251,0,2,73,13,1.0,-1.9999998807907104,1.0,0.0,-0.04349999523162856
6252,0,2,73,14,1.0,-2.0,1.0,0.0,-0.043500000000000004
6253,0,2,73,15,1.0,-2.0,1.0,0.0,-0.043500000000000004
6254,0,2,73,16,1.0,-2.0,1.0,0.0,-0.043500000000000004
6255,0,2,73,17,1.0,-2.0,1.0,0.0,-0.043500000000000004
6256,0,2,73,18,1.0,-2.0,1.0,0.0,-0.043500000000000004
6257,0,2,73,19,1.0,-2.0,1.0,0.0,-0.043500000000000004
6258,0,2,73,20,1.0,-1.9999998807907104,1.0,0.0,-0.04349999523162856
6259,0,2,74,1,1.0,-1.999999761581421,1.0,0.0,-0.04349999046325741
6260,0,2,74,2,1.0,-1.999998927116394,1.0,0.0,-0.04349995708466728
6261,0,2,74,3,1.0,-1.999999761581421,1.0,0.0,-0.04349999046325741
6262,0,2,74,4,1.0,-1.9999996423721313,1.0,0.0,-0.043499985694886535
6263,0,2,74,5,1.0,-1.9999998807907104,1.0,0.0,-0.04349999523162856
6264,0,2,74,6,1.0,-2.0,1.0,0.0,-0.043500000000000004
6265,0,2,74,7,1.0,-2.0,1.0,0.0,-0.043500000000000004
6266,0,2,74,8,1.0,-2.0,1.0,0.0,-0.043500000000000004
6267,0,2,74,9,1.0,-2.0,1.0,0.0,-0.043500000000000004
6268,0,2,74,10,1.0,-2.0,1.0,0.0,-0.043500000000000004
6269,0,2,74,11,1.0,-1.9999998807907104,1.0,0.0,-0.04349999523162856
6270,0,2,74,12,1.0,-1.9999998807907104,1.0,0.0,-0.04349999523162856
6271,0,2,74,13,1.0,-1.9999998807907104,1.0,0.0,-0.04349999523162856
6272,0,2,74,14,1.0,-2.0,1.0,0.0,-0.043500000000000004
6273,0,2,74,15,1.0,-2.0,1.0,0.0,-0.043500000000000004
6274,0,2,74,16,1.0,-2.0,1.0,0.0,-0.043500000000000004
6275,0,2,74,17,1.0,-2.0,1.0,0.0,-0.043500000000000004
6276,0,2,74,18,1.0,-2.0,1.0,0.0,-0.043500000000000004
6277,0,2,74,19,1.0,-2.0,1.0,0.0,-0.043500000000000004
6278,0,2,74,20,1.0,-1.9999998807907104,1.0,0.0,-0.04349999523162856
6279,0,2,75,1,1.0,-1.999999761581421,1.0,0.0,-0.04349999046325741
6280,0,2,75,2,1.0,-1.999998927116394,1.0,0.0,-0.04349995708466728
6281,0,2,75,3,1.0,-1.999999761581421,1.0,0.0,-0.04349999046325741
6282,0,2,75,4,1.0,-1.9999996423721313,1.0,0.0,-0.043499985694886535
6283,0,2,75,5,1.0,-1.9999998807907104,1.0,0.0,-0.04349999523162856
6284,0,2,75,6,1.0,-2.0,1.0,0.0,-0.043500000000000004
6285,0,2,75,7,1.0,-2.0,1.0,0.0,-0.043500000000000004
6286,0,2,75,8,1.0,-2.0,1.0,0.0,-0.043500000000000004
6287,0,2,75,9,1.0,-2.0,1.0,0.0,-0.043500000000000004
6288,0,2,75,10,1.0,-2.0,1.0,0.0,-0.043500000000000004
6289,0,2,75,11,1.0,-1.9999998807907104,1.0,0.0,-0.04349999523162856
6290,0,2,75,12,1.0,-1.9999998807907104,1.0,0.0,-0.04349999523162856
6291,0,2,75,13,1.0,-1.9999998807907104,1.0,0.0,-0.04349999523162856
6292,0,2,75,14,1.0,-2.0,1.0,0.0,-0.043500000000000004
6293,0,2,75,15,1.0,-2.0,1.0,0.0,-0.043500000000000004
6294,0,2,75,16,1.0,-2.0,1.0,0.0,-0.043500000000000004
6295,0,2,75,17,1.0,-2.0,1.0,0.0,-0.043500000000000004
6296,0,2,75,18,1.0,-2.0,1.0,0.0,-0.043500000000000004
6297,0,2,75,19,1.0,-2.0,1.0,0.0,-0.043500000000000004
6298,0,2,75,20,1.0,-1.9999998807907104,1.0,0.0,-0.04349999523162856
6299,0,2,76,1,1.0,-1.999999761581421,1.0,0.0,-0.04349999046325741
6300,0,2,76,2,1.0,-1.999998927116394,1.0,0.0,-0.04349995708466728
6301,0,2,76,3,1.0,-1.999999761581421,1.0,0.0,-0.04349999046325741
6302,0,2,76,4,1.0,-1.9999996423721313,1.0,0.0,-0.043499985694886535
6303,0,2,76,5,1.0,-1.9999998807907104,1.0,0.0,-0.04349999523162856
6304,0,2,76,6,1.0,-2.0,1.0,0.0,-0.043500000000000004
6305,0,2,76,7,1.0,-2.0,1.0,0.0,-0.043500000000000004
6306,0,2,76,8,1.0,-2.0,1.0,0.0,-0.043500000000000004
6307,0,2,76,9,1.0,-2.0,1.0,0.0,-0.043500000000000004
6308,0,2,76,10,1.0,-2.0,1.0,0.0,-0.043500000000000004
6309,0,2,76,11,1.0,-1.9999998807907104,1.0,0.0,-0.04349999523162856
6310,0,2,76,12,1.0,-1.9999998807907104,1.0,0.0,-0.04349999523162856
6311,0,2,76,13,1.0,-2.0,1.0,0.0,-0.043500000000000004
6312,0,2,76,14,1.0,-2.0,1.0,0.0,-0.043500000000000004
6313,0,2,76,15,1.0,-2.0,1.0,0.0,-0.043500000000000004
6314,0,2,76,16,1.0,-2.0,1.0,0.0,-0.043500000000000004
6315,0,2,76,17,1.0,-2.0,1.0,0.0,-0.043500000000000004
6316,0,2,76,18,1.0,-2.0,1.0,0.0,-0.043500000000000004
6317,0,2,76,19,1.0,-2.0,1.0,0.0,-0.043500000000000004
6318,0,2,76,20,1.0,-1.9999998807907104,1.0,0.0,-0.04349999523162856
6319,0,2,77,1,1.0,-1.9999998807907104,1.0,0.0,-0.04349999523162856
6320,0,2,77,2,1.0,-1.999998927116394,1.0,0.0,-0.04349995708466728
6321,0,2,77,3,1.0,-1.999999761581421,1.0,0.0,-0.04349999046325741
6322,0,2,77,4,1.0,-1.999999761581421,1.0,0.0,-0.04349999046325741
6323,0,2,77,5,1.0,-1.9999998807907104,1.0,0.0,-0.04349999523162856
6324,0,2,77,6,1.0,-2.0,1.0,0.0,-0.043500000000000004
6325,0,2,77,7,1.0,-2.0,1.0,0.0,-0.043500000000000004
6326,0,2,77,8,1.0,-2.0,1.0,0.0,-0.043500000000000004
6327,0,2,77,9,1.0,-2.0,1.0,0.0,-0.043500000000000004
6328,0,2,77,10,1.0,-2.0,1.0,0.0,-0.043500000000000004
6329,0,2,77,11,1.0,-2.0,1.0,0.0,-0.043500000000000004
6330,0,2,77,12,1.0,-2.0,1.0,0.0,-0.043500000000000004
6331,0,2,77,13,1.0,-2.0,1.0,0.0,-0.043500000000000004
6332,0,2,77,14,1.0,-2.0,1.0,0.0,-0.043500000000000004
6333,0,2,77,15,1.0,-2.0,1.0,0.0,-0.043500000000000004
6334,0,2,77,16,1.0,-2.0,1.0,0.0,-0.043500000000000004
6335,0,2,77,17,1.0,-2.0,1.0,0.0,-0.043500000000000004
6336,0,2,77,18,1.0,-2.0,1.0,0.0,-0.043500000000000004
6337,0,2,77,19,1.0,-2.0,1.0,0.0,-0.043500000000000004
6338,0,2,77,20,1.0,-2.0,1.0,0.0,-0.043500000000000004
6339,0,2,78,1,1.0,-1.9999998807907104,1.0,0.0,-0.04349999523162856
6340,0,2,78,2,1.0,-1.999998927116394,1.0,0.0,-0.04349995708466728
6341,0,2,78,3,1.0,-1.9999998807907104,1.0,0.0,-0.04349999523162856
6342,0,2,78,4,1.0,-1.999999761581421,1.0,0.0,-0.04349999046325741
6343,0,2,78,5,1.0,-1.9999998807907104,1.0,0.0,-0.04349999523162856
6344,0,2,78,6,1.0,-2.0,1.0,0.0,-0.043500000000000004
6345,0,2,78,7,1.0,-2.0,1.0,0.0,-0.043500000000000004
6346,0,2,78,8,1.0,-2.0,1.0,0.0,-0.043500000000000004
6347,0,2,78,9,1.0,-2.0,1.0,0.0,-0.043500000000000004
6348,0,2,78,10,1.0,-2.0,1.0,0.0,-0.043500000000000004
6349,0,2,78,11,1.0,-2.0,1.0,0.0,-0.043500000000000004
6350,0,2,78,12,1.0,-2.0,1.0,0.0,-0.043500000000000004
6351,0,2,78,13,1.0,-2.0,1.0,0.0,-0.043500000000000004
6352,0,2,78,14,1.0,-2.0,1.0,0.0,-0.043500000000000004
6353,0,2,78,15,1.0,-2.0,1.0,0.0,-0.043500000000000004
6354,0,2,78,16,1.0,-2.0,1.0,0.0,-0.043500000000000004
6355,0,2,78,17,1.0,-2.0,1.0,0.0,-0.043500000000000004
6356,0,2,78,18,1.0,-2.0,1.0,0.0,-0.043500000000000004
6357,0,2,78,19,1.0,-2.0,1.0,0.0,-0.043500000000000004
6358,0,2,78,20,1.0,-2.0,1.0,0.0,-0.043500000000000004
6359,0,2,79,1,1.0,-1.9999998807907104,1.0,0.0,-0.04349999523162856
6360,0,2,79,2,1.0,-1.999998927116394,1.0,0.0,-0.04349995708466728
6361,0,2,79,3,1.0,-1.9999998807907104,1.0,0.0,-0.04349999523162856
6362,0,2,79,4,1.0,-1.999999761581421,1.0,0.0,-0.04349999046325741
6363,0,2,79,5,1.0,-1.9999998807907104,1.0,0.0,-0.04349999523162856
6364,0,2,79,6,1.0,-2.0,1.0,0.0,-0.043500000000000004
6365,0,2,79,7,1.0,-2.0,1.0,0.0,-0.043500000000000004
6366,0,2,79,8,1.0,-2.0,1.0,0.0,-0.043500000000000004
6367,0,2,79,9,1.0,-2.0,1.0,0.0,-0.043500000000000004
6368,0,2,79,10,1.0,-2.0,1.0,0.0,-0.043500000000000004
6369,0,2,79,11,1.0,-2.0,1.0,0.0,-0.043500000000000004
6370,0,2,79,12,1.0,-2.0,1.0,0.0,-0.043500000000000004
6371,0,2,79,13,1.0,-2.0,1.0,0.0,-0.043500000000000004
6372,0,2,79,14,1.0,-2.0,1.0,0.0,-0.043500000000000004
6373,0,2,79,15,1.0,-2.0,1.0,0.0,-0.043500000000000004
6374,0,2,79,16,1.0,-2.0,1.0,0.0,-0.043500000000000004
6375,0,2,79,17,1.0,-2.0,1.0,0.0,-0.043500000000000004
6376,0,2,79,18,1.0,-2.0,1.0,0.0,-0.043500000000000004
6377,0,2,79,19,1.0,-2.0,1.0,0.0,-0.043500000000000004
6378,0,2,79,20,1.0,-2.0,1.0,0.0,-0.043500000000000004
6379,0,2,80,1,1.0,-1.9999998807907104,1.0,0.0,-0.04349999523162856
6380,0,2,80,2,1.0,-1.999998927116394,1.0,0.0,-0.04349995708466728
6381,0,2,80,3,1.0,-1.9999998807907104,1.0,0.0,-0.04349999523162856
6382,0,2,80,4,1.0,-1.999999761581421,1.0,0.0,-0.04349999046325741
6383,0,2,80,5,1.0,-1.9999998807907104,1.0,0.0,-0.04349999523162856
6384,0,2,80,6,1.0,-1.9999998807907104,1.0,0.0,-0.04349999523162856
6385,0,2,80,7,1.0,-2.0,1.0,0.0,-0.043500000000000004
6386,0,2,80,8,1.0,-2.0,1.0,0.0,-0.043500000000000004
6387,0,2,80,9,1.0,-2.0,1.0,0.0,-0.043500000000000004
6388,0,2,80,10,1.0,-2.0,1.0,0.0,-0.043500000000000004
6389,0,2,80,11,1.0,-2.0,1.0,0.0,-0.043500000000000004
6390,0,2,80,12,1.0,-2.0,1.0,0.0,-0.043500000000000004
6391,0,2,80,13,1.0,-2.0,1.0,0.0,-0.043500000000000004
6392,0,2,80,14,1.0,-1.9999998807907104,1.0,0.0,-0.04349999523162856
6393,0,2,80,15,1.0,-1.9999998807907104,1.0,0.0,-0.04349999523162856
6394,0,2,80,16,1.0,-2.0,1.0,0.0,-0.043500000000000004
6395,0,2,80,17,1.0,-2.0,1.0,0.0,-0.043500000000000004
6396,0,2,80,18,1.0,-2.0,1.0,0.0,-0.043500000000000004
6397,0,2,80,19,1.0,-2.0,1.0,0.0,-0.043500000000000004
6398,0,2,80,20,1.0,-2.0,1.0,0.0,-0.043500000000000004
6399,0,2,81,1,1.0,-1.9999998807907104,1.0,0.0,-0.04349999523162856
6400,0,2,81,2,1.0,-1.999998927116394,1.0,0.0,-0.04349995708466728
6401,0,2,81,3,1.0,-1.9999998807907104,1.0,0.0,-0.04349999523162856
6402,0,2,81,4,1.0,-1.999999761581421,1.0,0.0,-0.04349999046325741
6403,0,2,81,5,1.0,-1.999999761581421,1.0,0.0,-0.04349999046325741
6404,0,2,81,6,1.0,-1.9999998807907104,1.0,0.0,-0.04349999523162856
6405,0,2,81,7,1.0,-2.0,1.0,0.0,-0.043500000000000004
6406,0,2,81,8,1.0,-2.0,1.0,0.0,-0.043500000000000004
6407,0,2,81,9,1.0,-2.0,1.0,0.0,-0.043500000000000004
6408,0,2,81,10,1.0,-2.0,1.0,0.0,-0.043500000000000004
6409,0,2,81,11,1.0,-2.0,1.0,0.0,-0.043500000000000004
6410,0,2,81,12,1.0,-2.0,1.0,0.0,-0.043500000000000004
6411,0,2,81,13,1.0,-1.9999998807907104,1.0,0.0,-0.04349999523162856
6412,0,2,81,14,1.0,-1.9999998807907104,1.0,0.0,-0.04349999523162856
6413,0,2,81,15,1.0,-1.9999998807907104,1.0,0.0,-0.04349999523162856
6414,0,2,81,16,1.0,-2.0,1.0,0.0,-0.043500000000000004
6415,0,2,81,17,1.0,-2.0,1.0,0.0,-0.043500000000000004
6416,0,2,81,18,1.0,-2.0,1.0,0.0,-0.043500000000000004
6417,0,2,81,19,1.0,-2.0,1.0,0.0,-0.043500000000000004
6418,0,2,81,20,1.0,-2.0,1.0,0.0,-0.043500000000000004
6419,0,2,82,1,1.0,-1.9999998807907104,1.0,0.0,-0.04349999523162856
6420,0,2,82,2,1.0,-1.999998927116394,1.0,0.0,-0.04349995708466728
6421,0,2,82,3,1.0,-1.9999998807907104,1.0,0.0,-0.04349999523162856
6422,0,2,82,4,1.0,-1.9999996423721313,1.0,0.0,-0.043499985694886535
6423,0,2,82,5,1.0,-1.999999761581421,1.0,0.0,-0.04349999046325741
6424,0,2,82,6,1.0,-1.9999998807907104,1.0,0.0,-0.04349999523162856
6425,0,2,82,7,1.0,-2.0,1.0,0.0,-0.043500000000000004
6426,0,2,82,8,1.0,-2.0,1.0,0.0,-0.043500000000000004
6427,0,2,82,9,1.0,-2.0,1.0,0.0,-0.043500000000000004
6428,0,2,82,10,1.0,-2.0,1.0,0.0,-0.043500000000000004
6429,0,2,82,11,1.0,-2.0,1.0,0.0,-0.043500000000000004
6430,0,2,82,12,1.0,-2.0,1.0,0.0,-0.043500000000000004
6431,0,2,82,13,1.0,-1.9999998807907104,1.0,0.0,-0.04349999523162856
6432,0,2,82,14,1.0,-1.9999998807907104,1.0,0.0,-0.04349999523162856
6433,0,2,82,15,1.0,-1.9999998807907104,1.0,0.0,-0.04349999523162856
6434,0,2,82,16,1.0,-2.0,1.0,0.0,-0.043500000000000004
6435,0,2,82,17,1.0,-2.0,1.0,0.0,-0.043500000000000004
6436,0,2,82,18,1.0,-2.0,1.0,0.0,-0.043500000000000004
6437,0,2,82,19,1.0,-2.0,1.0,0.0,-0.043500000000000004
6438,0,2,82,20,1.0,-2.0,1.0,0.0,-0.043500000000000004
6439,0,2,83,1,1.0,-1.9999998807907104,1.0,0.0,-0.04349999523162856
6440,0,2,83,2,1.0,-1.999998927116394,1.0,0.0,-0.04349995708466728
6441,0,2,83,3,1.0,-1.9999998807907104,1.0,0.0,-0.04349999523162856
6442,0,2,83,4,1.0,-1.9999996423721313,1.0,0.0,-0.043499985694886535
6443,0,2,83,5,1.0,-1.999999761581421,1.0,0.0,-0.04349999046325741
6444,0,2,83,6,1.0,-1.9999998807907104,1.0,0.0,-0.04349999523162856
6445,0,2,83,7,1.0,-2.0,1.0,0.0,-0.043500000000000004
6446,0,2,83,8,1.0,-2.0,1.0,0.0,-0.043500000000000004
6447,0,2,83,9,1.0,-2.0,1.0,0.0,-0.043500000000000004
6448,0,2,83,10,1.0,-2.0,1.0,0.0,-0.043500000000000004
6449,0,2,83,11,1.0,-2.0,1.0,0.0,-0.043500000000000004
6450,0,2,83,12,1.0,-2.0,1.0,0.0,-0.043500000000000004
6451,0,2,83,13,1.0,-1.9999998807907104,1.0,0.0,-0.04349999523162856
6452,0,2,83,14,1.0,-1.9999998807907104,1.0,0.0,-0.04349999523162856
6453,0,2,83,15,1.0,-1.9999998807907104,1.0,0.0,-0.04349999523162856
6454,0,2,83,16,1.0,-2.0,1.0,0.0,-0.043500000000000004
6455,0,2,83,17,1.0,-2.0,1.0,0.0,-0.043500000000000004
6456,0,2,83,18,1.0,-2.0,1.0,0.0,-0.043500000000000004
6457,0,2,83,19,1.0,-2.0,1.0,0.0,-0.043500000000000004
6458,0,2,83,20,1.0,-2.0,1.0,0.0,-0.043500000000000004
6459,0,2,84,1,1.0,-1.999999761581421,1.0,0.0,-0.04349999046325741
6460,0,2,84,2,1.0,-1.999998927116394,1.0,0.0,-0.04349995708466728
6461,0,2,84,3,1.0,-1.9999998807907104,1.0,0.0,-0.04349999523162856
6462,0,2,84,4,1.0,-1.9999996423721313,1.0,0.0,-0.043499985694886535
6463,0,2,84,5,1.0,-1.999999761581421,1.0,0.0,-0.04349999046325741
6464,0,2,84,6,1.0,-1.9999998807907104,1.0,0.0,-0.04349999523162856
6465,0,2,84,7,1.0,-2.0,1.0,0.0,-0.043500000000000004
6466,0,2,84,8,1.0,-2.0,1.0,0.0,-0.043500000000000004
6467,0,2,84,9,1.0,-2.0,1.0,0.0,-0.043500000000000004
6468,0,2,84,10,1.0,-2.0,1.0,0.0,-0.043500000000000004
6469,0,2,84,11,1.0,-2.0,1.0,0.0,-0.043500000000000004
6470,0,2,84,12,1.0,-1.9999998807907104,1.0,0.0,-0.04349999523162856
6471,0,2,84,13,1.0,-1.9999998807907104,1.0,0.0,-0.04349999523162856
6472,0,2,84,14,1.0,-1.9999998807907104,1.0,0.0,-0.04349999523162856
6473,0,2,84,15,1.0,-1.9999998807907104,1.0,0.0,-0.04349999523162856
6474,0,2,84,16,1.0,-2.0,1.0,0.0,-0.043500000000000004
6475,0,2,84,17,1.0,-2.0,1.0,0.0,-0.043500000000000004
6476,0,2,84,18,1.0,-2.0,1.0,0.0,-0.043500000000000004
6477,0,2,84,19,1.0,-2.0,1.0,0.0,-0.043500000000000004
6478,0,2,84,20,1.0,-2.0,1.0,0.0,-0.043500000000000004
6479,0,2,85,1,1.0,-1.999999761581421,1.0,0.0,-0.04349999046325741
6480,0,2,85,2,1.0,-1.999998927116394,1.0,0.0,-0.04349995708466728
6481,0,2,85,3,1.0,-1.999999761581421,1.0,0.0,-0.04349999046325741
6482,0,2,85,4,1.0,-1.9999996423721313,1.0,0.0,-0.043499985694886535
6483,0,2,85,5,1.0,-1.999999761581421,1.0,0.0,-0.04349999046325741
6484,0,2,85,6,1.0,-1.9999998807907104,1.0,0.0,-0.04349999523162856
6485,0,2,85,7,1.0,-2.0,1.0,0.0,-0.043500000000000004
6486,0,2,85,8,1.0,-2.0,1.0,0.0,-0.043500000000000004
6487,0,2,85,9,1.0,-2.0,1.0,0.0,-0.043500000000000004
6488,0,2,85,10,1.0,-2.0,1.0,0.0,-0.043500000000000004
6489,0,2,85,11,1.0,-2.0,1.0,0.0,-0.043500000000000004
6490,0,2,85,12,1.0,-1.9999998807907104,1.0,0.0,-0.04349999523162856
6491,0,2,85,13,1.0,-1.9999998807907104,1.0,0.0,-0.04349999523162856
6492,0,2,85,14,1.0,-1.9999998807907104,1.0,0.0,-0.04349999523162856
6493,0,2,85,15,1.0,-2.0,1.0,0.0,-0.043500000000000004
6494,0,2,85,16,1.0,-2.0,1.0,0.0,-0.043500000000000004
6495,0,2,85,17,1.0,-2.0,1.0,0.0,-0.043500000000000004
6496,0,2,85,18,1.0,-2.0,1.0,0.0,-0.043500000000000004
6497,0,2,85,19,1.0,-2.0,1.0,0.0,-0.043500000000000004
6498,0,2,85,20,1.0,-2.0,1.0,0.0,-0.043500000000000004
6499,0,2,86,1,1.0,-1.999999761581421,1.0,0.0,-0.04349999046325741
6500,0,2,86,2,1.0,-1.999998927116394,1.0,0.0,-0.04349995708466728
6501,0,2,86,3,1.0,-1.999999761581421,1.0,0.0,-0.04349999046325741
6502,0,2,86,4,1.0,-1.9999996423721313,1.0,0.0,-0.043499985694886535
6503,0,2,86,5,1.0,-1.999999761581421,1.0,0.0,-0.04349999046325741
6504,0,2,86,6,1.0,-1.9999998807907104,1.0,0.0,-0.04349999523162856
6505,0,2,86,7,1.0,-2.0,1.0,0.0,-0.043500000000000004
6506,0,2,86,8,1.0,-2.0,1.0,0.0,-0.043500000000000004
6507,0,2,86,9,1.0,-2.0,1.0,0.0,-0.043500000000000004
6508,0,2,86,10,1.0,-2.0,1.0,0.0,-0.043500000000000004
6509,0,2,86,11,1.0,-2.0,1.0,0.0,-0.043500000000000004
6510,0,2,86,12,1.0,-1.9999998807907104,1.0,0.0,-0.04349999523162856
6511,0,2,86,13,1.0,-1.9999998807907104,1.0,0.0,-0.04349999523162856
6512,0,2,86,14,1.0,-1.9999998807907104,1.0,0.0,-0.04349999523162856
6513,0,2,86,15,1.0,-2.0,1.0,0.0,-0.043500000000000004
6514,0,2,86,16,1.0,-2.0,1.0,0.0,-0.043500000000000004
6515,0,2,86,17,1.0,-2.0,1.0,0.0,-0.043500000000000004
6516,0,2,86,18,1.0,-2.0,1.0,0.0,-0.043500000000000004
6517,0,2,86,19,1.0,-2.0,1.0,0.0,-0.043500000000000004
6518,0,2,86,20,1.0,-1.9999998807907104,1.0,0.0,-0.04349999523162856
6519,0,2,87,1,1.0,-1.999999761581421,1.0,0.0,-0.04349999046325741
6520,0,2,87,2,1.0,-1.999998927116394,1.0,0.0,-0.04349995708466728
6521,0,2,87,3,1.0,-1.999999761581421,1.0,0.0,-0.04349999046325741
6522,0,2,87,4,1.0,-1.9999996423721313,1.0,0.0,-0.043499985694886535
6523,0,2,87,5,1.0,-1.999999761581421,1.0,0.0,-0.04349999046325741
6524,0,2,87,6,1.0,-2.0,1.0,0.0,-0.043500000000000004
6525,0,2,87,7,1.0,-2.0,1.0,0.0,-0.043500000000000004
6526,0,2,87,8,1.0,-2.0,1.0,0.0,-0.043500000000000004
6527,0,2,87,9,1.0,-2.0,1.0,0.0,-0.043500000000000004
6528,0,2,87,10,1.0,-2.0,1.0,0.0,-0.043500000000000004
6529,0,2,87,11,1.0,-1.9999998807907104,1.0,0.0,-0.04349999523162856
6530,0,2,87,12,1.0,-1.9999998807907104,1.0,0.0,-0.04349999523162856
6531,0,2,87,13,1.0,-1.9999998807907104,1.0,0.0,-0.04349999523162856
6532,0,2,87,14,1.0,-1.9999998807907104,1.0,0.0,-0.04349999523162856
6533,0,2,87,15,1.0,-2.0,1.0,0.0,-0.043500000000000004
6534,0,2,87,16,1.0,-2.0,1.0,0.0,-0.043500000000000004
6535,0,2,87,17,1.0,-2.0,1.0,0.0,-0.043500000000000004
6536,0,2,87,18,1.0,-2.0,1.0,0.0,-0.043500000000000004
6537,0,2,87,19,1.0,-2.0,1.0,0.0,-0.043500000000000004
6538,0,2,87,20,1.0,-1.9999998807907104,1.0,0.0,-0.04349999523162856
6539,0,2,88,1,1.0,-1.999999761581421,1.0,0.0,-0.04349999046325741
6540,0,2,88,2,1.0,-1.999998927116394,1.0,0.0,-0.04349995708466728
6541,0,2,88,3,1.0,-1.999999761581421,1.0,0.0,-0.04349999046325741
6542,0,2,88,4,1.0,-1.9999996423721313,1.0,0.0,-0.043499985694886535
6543,0,2,88,5,1.0,-1.999999761581421,1.0,0.0,-0.04349999046325741
6544,0,2,88,6,1.0,-2.0,1.0,0.0,-0.043500000000000004
6545,0,2,88,7,1.0,-2.0,1.0,0.0,-0.043500000000000004
6546,0,2,88,8,1.0,-2.0,1.0,0.0,-0.043500000000000004
6547,0,2,88,9,1.0,-2.0,1.0,0.0,-0.043500000000000004
6548,0,2,88,10,1.0,-2.0,1.0,0.0,-0.043500000000000004
6549,0,2,88,11,1.0,-1.9999998807907104,1.0,0.0,-0.04349999523162856
6550,0,2,88,12,1.0,-1.9999998807907104,1.0,0.0,-0.04349999523162856
6551,0,2,88,13,1.0,-1.9999998807907104,1.0,0.0,-0.04349999523162856
6552,0,2,88,14,1.0,-1.9999998807907104,1.0,0.0,-0.04349999523162856
6553,0,2,88,15,1.0,-2.0,1.0,0.0,-0.043500000000000004
6554,0,2,88,16,1.0,-2.0,1.0,0.0,-0.043500000000000004
6555,0,2,88,17,1.0,-2.0,1.0,0.0,-0.043500000000000004
6556,0,2,88,18,1.0,-2.0,1.0,0.0,-0.043500000000000004
6557,0,2,88,19,1.0,-2.0,1.0,0.0,-0.043500000000000004
6558,0,2,88,20,1.0,-1.9999998807907104,1.0,0.0,-0.04349999523162856
6559,0,2,89,1,1.0,-1.999999761581421,1.0,0.0,-0.04349999046325741
6560,0,2,89,2,1.0,-1.999998927116394,1.0,0.0,-0.04349995708466728
6561,0,2,89,3,1.0,-1.999999761581421,1.0,0.0,-0.04349999046325741
6562,0,2,89,4,1.0,-1.9999996423721313,1.0,0.0,-0.043499985694886535
6563,0,2,89,5,1.0,-1.999999761581421,1.0,0.0,-0.04349999046325741
6564,0,2,89,6,1.0,-2.0,1.0,0.0,-0.043500000000000004
6565,0,2,89,7,1.0,-2.0,1.0,0.0,-0.043500000000000004
6566,0,2,89,8,1.0,-2.0,1.0,0.0,-0.043500000000000004
6567,0,2,89,9,1.0,-2.0,1.0,0.0,-0.043500000000000004
6568,0,2,89,10,1.0,-2.0,1.0,0.0,-0.043500000000000004
6569,0,2,89,11,1.0,-1.9999998807907104,1.0,0.0,-0.04349999523162856
6570,0,2,89,12,1.0,-1.9999998807907104,1.0,0.0,-0.04349999523162856
6571,0,2,89,13,1.0,-1.9999998807907104,1.0,0.0,-0.04349999523162856
6572,0,2,89,14,1.0,-2.0,1.0,0.0,-0.043500000000000004
6573,0,2,89,15,1.0,-2.0,1.0,0.0,-0.043500000000000004
6574,0,2,89,16,1.0,-2.0,1.0,0.0,-0.043500000000000004
6575,0,2,89,17,1.0,-2.0,1.0,0.0,-0.043500000000000004
6576,0,2,89,18,1.0,-2.0,1.0,0.0,-0.043500000000000004
6577,0,2,89,19,1.0,-2.0,1.0,0.0,-0.043500000000000004
6578,0,2,89,20,1.0,-1.9999998807907104,1.0,0.0,-0.04349999523162856
6579,0,2,90,1,1.0,-1.999999761581421,1.0,0.0,-0.04349999046325741
6580,0,2,90,2,1.0,-1.999998927116394,1.0,0.0,-0.04349995708466728
6581,0,2,90,3,1.0,-1.999999761581421,1.0,0.0,-0.04349999046325741
6582,0,2,90,4,1.0,-1.9999996423721313,1.0,0.0,-0.043499985694886535
6583,0,2,90,5,1.0,-1.9999998807907104,1.0,0.0,-0.04349999523162856
6584,0,2,90,6,1.0,-2.0,1.0,0.0,-0.043500000000000004
6585,0,2,90,7,1.0,-2.0,1.0,0.0,-0.043500000000000004
6586,0,2,90,8,1.0,-2.0,1.0,0.0,-0.043500000000000004
6587,0,2,90,9,1.0,-2.0,1.0,0.0,-0.043500000000000004
6588,0,2,90,10,1.0,-2.0,1.0,0.0,-0.043500000000000004
6589,0,2,90,11,1.0,-1.9999998807907104,1.0,0.0,-0.04349999523162856
6590,0,2,90,12,1.0,-1.9999998807907104,1.0,0.0,-0.04349999523162856
6591,0,2,90,13,1.0,-1.9999998807907104,1.0,0.0,-0.04349999523162856
6592,0,2,90,14,1.0,-2.0,1.0,0.0,-0.043500000000000004
6593,0,2,90,15,1.0,-2.0,1.0,0.0,-0.043500000000000004
6594,0,2,90,16,1.0,-2.0,1.0,0.0,-0.043500000000000004
6595,0,2,90,17,1.0,-2.0,1.0,0.0,-0.043500000000000004
6596,0,2,90,18,1.0,-2.0,1.0,0.0,-0.043500000000000004
6597,0,2,90,19,1.0,-2.0,1.0,0.0,-0.043500000000000004
6598,0,2,90,20,1.0,-1.9999998807907104,1.0,0.0,-0.04349999523162856
6599,0,2,91,1,1.0,-1.999999761581421,1.0,0.0,-0.04349999046325741
6600,0,2,91,2,1.0,-1.999998927116394,1.0,0.0,-0.04349995708466728
6601,0,2,91,3,1.0,-1.999999761581421,1.0,0.0,-0.04349999046325741
6602,0,2,91,4,1.0,-1.9999996423721313,1.0,0.0,-0.043499985694886535
6603,0,2,91,5,1.0,-1.9999998807907104,1.0,0.0,-0.04349999523162856
6604,0,2,91,6,1.0,-2.0,1.0,0.0,-0.043500000000000004
6605,0,2,91,7,1.0,-2.0,1.0,0.0,-0.043500000000000004
6606,0,2,91,8,1.0,-2.0,1.0,0.0,-0.043500000000000004
6607,0,2,91,9,1.0,-2.0,1.0,0.0,-0.043500000000000004
6608,0,2,91,10,1.0,-2.0,1.0,0.0,-0.043500000000000004
6609,0,2,91,11,1.0,-1.9999998807907104,1.0,0.0,-0.04349999523162856
6610,0,2,91,12,1.0,-1.9999998807907104,1.0,0.0,-0.04349999523162856
6611,0,2,91,13,1.0,-1.9999998807907104,1.0,0.0,-0.04349999523162856
6612,0,2,91,14,1.0,-2.0,1.0,0.0,-0.043500000000000004
6613,0,2,91,15,1.0,-2.0,1.0,0.0,-0.043500000000000004
6614,0,2,91,16,1.0,-2.0,1.0,0.0,-0.043500000000000004
6615,0,2,91,17,1.0,-2.0,1.0,0.0,-0.043500000000000004
6616,0,2,91,18,1.0,-2.0,1.0,0.0,-0.043500000000000004
6617,0,2,91,19,1.0,-2.0,1.0,0.0,-0.043500000000000004
6618,0,2,91,20,1.0,-1.9999998807907104,1.0,0.0,-0.04349999523162856
6619,0,2,92,1,1.0,-1.999999761581421,1.0,0.0,-0.04349999046325741
6620,0,2,92,2,1.0,-1.999998927116394,1.0,0.0,-0.04349995708466728
6621,0,2,92,3,1.0,-1.999999761581421,1.0,0.0,-0.04349999046325741
6622,0,2,92,4,1.0,-1.9999996423721313,1.0,0.0,-0.043499985694886535
6623,0,2,92,5,1.0,-1.9999998807907104,1.0,0.0,-0.04349999523162856
6624,0,2,92,6,1.0,-2.0,1.0,0.0,-0.043500000000000004
6625,0,2,92,7,1.0,-2.0,1.0,0.0,-0.043500000000000004
6626,0,2,92,8,1.0,-2.0,1.0,0.0,-0.043500000000000004
6627,0,2,92,9,1.0,-2.0,1.0,0.0,-0.043500000000000004
6628,0,2,92,10,1.0,-2.0,1.0,0.0,-0.043500000000000004
6629,0,2,92,11,1.0,-1.9999998807907104,1.0,0.0,-0.04349999523162856
6630,0,2,92,12,1.0,-1.9999998807907104,1.0,0.0,-0.04349999523162856
6631,0,2,92,13,1.0,-2.0,1.0,0.0,-0.043500000000000004
6632,0,2,92,14,1.0,-2.0,1.0,0.0,-0.043500000000000004
6633,0,2,92,15,1.0,-2.0,1.0,0.0,-0.043500000000000004
6634,0,2,92,16,1.0,-2.0,1.0,0.0,-0.043500000000000004
6635,0,2,92,17,1.0,-2.0,1.0,0.0,-0.043500000000000004
6636,0,2,92,18,1.0,-2.0,1.0,0.0,-0.043500000000000004
6637,0,2,92,19,1.0,-2.0,1.0,0.0,-0.043500000000000004
6638,0,2,92,20,1.0,-2.0,1.0,0.0,-0.043500000000000004
6639,0,2,93,1,1.0,-1.9999998807907104,1.0,0.0,-0.04349999523162856
6640,0,2,93,2,1.0,-1.999998927116394,1.0,0.0,-0.04349995708466728
6641,0,2,93,3,1.0,-1.999999761581421,1.0,0.0,-0.04349999046325741
6642,0,2,93,4,1.0,-1.999999761581421,1.0,0.0,-0.04349999046325741
6643,0,2,93,5,1.0,-1.9999998807907104,1.0,0.0,-0.04349999523162856
6644,0,2,93,6,1.0,-2.0,1.0,0.0,-0.043500000000000004
6645,0,2,93,7,1.0,-2.0,1.0,0.0,-0.043500000000000004
6646,0,2,93,8,1.0,-2.0,1.0,0.0,-0.043500000000000004
6647,0,2,93,9,1.0,-2.0,1.0,0.0,-0.043500000000000004
6648,0,2,93,10,1.0,-2.0,1.0,0.0,-0.043500000000000004
6649,0,2,93,11,1.0,-2.0,1.0,0.0,-0.043500000000000004
6650,0,2,93,12,1.0,-2.0,1.0,0.0,-0.043500000000000004
6651,0,2,93,13,1.0,-2.0,1.0,0.0,-0.043500000000000004
6652,0,2,93,14,1.0,-2.0,1.0,0.0,-0.043500000000000004
6653,0,2,93,15,1.0,-2.0,1.0,0.0,-0.043500000000000004
6654,0,2,93,16,1.0,-2.0,1.0,0.0,-0.043500000000000004
6655,0,2,93,17,1.0,-2.0,1.0,0.0,-0.043500000000000004
6656,0,2,93,18,1.0,-2.0,1.0,0.0,-0.043500000000000004
6657,0,2,93,19,1.0,-2.0,1.0,0.0,-0.043500000000000004
6658,0,2,93,20,1.0,-2.0,1.0,0.0,-0.043500000000000004
6659,0,2,94,1,1.0,-1.9999998807907104,1.0,0.0,-0.04349999523162856
6660,0,2,94,2,1.0,-1.999998927116394,1.0,0.0,-0.04349995708466728
6661,0,2,94,3,1.0,-1.9999998807907104,1.0,0.0,-0.04349999523162856
6662,0,2,94,4,1.0,-1.999999761581421,1.0,0.0,-0.04349999046325741
6663,0,2,94,5,1.0,-1.9999998807907104,1.0,0.0,-0.04349999523162856
6664,0,2,94,6,1.0,-2.0,1.0,0.0,-0.043500000000000004
6665,0,2,94,7,1.0,-2.0,1.0,0.0,-0.043500000000000004
6666,0,2,94,8,1.0,-2.0,1.0,0.0,-0.043500000000000004
6667,0,2,94,9,1.0,-2.0,1.0,0.0,-0.043500000000000004
6668,0,2,94,10,1.0,-2.0,1.0,0.0,-0.043500000000000004
6669,0,2,94,11,1.0,-2.0,1.0,0.0,-0.043500000000000004
6670,0,2,94,12,1.0,-2.0,1.0,0.0,-0.043500000000000004
6671,0,2,94,13,1.0,-2.0,1.0,0.0,-0.043500000000000004
6672,0,2,94,14,1.0,-2.0,1.0,0.0,-0.043500000000000004
6673,0,2,94,15,1.0,-2.0,1.0,0.0,-0.043500000000000004
6674,0,2,94,16,1.0,-2.0,1.0,0.0,-0.043500000000000004
6675,0,2,94,17,1.0,-2.0,1.0,0.0,-0.043500000000000004
6676,0,2,94,18,1.0,-2.0,1.0,0.0,-0.043500000000000004
6677,0,2,94,19,1.0,-2.0,1.0,0.0,-0.043500000000000004
6678,0,2,94,20,1.0,-2.0,1.0,0.0,-0.043500000000000004
6679,0,2,95,1,1.0,-1.9999998807907104,1.0,0.0,-0.04349999523162856
6680,0,2,95,2,1.0,-1.999998927116394,1.0,0.0,-0.04349995708466728
6681,0,2,95,3,1.0,-1.9999998807907104,1.0,0.0,-0.04349999523162856
6682,0,2,95,4,1.0,-1.999999761581421,1.0,0.0,-0.04349999046325741
6683,0,2,95,5,1.0,-1.9999998807907104,1.0,0.0,-0.04349999523162856
6684,0,2,95,6,1.0,-2.0,1.0,0.0,-0.043500000000000004
6685,0,2,95,7,1.0,-2.0,1.0,0.0,-0.043500000000000004
6686,0,2,95,8,1.0,-2.0,1.0,0.0,-0.043500000000000004
6687,0,2,95,9,1.0,-2.0,1.0,0.0,-0.043500000000000004
6688,0,2,95,10,1.0,-2.0,1.0,0.0,-0.043500000000000004
6689,0,2,95,11,1.0,-2.0,1.0,0.0,-0.043500000000000004
6690,0,2,95,12,1.0,-2.0,1.0,0.0,-0.043500000000000004
6691,0,2,95,13,1.0,-2.0,1.0,0.0,-0.043500000000000004
6692,0,2,95,14,1.0,-2.0,1.0,0.0,-0.043500000000000004
6693,0,2,95,15,1.0,-2.0,1.0,0.0,-0.043500000000000004
6694,0,2,95,16,1.0,-2.0,1.0,0.0,-0.043500000000000004
6695,0,2,95,17,1.0,-2.0,1.0,0.0,-0.043500000000000004
6696,0,2,95,18,1.0,-2.0,1.0,0.0,-0.043500000000000004
6697,0,2,95,19,1.0,-2.0,1.0,0.0,-0.043500000000000004
6698,0,2,95,20,1.0,-2.0,1.0,0.0,-0.043500000000000004
6699,0,2,96,1,1.0,-1.9999998807907104,1.0,0.0,-0.04349999523162856
6700,0,2,96,2,1.0,-1.999998927116394,1.0,0.0,-0.04349995708466728
6701,0,2,96,3,1.0,-1.9999998807907104,1.0,0.0,-0.04349999523162856
6702,0,2,96,4,1.0,-1.999999761581421,1.0,0.0,-0.04349999046325741
6703,0,2,96,5,1.0,-1.9999998807907104,1.0,0.0,-0.04349999523162856
6704,0,2,96,6,1.0,-1.9999998807907104,1.0,0.0,-0.04349999523162856
6705,0,2,96,7,1.0,-2.0,1.0,0.0,-0.043500000000000004
6706,0,2,96,8,1.0,-2.0,1.0,0.0,-0.043500000000000004
6707,0,2,96,9,1.0,-2.0,1.0,0.0,-0.043500000000000004
6708,0,2,96,10,1.0,-2.0,1.0,0.0,-0.043500000000000004
6709,0,2,96,11,1.0,-2.0,1.0,0.0,-0.043500000000000004
6710,0,2,96,12,1.0,-2.0,1.0,0.0,-0.043500000000000004
6711,0,2,96,13,1.0,-2.0,1.0,0.0,-0.043500000000000004
6712,0,2,96,14,1.0,-1.9999998807907104,1.0,0.0,-0.04349999523162856
6713,0,2,96,15,1.0,-1.9999998807907104,1.0,0.0,-0.04349999523162856
6714,0,2,96,16,1.0,-2.0,1.0,0.0,-0.043500000000000004
6715,0,2,96,17,1.0,-2.0,1.0,0.0,-0.043500000000000004
6716,0,2,96,18,1.0,-2.0,1.0,0.0,-0.043500000000000004
6717,0,2,96,19,1.0,-2.0,1.0,0.0,-0.043500000000000004
6718,0,2,96,20,1.0,-2.0,1.0,0.0,-0.043500000000000004
6719,0,2,97,1,1.0,-1.9999998807907104,1.0,0.0,-0.04349999523162856
6720,0,2,97,2,1.0,-1.999998927116394,1.0,0.0,-0.04349995708466728
6721,0,2,97,3,1.0,-1.9999998807907104,1.0,0.0,-0.04349999523162856
6722,0,2,97,4,1.0,-1.999999761581421,1.0,0.0,-0.04349999046325741
6723,0,2,97,5,1.0,-1.999999761581421,1.0,0.0,-0.04349999046325741
6724,0,2,97,6,1.0,-1.9999998807907104,1.0,0.0,-0.04349999523162856
6725,0,2,97,7,1.0,-2.0,1.0,0.0,-0.043500000000000004
6726,0,2,97,8,1.0,-2.0,1.0,0.0,-0.043500000000000004
6727,0,2,97,9,1.0,-2.0,1.0,0.0,-0.043500000000000004
6728,0,2,97,10,1.0,-2.0,1.0,0.0,-0.043500000000000004
6729,0,2,97,11,1.0,-2.0,1.0,0.0,-0.043500000000000004
6730,0,2,97,12,1.0,-2.0,1.0,0.0,-0.043500000000000004
6731,0,2,97,13,1.0,-1.9999998807907104,1.0,0.0,-0.04349999523162856
6732,0,2,97,14,1.0,-1.9999998807907104,1.0,0.0,-0.04349999523162856
6733,0,2,97,15,1.0,-1.9999998807907104,1.0,0.0,-0.04349999523162856
6734,0,2,97,16,1.0,-2.0,1.0,0.0,-0.043500000000000004
6735,0,2,97,17,1.0,-2.0,1.0,0.0,-0.043500000000000004
6736,0,2,97,18,1.0,-2.0,1.0,0.0,-0.043500000000000004
6737,0,2,97,19,1.0,-2.0,1.0,0.0,-0.043500000000000004
6738,0,2,97,20,1.0,-2.0,1.0,0.0,-0.043500000000000004
6739,0,2,98,1,1.0,-1.9999998807907104,1.0,0.0,-0.04349999523162856
6740,0,2,98,2,1.0,-1.999998927116394,1.0,0.0,-0.04349995708466728
6741,0,2,98,3,1.0,-1.9999998807907104,1.0,0.0,-0.04349999523162856
6742,0,2,98,4,1.0,-1.9999996423721313,1.0,0.0,-0.043499985694886535
6743,0,2,98,5,1.0,-1.999999761581421,1.0,0.0,-0.04349999046325741
6744,0,2,98,6,1.0,-1.9999998807907104,1.0,0.0,-0.04349999523162856
6745,0,2,98,7,1.0,-2.0,1.0,0.0,-0.043500000000000004
6746,0,2,98,8,1.0,-2.0,1.0,0.0,-0.043500000000000004
6747,0,2,98,9,1.0,-2.0,1.0,0.0,-0.043500000000000004
6748,0,2,98,10,1.0,-2.0,1.0,0.0,-0.043500000000000004
6749,0,2,98,11,1.0,-2.0,1.0,0.0,-0.043500000000000004
6750,0,2,98,12,1.0,-2.0,1.0,0.0,-0.043500000000000004
6751,0,2,98,13,1.0,-1.9999998807907104,1.0,0.0,-0.04349999523162856
6752,0,2,98,14,1.0,-1.9999998807907104,1.0,0.0,-0.04349999523162856
6753,0,2,98,15,1.0,-1.9999998807907104,1.0,0.0,-0.04349999523162856
6754,0,2,98,16,1.0,-2.0,1.0,0.0,-0.043500000000000004
6755,0,2,98,17,1.0,-2.0,1.0,0.0,-0.043500000000000004
6756,0,2,98,18,1.0,-2.0,1.0,0.0,-0.043500000000000004
6757,0,2,98,19,1.0,-2.0,1.0,0.0,-0.043500000000000004
6758,0,2,98,20,1.0,-2.0,1.0,0.0,-0.043500000000000004
6759,0,2,99,1,1.0,-1.9999998807907104,1.0,0.0,-0.04349999523162856
6760,0,2,99,2,1.0,-1.999998927116394,1.0,0.0,-0.04349995708466728
6761,0,2,99,3,1.0,-1.9999998807907104,1.0,0.0,-0.04349999523162856
6762,0,2,99,4,1.0,-1.9999996423721313,1.0,0.0,-0.043499985694886535
6763,0,2,99,5,1.0,-1.999999761581421,1.0,0.0,-0.04349999046325741
6764,0,2,99,6,1.0,-1.9999998807907104,1.0,0.0,-0.04349999523162856
6765,0,2,99,7,1.0,-2.0,1.0,0.0,-0.043500000000000004
6766,0,2,99,8,1.0,-2.0,1.0,0.0,-0.043500000000000004
6767,0,2,99,9,1.0,-2.0,1.0,0.0,-0.043500000000000004
6768,0,2,99,10,1.0,-2.0,1.0,0.0,-0.043500000000000004
6769,0,2,99,11,1.0,-2.0,1.0,0.0,-0.043500000000000004
6770,0,2,99,12,1.0,-2.0,1.0,0.0,-0.043500000000000004
6771,0,2,99,13,1.0,-1.9999998807907104,1.0,0.0,-0.04349999523162856
6772,0,2,99,14,1.0,-1.9999998807907104,1.0,0.0,-0.04349999523162856
6773,0,2,99,15,1.0,-1.9999998807907104,1.0,0.0,-0.04349999523162856
6774,0,2,99,16,1.0,-2.0,1.0,0.0,-0.043500000000000004
6775,0,2,99,17,1.0,-2.0,1.0,0.0,-0.043500000000000004
6776,0,2,99,18,1.0,-2.0,1.0,0.0,-0.043500000000000004
6777,0,2,99,19,1.0,-2.0,1.0,0.0,-0.043500000000000004
6778,0,2,99,20,1.0,-2.0,1.0,0.0,-0.043500000000000004
6779,0,2,100,1,1.0,-1.999999761581421,1.0,0.0,-0.04349999046325741
6780,0,2,100,2,1.0,-1.999998927116394,1.0,0.0,-0.04349995708466728
6781,0,2,100,3,1.0,-1.999999761581421,1.0,0.0,-0.04349999046325741
6782,0,2,100,4,1.0,-1.9999996423721313,1.0,0.0,-0.043499985694886535
6783,0,2,100,5,1.0,-1.999999761581421,1.0,0.0,-0.04349999046325741
6784,0,2,100,6,1.0,-1.9999998807907104,1.0,0.0,-0.04349999523162856
6785,0,2,100,7,1.0,-2.0,1.0,0.0,-0.043500000000000004
6786,0,2,100,8,1.0,-2.0,1.0,0.0,-0.043500000000000004
6787,0,2,100,9,1.0,-2.0,1.0,0.0,-0.043500000000000004
6788,0,2,100,10,1.0,-2.0,1.0,0.0,-0.043500000000000004
6789,0,2,100,11,1.0,-2.0,1.0,0.0,-0.043500000000000004
6790,0,2,100,12,1.0,-1.9999998807907104,1.0,0.0,-0.04349999523162856
6791,0,2,100,13,1.0,-1.9999998807907104,1.0,0.0,-0.04349999523162856
6792,0,2,100,14,1.0,-1.9999998807907104,1.0,0.0,-0.04349999523162856
6793,0,2,100,15,1.0,-1.9999998807907104,1.0,0.0,-0.04349999523162856
6794,0,2,100,16,1.0,-2.0,1.0,0.0,-0.043500000000000004
6795,0,2,100,17,1.0,-2.0,1.0,0.0,-0.043500000000000004
6796,0,2,100,18,1.0,-2.0,1.0,0.0,-0.043500000000000004
6797,0,2,100,19,1.0,-2.0,1.0,0.0,-0.043500000000000004
6798,0,2,100,20,1.0,-2.0,1.0,0.0,-0.043500000000000004
6799,0,2,101,1,1.0,-1.999999761581421,1.0,0.0,-0.04349999046325741
6800,0,2,101,2,1.0,-1.999998927116394,1.0,0.0,-0.04349995708466728
6801,0,2,101,3,1.0,-1.999999761581421,1.0,0.0,-0.04349999046325741
6802,0,2,101,4,1.0,-1.9999996423721313,1.0,0.0,-0.043499985694886535
6803,0,2,101,5,1.0,-1.999999761581421,1.0,0.0,-0.04349999046325741
6804,0,2,101,6,1.0,-1.9999998807907104,1.0,0.0,-0.04349999523162856
6805,0,2,101,7,1.0,-2.0,1.0,0.0,-0.043500000000000004
6806,0,2,101,8,1.0,-2.0,1.0,0.0,-0.043500000000000004
6807,0,2,101,9,1.0,-2.0,1.0,0.0,-0.043500000000000004
6808,0,2,101,10,1.0,-2.0,1.0,0.0,-0.043500000000000004
6809,0,2,101,11,1.0,-2.0,1.0,0.0,-0.043500000000000004
6810,0,2,101,12,1.0,-1.9999998807907104,1.0,0.0,-0.04349999523162856
6811,0,2,101,13,1.0,-1.9999998807907104,1.0,0.0,-0.04349999523162856
6812,0,2,101,14,1.0,-1.9999998807907104,1.0,0.0,-0.04349999523162856
6813,0,2,101,15,1.0,-2.0,1.0,0.0,-0.043500000000000004
6814,0,2,101,16,1.0,-2.0,1.0,0.0,-0.043500000000000004
6815,0,2,101,17,1.0,-2.0,1.0,0.0,-0.043500000000000004
6816,0,2,101,18,1.0,-2.0,1.0,0.0,-0.043500000000000004
6817,0,2,101,19,1.0,-2.0,1.0,0.0,-0.043500000000000004
6818,0,2,101,20,1.0,-2.0,1.0,0.0,-0.043500000000000004
6819,0,2,102,1,1.0,-1.999999761581421,1.0,0.0,-0.04349999046325741
6820,0,2,102,2,1.0,-1.999998927116394,1.0,0.0,-0.04349995708466728
6821,0,2,102,3,1.0,-1.999999761581421,1.0,0.0,-0.04349999046325741
6822,0,2,102,4,1.0,-1.9999996423721313,1.0,0.0,-0.043499985694886535
6823,0,2,102,5,1.0,-1.999999761581421,1.0,0.0,-0.04349999046325741
6824,0,2,102,6,1.0,-1.9999998807907104,1.0,0.0,-0.04349999523162856
6825,0,2,102,7,1.0,-2.0,1.0,0.0,-0.043500000000000004
6826,0,2,102,8,1.0,-2.0,1.0,0.0,-0.043500000000000004
6827,0,2,102,9,1.0,-2.0,1.0,0.0,-0.043500000000000004
6828,0,2,102,10,1.0,-2.0,1.0,0.0,-0.043500000000000004
6829,0,2,102,11,1.0,-2.0,1.0,0.0,-0.043500000000000004
6830,0,2,102,12,1.0,-1.9999998807907104,1.0,0.0,-0.04349999523162856
6831,0,2,102,13,1.0,-1.9999998807907104,1.0,0.0,-0.04349999523162856
6832,0,2,102,14,1.0,-1.9999998807907104,1.0,0.0,-0.04349999523162856
6833,0,2,102,15,1.0,-2.0,1.0,0.0,-0.043500000000000004
6834,0,2,102,16,1.0,-2.0,1.0,0.0,-0.043500000000000004
6835,0,2,102,17,1.0,-2.0,1.0,0.0,-0.043500000000000004
6836,0,2,102,18,1.0,-2.0,1.0,0.0,-0.043500000000000004
6837,0,2,102,19,1.0,-2.0,1.0,0.0,-0.043500000000000004
6838,0,2,102,20,1.0,-1.9999998807907104,1.0,0.0,-0.04349999523162856
6839,0,2,103,1,1.0,-1.999999761581421,1.0,0.0,-0.04349999046325741
6840,0,2,103,2,1.0,-1.999998927116394,1.0,0.0,-0.04349995708466728
6841,0,2,103,3,1.0,-1.999999761581421,1.0,0.0,-0.04349999046325741
6842,0,2,103,4,1.0,-1.9999996423721313,1.0,0.0,-0.043499985694886535
6843,0,2,103,5,1.0,-1.999999761581421,1.0,0.0,-0.04349999046325741
6844,0,2,103,6,1.0,-2.0,1.0,0.0,-0.043500000000000004
6845,0,2,103,7,1.0,-2.0,1.0,0.0,-0.043500000000000004
6846,0,2,103,8,1.0,-2.0,1.0,0.0,-0.043500000000000004
6847,0,2,103,9,1.0,-2.0,1.0,0.0,-0.043500000000000004
6848,0,2,103,10,1.0,-2.0,1.0,0.0,-0.043500000000000004
6849,0,2,103,11,1.0,-1.9999998807907104,1.0,0.0,-0.04349999523162856
6850,0,2,103,12,1.0,-1.9999998807907104,1.0,0.0,-0.04349999523162856
6851,0,2,103,13,1.0,-1.9999998807907104,1.0,0.0,-0.04349999523162856
6852,0,2,103,14,1.0,-1.9999998807907104,1.0,0.0,-0.04349999523162856
6853,0,2,103,15,1.0,-2.0,1.0,0.0,-0.043500000000000004
6854,0,2,103,16,1.0,-2.0,1.0,0.0,-0.043500000000000004
6855,0,2,103,17,1.0,-2.0,1.0,0.0,-0.043500000000000004
6856,0,2,103,18,1.0,-2.0,1.0,0.0,-0.043500000000000004
6857,0,2,103,19,1.0,-2.0,1.0,0.0,-0.043500000000000004
6858,0,2,103,20,1.0,-1.9999998807907104,1.0,0.0,-0.04349999523162856
6859,0,2,104,1,1.0,-1.999999761581421,1.0,0.0,-0.04349999046325741
6860,0,2,104,2,1.0,-1.999998927116394,1.0,0.0,-0.04349995708466728
6861,0,2,104,3,1.0,-1.999999761581421,1.0,0.0,-0.04349999046325741
6862,0,2,104,4,1.0,-1.9999996423721313,1.0,0.0,-0.043499985694886535
6863,0,2,104,5,1.0,-1.999999761581421,1.0,0.0,-0.04349999046325741
6864,0,2,104,6,1.0,-2.0,1.0,0.0,-0.043500000000000004
6865,0,2,104,7,1.0,-2.0,1.0,0.0,-0.043500000000000004
6866,0,2,104,8,1.0,-2.0,1.0,0.0,-0.043500000000000004
6867,0,2,104,9,1.0,-2.0,1.0,0.0,-0.043500000000000004
6868,0,2,104,10,1.0,-2.0,1.0,0.0,-0.043500000000000004
6869,0,2,104,11,1.0,-1.9999998807907104,1.0,0.0,-0.04349999523162856
6870,0,2,104,12,1.0,-1.9999998807907104,1.0,0.0,-0.04349999523162856
6871,0,2,104,13,1.0,-1.9999998807907104,1.0,0.0,-0.04349999523162856
6872,0,2,104,14,1.0,-1.9999998807907104,1.0,0.0,-0.04349999523162856
6873,0,2,104,15,1.0,-2.0,1.0,0.0,-0.043500000000000004
6874,0,2,104,16,1.0,-2.0,1.0,0.0,-0.043500000000000004
6875,0,2,104,17,1.0,-2.0,1.0,0.0,-0.043500000000000004
6876,0,2,104,18,1.0,-2.0,1.0,0.0,-0.043500000000000004
6877,0,2,104,19,1.0,-2.0,1.0,0.0,-0.043500000000000004
6878,0,2,104,20,1.0,-1.9999998807907104,1.0,0.0,-0.04349999523162856
6879,0,2,105,1,1.0,-1.999999761581421,1.0,0.0,-0.04349999046325741
6880,0,2,105,2,1.0,-1.999998927116394,1.0,0.0,-0.04349995708466728
6881,0,2,105,3,1.0,-1.999999761581421,1.0,0.0,-0.04349999046325741
6882,0,2,105,4,1.0,-1.9999996423721313,1.0,0.0,-0.043499985694886535
6883,0,2,105,5,1.0,-1.999999761581421,1.0,0.0,-0.04349999046325741
6884,0,2,105,6,1.0,-2.0,1.0,0.0,-0.043500000000000004
6885,0,2,105,7,1.0,-2.0,1.0,0.0,-0.043500000000000004
6886,0,2,105,8,1.0,-2.0,1.0,0.0,-0.043500000000000004
6887,0,2,105,9,1.0,-2.0,1.0,0.0,-0.043500000000000004
6888,0,2,105,10,1.0,-2.0,1.0,0.0,-0.043500000000000004
6889,0,2,105,11,1.0,-1.9999998807907104,1.0,0.0,-0.04349999523162856
6890,0,2,105,12,1.0,-1.9999998807907104,1.0,0.0,-0.04349999523162856
6891,0,2,105,13,1.0,-1.9999998807907104,1.0,0.0,-0.04349999523162856
6892,0,2,105,14,1.0,-2.0,1.0,0.0,-0.043500000000000004
6893,0,2,105,15,1.0,-2.0,1.0,0.0,-0.043500000000000004
6894,0,2,105,16,1.0,-2.0,1.0,0.0,-0.043500000000000004
6895,0,2,105,17,1.0,-2.0,1.0,0.0,-0.043500000000000004
6896,0,2,105,18,1.0,-2.0,1.0,0.0,-0.043500000000000004
6897,0,2,105,19,1.0,-2.0,1.0,0.0,-0.043500000000000004
6898,0,2,105,20,1.0,-1.9999998807907104,1.0,0.0,-0.04349999523162856
6899,0,2,106,1,1.0,-1.999999761581421,1.0,0.0,-0.04349999046325741
6900,0,2,106,2,1.0,-1.999998927116394,1.0,0.0,-0.04349995708466728
6901,0,2,106,3,1.0,-1.999999761581421,1.0,0.0,-0.04349999046325741
6902,0,2,106,4,1.0,-1.9999996423721313,1.0,0.0,-0.043499985694886535
6903,0,2,106,5,1.0,-1.9999998807907104,1.0,0.0,-0.04349999523162856
6904,0,2,106,6,1.0,-2.0,1.0,0.0,-0.043500000000000004
6905,0,2,106,7,1.0,-2.0,1.0,0.0,-0.043500000000000004
6906,0,2,106,8,1.0,-2.0,1.0,0.0,-0.043500000000000004
6907,0,2,106,9,1.0,-2.0,1.0,0.0,-0.043500000000000004
6908,0,2,106,10,1.0,-2.0,1.0,0.0,-0.043500000000000004
6909,0,2,106,11,1.0,-1.9999998807907104,1.0,0.0,-0.04349999523162856
6910,0,2,106,12,1.0,-1.9999998807907104,1.0,0.0,-0.04349999523162856
6911,0,2,106,13,1.0,-1.9999998807907104,1.0,0.0,-0.04349999523162856
6912,0,2,106,14,1.0,-2.0,1.0,0.0,-0.043500000000000004
6913,0,2,106,15,1.0,-2.0,1.0,0.0,-0.043500000000000004
6914,0,2,106,16,1.0,-2.0,1.0,0.0,-0.043500000000000004
6915,0,2,106,17,1.0,-2.0,1.0,0.0,-0.043500000000000004
6916,0,2,106,18,1.0,-2.0,1.0,0.0,-0.043500000000000004
6917,0,2,106,19,1.0,-2.0,1.0,0.0,-0.043500000000000004
6918,0,2,106,20,1.0,-1.9999998807907104,1.0,0.0,-0.04349999523162856
6919,0,2,107,1,1.0,-1.999999761581421,1.0,0.0,-0.04349999046325741
6920,0,2,107,2,1.0,-1.999998927116394,1.0,0.0,-0.04349995708466728
6921,0,2,107,3,1.0,-1.999999761581421,1.0,0.0,-0.04349999046325741
6922,0,2,107,4,1.0,-1.9999996423721313,1.0,0.0,-0.043499985694886535
6923,0,2,107,5,1.0,-1.9999998807907104,1.0,0.0,-0.04349999523162856
6924,0,2,107,6,1.0,-2.0,1.0,0.0,-0.043500000000000004
6925,0,2,107,7,1.0,-2.0,1.0,0.0,-0.043500000000000004
6926,0,2,107,8,1.0,-2.0,1.0,0.0,-0.043500000000000004
6927,0,2,107,9,1.0,-2.0,1.0,0.0,-0.043500000000000004
6928,0,2,107,10,1.0,-2.0,1.0,0.0,-0.043500000000000004
6929,0,2,107,11,1.0,-1.9999998807907104,1.0,0.0,-0.04349999523162856
6930,0,2,107,12,1.0,-1.9999998807907104,1.0,0.0,-0.04349999523162856
6931,0,2,107,13,1.0,-2.0,1.0,0.0,-0.043500000000000004
6932,0,2,107,14,1.0,-2.0,1.0,0.0,-0.043500000000000004
6933,0,2,107,15,1.0,-2.0,1.0,0.0,-0.043500000000000004
6934,0,2,107,16,1.0,-2.0,1.0,0.0,-0.043500000000000004
6935,0,2,107,17,1.0,-2.0,1.0,0.0,-0.043500000000000004
6936,0,2,107,18,1.0,-2.0,1.0,0.0,-0.043500000000000004
6937,0,2,107,19,1.0,-2.0,1.0,0.0,-0.043500000000000004
6938,0,2,107,20,1.0,-1.9999998807907104,1.0,0.0,-0.04349999523162856
6939,0,2,108,1,1.0,-1.9999998807907104,1.0,0.0,-0.04349999523162856
6940,0,2,108,2,1.0,-1.999998927116394,1.0,0.0,-0.04349995708466728
6941,0,2,108,3,1.0,-1.999999761581421,1.0,0.0,-0.04349999046325741
6942,0,2,108,4,1.0,-1.9999996423721313,1.0,0.0,-0.043499985694886535
6943,0,2,108,5,1.0,-1.9999998807907104,1.0,0.0,-0.04349999523162856
6944,0,2,108,6,1.0,-2.0,1.0,0.0,-0.043500000000000004
6945,0,2,108,7,1.0,-2.0,1.0,0.0,-0.043500000000000004
6946,0,2,108,8,1.0,-2.0,1.0,0.0,-0.043500000000000004
6947,0,2,108,9,1.0,-2.0,1.0,0.0,-0.043500000000000004
6948,0,2,108,10,1.0,-2.0,1.0,0.0,-0.043500000000000004
6949,0,2,108,11,1.0,-2.0,1.0,0.0,-0.043500000000000004
6950,0,2,108,12,1.0,-2.0,1.0,0.0,-0.043500000000000004
6951,0,2,108,13,1.0,-2.0,1.0,0.0,-0.043500000000000004
6952,0,2,108,14,1.0,-2.0,1.0,0.0,-0.043500000000000004
6953,0,2,108,15,1.0,-2.0,1.0,0.0,-0.043500000000000004
6954,0,2,108,16,1.0,-2.0,1.0,0.0,-0.043500000000000004
6955,0,2,108,17,1.0,-2.0,1.0,0.0,-0.043500000000000004
6956,0,2,108,18,1.0,-2.0,1.0,0.0,-0.043500000000000004
6957,0,2,108,19,1.0,-2.0,1.0,0.0,-0.043500000000000004
6958,0,2,108,20,1.0,-2.0,1.0,0.0,-0.043500000000000004
6959,0,2,109,1,1.0,-1.9999998807907104,1.0,0.0,-0.04349999523162856
6960,0,2,109,2,1.0,-1.999998927116394,1.0,0.0,-0.04349995708466728
6961,0,2,109,3,1.0,-1.999999761581421,1.0,0.0,-0.04349999046325741
6962,0,2,109,4,1.0,-1.999999761581421,1.0,0.0,-0.04349999046325741
6963,0,2,109,5,1.0,-1.9999998807907104,1.0,0.0,-0.04349999523162856
6964,0,2,109,6,1.0,-2.0,1.0,0.0,-0.043500000000000004
6965,0,2,109,7,1.0,-2.0,1.0,0.0,-0.043500000000000004
6966,0,2,109,8,1.0,-2.0,1.0,0.0,-0.043500000000000004
6967,0,2,109,9,1.0,-2.0,1.0,0.0,-0.043500000000000004
6968,0,2,109,10,1.0,-2.0,1.0,0.0,-0.043500000000000004
6969,0,2,109,11,1.0,-2.0,1.0,0.0,-0.043500000000000004
6970,0,2,109,12,1.0,-2.0,1.0,0.0,-0.043500000000000004
6971,0,2,109,13,1.0,-2.0,1.0,0.0,-0.043500000000000004
6972,0,2,109,14,1.0,-2.0,1.0,0.0,-0.043500000000000004
6973,0,2,109,15,1.0,-2.0,1.0,0.0,-0.043500000000000004
6974,0,2,109,16,1.0,-2.0,1.0,0.0,-0.043500000000000004
6975,0,2,109,17,1.0,-2.0,1.0,0.0,-0.043500000000000004
6976,0,2,109,18,1.0,-2.0,1.0,0.0,-0.043500000000000004
6977,0,2,109,19,1.0,-2.0,1.0,0.0,-0.043500000000000004
6978,0,2,109,20,1.0,-2.0,1.0,0.0,-0.043500000000000004
6979,0,2,110,1,1.0,-1.9999998807907104,1.0,0.0,-0.04349999523162856
6980,0,2,110,2,1.0,-1.999998927116394,1.0,0.0,-0.04349995708466728
6981,0,2,110,3,1.0,-1.9999998807907104,1.0,0.0,-0.04349999523162856
6982,0,2,110,4,1.0,-1.999999761581421,1.0,0.0,-0.04349999046325741
6983,0,2,110,5,1.0,-1.9999998807907104,1.0,0.0,-0.04349999523162856
6984,0,2,110,6,1.0,-2.0,1.0,0.0,-0.043500000000000004
6985,0,2,110,7,1.0,-2.0,1.0,0.0,-0.043500000000000004
6986,0,2,110,8,1.0,-2.0,1.0,0.0,-0.043500000000000004
6987,0,2,110,9,1.0,-2.0,1.0,0.0,-0.043500000000000004
6988,0,2,110,10,1.0,-2.0,1.0,0.0,-0.043500000000000004
6989,0,2,110,11,1.0,-2.0,1.0,0.0,-0.043500000000000004
6990,0,2,110,12,1.0,-2.0,1.0,0.0,-0.043500000000000004
6991,0,2,110,13,1.0,-2.0,1.0,0.0,-0.043500000000000004
6992,0,2,110,14,1.0,-2.0,1.0,0.0,-0.043500000000000004
6993,0,2,110,15,1.0,-2.0,1.0,0.0,-0.043500000000000004
6994,0,2,110,16,1.0,-2.0,1.0,0.0,-0.043500000000000004
6995,0,2,110,17,1.0,-2.0,1.0,0.0,-0.043500000000000004
6996,0,2,110,18,1.0,-2.0,1.0,0.0,-0.043500000000000004
6997,0,2,110,19,1.0,-2.0,1.0,0.0,-0.043500000000000004
6998,0,2,110,20,1.0,-2.0,1.0,0.0,-0.043500000000000004
6999,0,2,111,1,1.0,-1.9999998807907104,1.0,0.0,-0.04349999523162856
7000,0,2,111,2,1.0,-1.999998927116394,1.0,0.0,-0.04349995708466728
7001,0,2,111,3,1.0,-1.9999998807907104,1.0,0.0,-0.04349999523162856
7002,0,2,111,4,1.0,-1.999999761581421,1.0,0.0,-0.04349999046325741
7003,0,2,111,5,1.0,-1.9999998807907104,1.0,0.0,-0.04349999523162856
7004,0,2,111,6,1.0,-2.0,1.0,0.0,-0.043500000000000004
7005,0,2,111,7,1.0,-2.0,1.0,0.0,-0.043500000000000004
7006,0,2,111,8,1.0,-2.0,1.0,0.0,-0.043500000000000004
7007,0,2,111,9,1.0,-2.0,1.0,0.0,-0.043500000000000004
7008,0,2,111,10,1.0,-2.0,1.0,0.0,-0.043500000000000004
7009,0,2,111,11,1.0,-2.0,1.0,0.0,-0.043500000000000004
7010,0,2,111,12,1.0,-2.0,1.0,0.0,-0.043500000000000004
7011,0,2,111,13,1.0,-2.0,1.0,0.0,-0.043500000000000004
7012,0,2,111,14,1.0,-2.0,1.0,0.0,-0.043500000000000004
7013,0,2,111,15,1.0,-2.0,1.0,0.0,-0.043500000000000004
7014,0,2,111,16,1.0,-2.0,1.0,0.0,-0.043500000000000004
7015,0,2,111,17,1.0,-2.0,1.0,0.0,-0.043500000000000004
7016,0,2,111,18,1.0,-2.0,1.0,0.0,-0.043500000000000004
7017,0,2,111,19,1.0,-2.0,1.0,0.0,-0.043500000000000004
7018,0,2,111,20,1.0,-2.0,1.0,0.0,-0.043500000000000004
7019,0,2,112,1,1.0,-1.9999998807907104,1.0,0.0,-0.04349999523162856
7020,0,2,112,2,1.0,-1.999998927116394,1.0,0.0,-0.04349995708466728
7021,0,2,112,3,1.0,-1.9999998807907104,1.0,0.0,-0.04349999523162856
7022,0,2,112,4,1.0,-1.999999761581421,1.0,0.0,-0.04349999046325741
7023,0,2,112,5,1.0,-1.9999998807907104,1.0,0.0,-0.04349999523162856
7024,0,2,112,6,1.0,-1.9999998807907104,1.0,0.0,-0.04349999523162856
7025,0,2,112,7,1.0,-2.0,1.0,0.0,-0.043500000000000004
7026,0,2,112,8,1.0,-2.0,1.0,0.0,-0.043500000000000004
7027,0,2,112,9,1.0,-2.0,1.0,0.0,-0.043500000000000004
7028,0,2,112,10,1.0,-2.0,1.0,0.0,-0.043500000000000004
7029,0,2,112,11,1.0,-2.0,1.0,0.0,-0.043500000000000004
7030,0,2,112,12,1.0,-2.0,1.0,0.0,-0.043500000000000004
7031,0,2,112,13,1.0,-2.0,1.0,0.0,-0.043500000000000004
7032,0,2,112,14,1.0,-1.9999998807907104,1.0,0.0,-0.04349999523162856
7033,0,2,112,15,1.0,-1.9999998807907104,1.0,0.0,-0.04349999523162856
7034,0,2,112,16,1.0,-2.0,1.0,0.0,-0.043500000000000004
7035,0,2,112,17,1.0,-2.0,1.0,0.0,-0.043500000000000004
7036,0,2,112,18,1.0,-2.0,1.0,0.0,-0.043500000000000004
7037,0,2,112,19,1.0,-2.0,1.0,0.0,-0.043500000000000004
7038,0,2,112,20,1.0,-2.0,1.0,0.0,-0.043500000000000004
7039,0,2,113,1,1.0,-1.9999998807907104,1.0,0.0,-0.04349999523162856
7040,0,2,113,2,1.0,-1.999998927116394,1.0,0.0,-0.04349995708466728
7041,0,2,113,3,1.0,-1.9999998807907104,1.0,0.0,-0.04349999523162856
7042,0,2,113,4,1.0,-1.999999761581421,1.0,0.0,-0.04349999046325741
7043,0,2,113,5,1.0,-1.999999761581421,1.0,0.0,-0.04349999046325741
7044,0,2,113,6,1.0,-1.9999998807907104,1.0,0.0,-0.04349999523162856
7045,0,2,113,7,1.0,-2.0,1.0,0.0,-0.043500000000000004
7046,0,2,113,8,1.0,-2.0,1.0,0.0,-0.043500000000000004
7047,0,2,113,9,1.0,-2.0,1.0,0.0,-0.043500000000000004
7048,0,2,113,10,1.0,-2.0,1.0,0.0,-0.043500000000000004
7049,0,2,113,11,1.0,-2.0,1.0,0.0,-0.043500000000000004
7050,0,2,113,12,1.0,-2.0,1.0,0.0,-0.043500000000000004
7051,0,2,113,13,1.0,-1.9999998807907104,1.0,0.0,-0.04349999523162856
7052,0,2,113,14,1.0,-1.9999998807907104,1.0,0.0,-0.04349999523162856
7053,0,2,113,15,1.0,-1.9999998807907104,1.0,0.0,-0.04349999523162856
7054,0,2,113,16,1.0,-2.0,1.0,0.0,-0.043500000000000004
7055,0,2,113,17,1.0,-2.0,1.0,0.0,-0.043500000000000004
7056,0,2,113,18,1.0,-2.0,1.0,0.0,-0.043500000000000004
7057,0,2,113,19,1.0,-2.0,1.0,0.0,-0.043500000000000004
7058,0,2,113,20,1.0,-2.0,1.0,0.0,-0.043500000000000004
7059,0,2,114,1,1.0,-1.9999998807907104,1.0,0.0,-0.04349999523162856
7060,0,2,114,2,1.0,-1.999998927116394,1.0,0.0,-0.04349995708466728
7061,0,2,114,3,1.0,-1.9999998807907104,1.0,0.0,-0.04349999523162856
7062,0,2,114,4,1.0,-1.9999996423721313,1.0,0.0,-0.043499985694886535
7063,0,2,114,5,1.0,-1.999999761581421,1.0,0.0,-0.04349999046325741
7064,0,2,114,6,1.0,-1.9999998807907104,1.0,0.0,-0.04349999523162856
7065,0,2,114,7,1.0,-2.0,1.0,0.0,-0.043500000000000004
7066,0,2,114,8,1.0,-2.0,1.0,0.0,-0.043500000000000004
7067,0,2,114,9,1.0,-2.0,1.0,0.0,-0.043500000000000004
7068,0,2,114,10,1.0,-2.0,1.0,0.0,-0.043500000000000004
7069,0,2,114,11,1.0,-2.0,1.0,0.0,-0.043500000000000004
7070,0,2,114,12,1.0,-2.0,1.0,0.0,-0.043500000000000004
7071,0,2,114,13,1.0,-1.9999998807907104,1.0,0.0,-0.04349999523162856
7072,0,2,114,14,1.0,-1.9999998807907104,1.0,0.0,-0.04349999523162856
7073,0,2,114,15,1.0,-1.9999998807907104,1.0,0.0,-0.04349999523162856
7074,0,2,114,16,1.0,-2.0,1.0,0.0,-0.043500000000000004
7075,0,2,114,17,1.0,-2.0,1.0,0.0,-0.043500000000000004
7076,0,2,114,18,1.0,-2.0,1.0,0.0,-0.043500000000000004
7077,0,2,114,19,1.0,-2.0,1.0,0.0,-0.043500000000000004
7078,0,2,114,20,1.0,-2.0,1.0,0.0,-0.043500000000000004
7079,0,2,115,1,1.0,-1.999999761581421,1.0,0.0,-0.04349999046325741
7080,0,2,115,2,1.0,-1.999998927116394,1.0,0.0,-0.04349995708466728
7081,0,2,115,3,1.0,-1.9999998807907104,1.0,0.0,-0.04349999523162856
7082,0,2,115,4,1.0,-1.9999996423721313,1.0,0.0,-0.043499985694886535
7083,0,2,115,5,1.0,-1.999999761581421,1.0,0.0,-0.04349999046325741
7084,0,2,115,6,1.0,-1.9999998807907104,1.0,0.0,-0.04349999523162856
7085,0,2,115,7,1.0,-2.0,1.0,0.0,-0.043500000000000004
7086,0,2,115,8,1.0,-2.0,1.0,0.0,-0.043500000000000004
7087,0,2,115,9,1.0,-2.0,1.0,0.0,-0.043500000000000004
7088,0,2,115,10,1.0,-2.0,1.0,0.0,-0.043500000000000004
7089,0,2,115,11,1.0,-2.0,1.0,0.0,-0.043500000000000004
7090,0,2,115,12,1.0,-1.9999998807907104,1.0,0.0,-0.04349999523162856
7091,0,2,115,13,1.0,-1.9999998807907104,1.0,0.0,-0.04349999523162856
7092,0,2,115,14,1.0,-1.9999998807907104,1.0,0.0,-0.04349999523162856
7093,0,2,115,15,1.0,-1.9999998807907104,1.0,0.0,-0.04349999523162856
7094,0,2,115,16,1.0,-2.0,1.0,0.0,-0.043500000000000004
7095,0,2,115,17,1.0,-2.0,1.0,0.0,-0.043500000000000004
7096,0,2,115,18,1.0,-2.0,1.0,0.0,-0.043500000000000004
7097,0,2,115,19,1.0,-2.0,1.0,0.0,-0.043500000000000004
7098,0,2,115,20,1.0,-2.0,1.0,0.0,-0.043500000000000004
7099,0,2,116,1,1.0,-1.999999761581421,1.0,0.0,-0.04349999046325741
7100,0,2,116,2,1.0,-1.999998927116394,1.0,0.0,-0.04349995708466728
7101,0,2,116,3,1.0,-1.999999761581421,1.0,0.0,-0.04349999046325741
7102,0,2,116,4,1.0,-1.9999996423721313,1.0,0.0,-0.043499985694886535
7103,0,2,116,5,1.0,-1.999999761581421,1.0,0.0,-0.04349999046325741
7104,0,2,116,6,1.0,-1.9999998807907104,1.0,0.0,-0.04349999523162856
7105,0,2,116,7,1.0,-2.0,1.0,0.0,-0.043500000000000004
7106,0,2,116,8,1.0,-2.0,1.0,0.0,-0.043500000000000004
7107,0,2,116,9,1.0,-2.0,1.0,0.0,-0.043500000000000004
7108,0,2,116,10,1.0,-2.0,1.0,0.0,-0.043500000000000004
7109,0,2,116,11,1.0,-2.0,1.0,0.0,-0.043500000000000004
7110,0,2,116,12,1.0,-1.9999998807907104,1.0,0.0,-0.04349999523162856
7111,0,2,116,13,1.0,-1.9999998807907104,1.0,0.0,-0.04349999523162856
7112,0,2,116,14,1.0,-1.9999998807907104,1.0,0.0,-0.04349999523162856
7113,0,2,116,15,1.0,-1.9999998807907104,1.0,0.0,-0.04349999523162856
7114,0,2,116,16,1.0,-2.0,1.0,0.0,-0.043500000000000004
7115,0,2,116,17,1.0,-2.0,1.0,0.0,-0.043500000000000004
7116,0,2,116,18,1.0,-2.0,1.0,0.0,-0.043500000000000004
7117,0,2,116,19,1.0,-2.0,1.0,0.0,-0.043500000000000004
7118,0,2,116,20,1.0,-2.0,1.0,0.0,-0.043500000000000004
7119,0,2,117,1,1.0,-1.999999761581421,1.0,0.0,-0.04349999046325741
7120,0,2,117,2,1.0,-1.999998927116394,1.0,0.0,-0.04349995708466728
7121,0,2,117,3,1.0,-1.999999761581421,1.0,0.0,-0.04349999046325741
7122,0,2,117,4,1.0,-1.9999996423721313,1.0,0.0,-0.043499985694886535
7123,0,2,117,5,1.0,-1.999999761581421,1.0,0.0,-0.04349999046325741
7124,0,2,117,6,1.0,-1.9999998807907104,1.0,0.0,-0.04349999523162856
7125,0,2,117,7,1.0,-2.0,1.0,0.0,-0.043500000000000004
7126,0,2,117,8,1.0,-2.0,1.0,0.0,-0.043500000000000004
7127,0,2,117,9,1.0,-2.0,1.0,0.0,-0.043500000000000004
7128,0,2,117,10,1.0,-2.0,1.0,0.0,-0.043500000000000004
7129,0,2,117,11,1.0,-2.0,1.0,0.0,-0.043500000000000004
7130,0,2,117,12,1.0,-1.9999998807907104,1.0,0.0,-0.04349999523162856
7131,0,2,117,13,1.0,-1.9999998807907104,1.0,0.0,-0.04349999523162856
7132,0,2,117,14,1.0,-1.9999998807907104,1.0,0.0,-0.04349999523162856
7133,0,2,117,15,1.0,-2.0,1.0,0.0,-0.043500000000000004
7134,0,2,117,16,1.0,-2.0,1.0,0.0,-0.043500000000000004
7135,0,2,117,17,1.0,-2.0,1.0,0.0,-0.043500000000000004
7136,0,2,117,18,1.0,-2.0,1.0,0.0,-0.043500000000000004
7137,0,2,117,19,1.0,-2.0,1.0,0.0,-0.043500000000000004
7138,0,2,117,20,1.0,-1.9999998807907104,1.0,0.0,-0.04349999523162856
7139,0,2,118,1,1.0,-1.999999761581421,1.0,0.0,-0.04349999046325741
7140,0,2,118,2,1.0,-1.999998927116394,1.0,0.0,-0.04349995708466728
7141,0,2,118,3,1.0,-1.999999761581421,1.0,0.0,-0.04349999046325741
7142,0,2,118,4,1.0,-1.9999996423721313,1.0,0.0,-0.043499985694886535
7143,0,2,118,5,1.0,-1.999999761581421,1.0,0.0,-0.04349999046325741
7144,0,2,118,6,1.0,-2.0,1.0,0.0,-0.043500000000000004
7145,0,2,118,7,1.0,-2.0,1.0,0.0,-0.043500000000000004
7146,0,2,118,8,1.0,-2.0,1.0,0.0,-0.043500000000000004
7147,0,2,118,9,1.0,-2.0,1.0,0.0,-0.043500000000000004
7148,0,2,118,10,1.0,-2.0,1.0,0.0,-0.043500000000000004
7149,0,2,118,11,1.0,-2.0,1.0,0.0,-0.043500000000000004
7150,0,2,118,12,1.0,-1.9999998807907104,1.0,0.0,-0.04349999523162856
7151,0,2,118,13,1.0,-1.9999998807907104,1.0,0.0,-0.04349999523162856
7152,0,2,118,14,1.0,-1.9999998807907104,1.0,0.0,-0.04349999523162856
7153,0,2,118,15,1.0,-2.0,1.0,0.0,-0.043500000000000004
7154,0,2,118,16,1.0,-2.0,1.0,0.0,-0.043500000000000004
7155,0,2,118,17,1.0,-2.0,1.0,0.0,-0.043500000000000004
7156,0,2,118,18,1.0,-2.0,1.0,0.0,-0.043500000000000004
7157,0,2,118,19,1.0,-2.0,1.0,0.0,-0.043500000000000004
7158,0,2,118,20,1.0,-1.9999998807907104,1.0,0.0,-0.04349999523162856
7159,0,2,119,1,1.0,-1.999999761581421,1.0,0.0,-0.04349999046325741
7160,0,2,119,2,1.0,-1.999998927116394,1.0,0.0,-0.04349995708466728
7161,0,2,119,3,1.0,-1.999999761581421,1.0,0.0,-0.04349999046325741
7162,0,2,119,4,1.0,-1.9999996423721313,1.0,0.0,-0.043499985694886535
7163,0,2,119,5,1.0,-1.999999761581421,1.0,0.0,-0.04349999046325741
7164,0,2,119,6,1.0,-2.0,1.0,0.0,-0.043500000000000004
7165,0,2,119,7,1.0,-2.0,1.0,0.0,-0.043500000000000004
7166,0,2,119,8,1.0,-2.0,1.0,0.0,-0.043500000000000004
7167,0,2,119,9,1.0,-2.0,1.0,0.0,-0.043500000000000004
7168,0,2,119,10,1.0,-2.0,1.0,0.0,-0.043500000000000004
7169,0,2,119,11,1.0,-1.9999998807907104,1.0,0.0,-0.04349999523162856
7170,0,2,119,12,1.0,-1.9999998807907104,1.0,0.0,-0.04349999523162856
7171,0,2,119,13,1.0,-1.9999998807907104,1.0,0.0,-0.04349999523162856
7172,0,2,119,14,1.0,-1.9999998807907104,1.0,0.0,-0.04349999523162856
7173,0,2,119,15,1.0,-2.0,1.0,0.0,-0.043500000000000004
7174,0,2,119,16,1.0,-2.0,1.0,0.0,-0.043500000000000004
7175,0,2,119,17,1.0,-2.0,1.0,0.0,-0.043500000000000004
7176,0,2,119,18,1.0,-2.0,1.0,0.0,-0.043500000000000004
7177,0,2,119,19,1.0,-2.0,1.0,0.0,-0.043500000000000004
7178,0,2,119,20,1.0,-1.9999998807907104,1.0,0.0,-0.04349999523162856
7179,0,2,120,1,1.0,-1.999999761581421,1.0,0.0,-0.04349999046325741
7180,0,2,120,2,1.0,-1.999998927116394,1.0,0.0,-0.04349995708466728
7181,0,2,120,3,1.0,-1.999999761581421,1.0,0.0,-0.04349999046325741
7182,0,2,120,4,1.0,-1.9999996423721313,1.0,0.0,-0.043499985694886535
7183,0,2,120,5,1.0,-1.999999761581421,1.0,0.0,-0.04349999046325741
7184,0,2,120,6,1.0,-2.0,1.0,0.0,-0.043500000000000004
7185,0,2,120,7,1.0,-2.0,1.0,0.0,-0.043500000000000004
7186,0,2,120,8,1.0,-2.0,1.0,0.0,-0.043500000000000004
7187,0,2,120,9,1.0,-2.0,1.0,0.0,-0.043500000000000004
7188,0,2,120,10,1.0,-2.0,1.0,0.0,-0.043500000000000004
7189,0,2,120,11,1.0,-1.9999998807907104,1.0,0.0,-0.04349999523162856
7190,0,2,120,12,1.0,-1.9999998807907104,1.0,0.0,-0.04349999523162856
7191,0,2,120,13,1.0,-1.9999998807907104,1.0,0.0,-0.04349999523162856
7192,0,2,120,14,1.0,-2.0,1.0,0.0,-0.043500000000000004
7193,0,2,120,15,1.0,-2.0,1.0,0.0,-0.043500000000000004
7194,0,2,120,16,1.0,-2.0,1.0,0.0,-0.043500000000000004
7195,0,2,120,17,1.0,-2.0,1.0,0.0,-0.043500000000000004
7196,0,2,120,18,1.0,-2.0,1.0,0.0,-0.043500000000000004
7197,0,2,120,19,1.0,-2.0,1.0,0.0,-0.043500000000000004
7198,0,2,120,20,1.0,-1.9999998807907104,1.0,0.0,-0.04349999523162856
7199,1,0,1,4,1.0,-1.999999761581421,1.0,0.0,-0.04349999046325741
7200,1,0,1,5,1.0,-1.292225956916809,1.0,0.7368421052631579,-0.48945055679962235
7201,1,0,1,6,1.0,-0.1860870122909546,1.0,0.7368421052631579,-0.4730983613237605
7202,1,0,1,9,1.0,-0.8063340187072754,1.0,0.8947368421052632,-0.7210820779072185
7203,1,0,1,10,1.0,-1.1630003452301025,1.0,0.7894736842105263,-0.5613470276699425
7204,1,0,1,11,1.0,-1.7840931415557861,1.0,0.8947368421052632,-0.7464102157874362
7205,1,0,1,14,1.0,-0.8185667991638184,1.0,0.7894736842105263,-0.5545218456868222
7206,1,0,1,15,1.0,-0.9606904983520508,1.0,0.9473684210526315,-0.815499345438732
7207,1,0,2,1,1.0,-0.8248128890991211,1.0,0.7894736842105263,-0.5546244926601296
7208,1,0,2,3,1.0,-0.7253787517547607,1.0,0.8947368421052632,-0.7198420757449452
7209,1,0,2,5,1.0,-0.7705330848693848,1.0,0.631578947368421,-0.34517128437094385
7210,1,0,2,6,1.0,-1.8763518333435059,1.0,0.7894736842105263,-0.5830282916648045
7211,1,0,2,8,1.0,-0.807152509689331,1.0,0.6842105263157895,-0.40973794342872855
7212,1,0,2,9,1.0,-0.8509125709533691,1.0,0.6842105263157895,-0.4104635137238154
7213,1,0,2,15,1.0,-0.8352818489074707,1.0,0.7894736842105263,-0.554798287311032
7214,1,0,2,19,1.0,-1.9985072612762451,1.0,0.8421052631578947,-0.6683710606561764
7215,1,0,3,3,1.0,-1.0643196105957031,1.0,0.9473684210526315,-0.8175978454374788
7216,1,0,3,5,1.0,-0.7827656269073486,1.0,0.8947368421052632,-0.7207075526766488
7217,1,0,3,6,1.0,-0.8083982467651367,1.0,0.7368421052631579,-0.4792871548160562
7218,1,0,3,7,1.0,-0.8140726089477539,1.0,0.8947368421052632,-0.7212074745363622
7219,1,0,3,9,1.0,-0.8609354496002197,1.0,0.8421052631578947,-0.6358428464062209
7220,1,0,3,11,1.0,-0.7231488227844238,1.0,0.8947368421052632,-0.7198097746089172
7221,1,0,3,12,1.0,-0.7339215278625488,1.0,0.7894736842105263,-0.5532077377304901
7222,1,0,3,13,1.0,-0.8126785755157471,1.0,0.7368421052631579,-0.4793565422333498
7223,1,0,4,3,1.0,-0.9265751838684082,1.0,0.7894736842105263,-0.5564067453534969
7224,1,0,4,4,1.0,-1.4514583349227905,1.0,0.8947368421052632,-0.7356476453901406
7225,1,0,4,5,1.0,-1.0189838409423828,1.0,0.7368421052631579,-0.48313535824334364
7226,1,0,4,6,1.0,-0.8109056949615479,1.0,0.9473684210526315,-0.8128457635637036
7227,1,0,4,7,1.0,-0.8527500629425049,1.0,0.8421052631578947,-0.6357025746209221
7228,1,0,4,8,1.0,-0.8179426193237305,1.0,0.6842105263157895,-0.4099132929748123
7229,1,0,4,9,1.0,-0.8494815826416016,1.0,0.7894736842105263,-0.555037519232362
7230,1,0,4,11,1.0,-0.8207703828811646,1.0,0.8947368421052632,-0.7213169726241211
7231,1,0,4,12,1.0,-0.7904019355773926,1.0,0.7368421052631579,-0.4789994297599716
7232,1,0,4,14,1.0,-0.7495169639587402,1.0,0.6842105263157895,-0.40884074848236995
7233,1,0,4,15,1.0,-0.6802237033843994,1.0,1.0,-0.9081270428664598
7234,1,0,4,16,1.0,-1.4125009775161743,1.0,0.7368421052631579,-0.4927036676771682
7235,1,0,5,2,1.0,-0.9073886871337891,1.0,0.7894736842105263,-0.556054871935273
7236,1,0,5,3,1.0,-0.8924384117126465,1.0,0.9473684210526315,-0.8142345462894949
7237,1,0,5,4,1.0,-1.6415486335754395,1.0,0.8947368421052632,-0.7415271515739061
7238,1,0,5,6,1.0,-0.9131721258163452,1.0,0.7368421052631579,-0.48109091087600614
7239,1,0,5,7,1.0,-1.9809004068374634,1.0,0.5789473684210527,-0.320024982777645
7240,1,0,5,8,1.0,-1.2446298599243164,1.0,0.9473684210526315,-0.8217611179846451
7241,1,0,5,10,1.0,-0.8544809818267822,1.0,0.8947368421052632,-0.7218817098930088
7242,1,0,5,11,1.0,-1.9984862804412842,1.0,0.7894736842105263,-0.5877608037710096
7243,1,0,5,14,1.0,-0.6968709230422974,1.0,0.7894736842105263,-0.5526776204737074
7244,1,0,5,17,1.0,-0.8259673118591309,1.0,0.8421052631578947,-0.6352529679250356
7245,1,0,5,18,1.0,-1.010691523551941,1.0,0.9473684210526315,-0.8164850566602904
7246,1,0,5,19,1.0,-1.9983731508255005,1.0,0.8947368421052632,-0.7545152849093746
7247,1,0,6,5,1.0,-0.7208577394485474,1.0,0.9473684210526315,-0.8114664419077217
7248,1,0,6,7,1.0,-0.846243143081665,1.0,0.8421052631578947,-0.6355920224945649
7249,1,0,6,8,1.0,-0.8380254507064819,1.0,0.631578947368421,-0.3462569385824786
7250,1,0,6,9,1.0,-1.9530922174453735,1.0,0.8947368421052632,-0.7527260245084291
7251,1,0,6,12,1.0,-0.8717067241668701,1.0,0.8421052631578947,-0.6360294740520149
7252,1,0,6,13,1.0,-0.6884396076202393,1.0,0.7368421052631579,-0.4774915684957298
7253,1,0,6,14,1.0,-1.0877810716629028,1.0,0.7894736842105263,-0.5596540062385701
7254,1,0,6,19,1.0,-0.7292875051498413,1.0,0.8421052631578947,-0.6337493505741144
7255,1,0,7,3,1.0,-0.9533324241638184,1.0,0.9473684210526315,-0.8153585102121136
7256,1,0,7,5,1.0,-1.4122003316879272,1.0,0.9473684210526315,-0.8262131808706878
7257,1,0,7,6,1.0,-0.8273298740386963,1.0,0.9473684210526315,-0.8131148303072617
7258,1,0,7,7,1.0,-0.799236536026001,1.0,0.631578947368421,-0.34562186242734894
7259,1,0,7,8,1.0,-0.8230321407318115,1.0,0.8947368421052632,-0.7213541514567481
7260,1,0,7,10,1.0,-0.7696268558502197,1.0,0.7368421052631579,-0.47867533253478567
7261,1,0,7,12,1.0,-0.8965338468551636,1.0,0.6842105263157895,-0.41126072107531986
7262,1,0,7,15,1.0,-0.7777059078216553,1.0,0.8947368421052632,-0.7206285972005793
7263,1,0,7,17,1.0,-1.0050971508026123,1.0,0.6842105263157895,-0.41332519451526595
7264,1,0,8,1,1.0,-1.9999995231628418,1.0,0.8421052631578947,-0.6684307288489535
7265,1,0,8,2,1.0,-0.8616325855255127,1.0,0.9473684210526315,-0.8136941902268867
7266,1,0,8,4,1.0,-1.9204297065734863,1.0,0.8421052631578947,-0.6653112505013369
7267,1,0,8,5,1.0,-1.017412781715393,1.0,0.7368421052631579,-0.48310336524630526
7268,1,0,8,6,1.0,-0.8263076543807983,1.0,0.8947368421052632,-0.7214081758068551
7269,1,0,8,7,1.0,-0.7953197956085205,1.0,0.8947368421052632,-0.72090566818284
7270,1,0,8,8,1.0,-0.7917568683624268,1.0,0.7368421052631579,-0.4790208669483175
7271,1,0,8,9,1.0,-1.3180702924728394,1.0,0.6842105263157895,-0.42059608464874504
7272,1,0,8,10,1.0,-1.2117987871170044,1.0,0.7894736842105263,-0.5625058926444716
7273,1,0,8,13,1.0,-1.152262806892395,1.0,0.8421052631578947,-0.641707843683913
7274,1,0,8,15,1.0,-0.9373128414154053,1.0,0.8947368421052632,-0.7233658860367944
7275,1,0,8,19,1.0,-0.9790544509887695,1.0,0.8421052631578947,-0.6380162241024467
7276,1,0,9,3,1.0,-0.8159704208374023,1.0,0.9473684210526315,-0.8129281603793086
7277,1,0,9,5,1.0,-1.9999998807907104,1.0,0.7894736842105263,-0.5878213248715177
7278,1,0,9,6,1.0,-0.8282911777496338,1.0,0.8421052631578947,-0.6352914106738163
7279,1,0,9,8,1.0,-1.139898419380188,1.0,0.8421052631578947,-0.6414244319874921
7280,1,0,9,9,1.0,-0.7283430099487305,1.0,0.8421052631578947,-0.6337355833238494
7281,1,0,9,10,1.0,-1.9191031455993652,1.0,0.6842105263157895,-0.44005256052424446
7282,1,0,9,12,1.0,-0.9527143239974976,1.0,0.7368421052631579,-0.4818287233938268
7283,1,0,9,13,1.0,-0.8425188064575195,1.0,0.8421052631578947,-0.6355291273147836
7284,1,0,9,16,1.0,-0.7947410345077515,1.0,0.6842105263157895,-0.4095391248090552
7285,1,0,9,17,1.0,-1.9929512739181519,1.0,0.7894736842105263,-0.587539877442009
7286,1,0,9,18,1.0,-0.7449817657470703,1.0,1.0,-0.9090499783129562
7287,1,0,10,3,1.0,-0.6878494024276733,1.0,0.9473684210526315,-0.811001451106694
7288,1,0,10,5,1.0,-0.8304843902587891,1.0,0.8947368421052632,-0.7214773756346073
7289,1,0,10,6,1.0,-0.8577210903167725,1.0,0.8947368421052632,-0.7219371870977142
7290,1,0,10,7,1.0,-1.1417039632797241,1.0,0.8421052631578947,-0.6414656273201239
7291,1,0,10,8,1.0,-0.7662544250488281,1.0,0.7368421052631579,-0.47862353600139584
7292,1,0,10,10,1.0,-1.2561978101730347,1.0,0.8947368421052632,-0.7303606617928075
7293,1,0,10,12,1.0,-0.8038015365600586,1.0,0.5789473684210527,-0.2872462876613199
7294,1,0,10,15,1.0,-0.903386116027832,1.0,0.7368421052631579,-0.48091314230864524
7295,1,0,11,2,1.0,-0.7144969701766968,1.0,0.8947368421052632,-0.719685391613889
7296,1,0,11,3,1.0,-1.305233359336853,1.0,0.7368421052631579,-0.4897884187855844
7297,1,0,11,4,1.0,-0.6868510246276855,1.0,0.8947368421052632,-0.7192979757102932
7298,1,0,11,5,1.0,-0.9353469610214233,1.0,0.6842105263157895,-0.4119717310646708
7299,1,0,11,6,1.0,-0.7737189531326294,1.0,0.8947368421052632,-0.7205667425943387
7300,1,0,11,7,1.0,-0.7828977108001709,1.0,0.9473684210526315,-0.8123993713582545
7301,1,0,11,8,1.0,-0.7327539920806885,1.0,1.0,-0.9088692841291018
7302,1,0,11,9,1.0,-0.7608871459960938,1.0,0.7894736842105263,-0.55361082212931
7303,1,0,11,10,1.0,-1.5229346752166748,1.0,0.8947368421052632,-0.7377736326597454
7304,1,0,11,12,1.0,-0.7979488372802734,1.0,0.631578947368421,-0.34560129549132995
7305,1,0,11,14,1.0,-0.9545482397079468,1.0,0.8421052631578947,-0.637542371341733
7306,1,0,11,16,1.0,-0.8333871364593506,1.0,0.631578947368421,-0.3461794132143197
7307,1,0,11,17,1.0,-0.7113111019134521,1.0,0.9473684210526315,-0.8113297179395462
7308,1,0,11,20,1.0,-0.9606249332427979,1.0,0.7894736842105263,-0.5570493322635665
7309,1,0,12,1,1.0,-0.683943510055542,1.0,0.8421052631578947,-0.6331085351719086
7310,1,0,12,2,1.0,-0.8714945316314697,1.0,0.8947368421052632,-0.7221753595966077
7311,1,0,12,3,1.0,-1.3613276481628418,1.0,0.8947368421052632,-0.7331124620664979
7312,1,0,12,4,1.0,-1.9903576374053955,1.0,0.8421052631578947,-0.6680459831702175
7313,1,0,12,5,1.0,-0.7858240604400635,1.0,0.8947368421052632,-0.7207555269496373
7314,1,0,12,7,1.0,-0.7710916996002197,1.0,0.9473684210526315,-0.8122159071944165
7315,1,0,12,8,1.0,-0.789756178855896,1.0,0.7368421052631579,-0.4789892257827374
7316,1,0,12,9,1.0,-0.7567243576049805,1.0,0.8421052631578947,-0.6341570654563643
7317,1,0,12,10,1.0,-0.8080227375030518,1.0,0.8947368421052632,-0.7211093398531915
7318,1,0,12,14,1.0,-0.8211700916290283,1.0,0.8421052631578947,-0.6351739511162978
7319,1,0,12,16,1.0,-1.4560719728469849,1.0,1.0,-0.9247014559011051
7320,1,0,12,17,1.0,-0.7202479839324951,1.0,0.7894736842105263,-0.5530089012234775
7321,1,0,13,3,1.0,-0.8442292213439941,1.0,0.8947368421052632,-0.7217075621916831
7322,1,0,13,6,1.0,-0.7575095891952515,1.0,0.8947368421052632,-0.7203185401871998
7323,1,0,13,8,1.0,-0.7837103605270386,1.0,0.7368421052631579,-0.47889409685430095
7324,1,0,13,9,1.0,-1.0869134664535522,1.0,0.8947368421052632,-0.726394141245553
7325,1,0,13,10,1.0,-0.7911036014556885,1.0,0.7894736842105263,-0.5540797787222508
7326,1,0,13,11,1.0,-0.896925687789917,1.0,0.8421052631578947,-0.6364755048166117
7327,1,0,13,12,1.0,-1.9992135763168335,1.0,0.7894736842105263,-0.5877898788771846
7328,1,0,14,1,1.0,-0.8124899864196777,1.0,0.9473684210526315,-0.8128714828828154
7329,1,0,14,4,1.0,-0.9024617671966553,1.0,1.0,-0.9116443724125171
7330,1,0,14,6,1.0,-1.9723747968673706,1.0,0.7894736842105263,-0.5867239530330652
7331,1,0,14,8,1.0,-0.8081449270248413,1.0,0.8421052631578947,-0.6349617301531975
7332,1,0,14,9,1.0,-1.628493309020996,1.0,0.7894736842105263,-0.5743412342151507
7333,1,0,14,10,1.0,-0.8658549785614014,1.0,0.7894736842105263,-0.5553183780788848
7334,1,0,14,11,1.0,-0.878643274307251,1.0,0.6842105263157895,-0.41094313172460434
7335,1,0,14,14,1.0,-0.8331372737884521,1.0,0.8421052631578947,-0.6353719250921941
7336,1,0,15,2,1.0,-1.4279708862304688,1.0,0.631578947368421,-0.35962508054137887
7337,1,0,15,6,1.0,-0.7489240169525146,1.0,1.0,-0.9091088718316829
7338,1,0,15,7,1.0,-1.3341732025146484,1.0,0.631578947368421,-0.35703425336524247
7339,1,0,15,8,1.0,-1.1951839923858643,1.0,0.7368421052631579,-0.48703672531888087
7340,1,0,15,9,1.0,-0.8395199775695801,1.0,0.7368421052631579,-0.479800015489711
7341,1,0,15,10,1.0,-1.498643398284912,1.0,0.8947368421052632,-0.7370396527622017
7342,1,0,15,11,1.0,-0.9593257904052734,1.0,0.631578947368421,-0.3484371317435276
7343,1,0,15,13,1.0,-1.9999068975448608,1.0,0.7894736842105263,-0.5878176056283643
7344,1,0,15,16,1.0,-1.2374991178512573,1.0,0.5789473684210527,-0.29609935922638314
7345,1,0,15,17,1.0,-0.8432886600494385,1.0,0.8421052631578947,-0.6355421055641174
7346,1,0,15,19,1.0,-0.6808253526687622,1.0,0.7894736842105263,-0.5524565612482546
7347,1,0,16,2,1.0,-0.9158625602722168,1.0,0.8947368421052632,-0.722968374703056
7348,1,0,16,3,1.0,-0.7267298698425293,1.0,1.0,-0.9087813630372134
7349,1,0,16,4,1.0,-1.7324424982070923,1.0,0.6842105263157895,-0.433236561785691
7350,1,0,16,5,1.0,-0.9608068466186523,1.0,0.6842105263157895,-0.41245448965484344
7351,1,0,16,8,1.0,-0.8822674751281738,1.0,0.6842105263157895,-0.4110069506664411
7352,1,0,16,9,1.0,-0.6582022905349731,1.0,0.7368421052631579,-0.4770843801149816
7353,1,0,16,11,1.0,-0.9434616565704346,1.0,0.7368421052631579,-0.481653276536513
7354,1,0,16,12,1.0,0.1059870719909668,1.1059870719909668,0.631578947368421,-0.33945239168844366
7355,1,0,16,13,1.1059870719909668,-1.2073869705200195,1.0,0.8947368421052632,-0.7291581653757873
7356,1,0,16,14,1.0,-0.8207197189331055,1.0,0.8947368421052632,-0.7213161409804285
7357,1,0,17,2,1.0,-1.9999992847442627,1.0,0.6842105263157895,-0.4432229630795263
7358,1,0,17,6,1.0,-0.7391765117645264,1.0,0.8947368421052632,-0.7200441515654159
7359,1,0,17,7,1.0,-0.8231669664382935,1.0,0.9473684210526315,-0.8130461216488452
7360,1,0,17,8,1.0,-0.8678059577941895,1.0,0.631578947368421,-0.34676494382599143
7361,1,0,17,9,1.0,-1.3320187330245972,1.0,0.8947368421052632,-0.7323230714612567
7362,1,0,17,10,1.0,-1.9121838808059692,1.0,0.8421052631578947,-0.6649952198625794
7363,1,0,17,14,1.0,-0.9723055362701416,1.0,0.8947368421052632,-0.7240341129685879
7364,1,0,17,18,1.0,-2.0,1.0,0.8947368421052632,-0.7545803324099722
7365,1,0,18,2,1.0,-0.9999127388000488,1.0,0.8947368421052632,-0.7245785872621183
7366,1,0,18,3,1.0,-0.8417234420776367,1.0,0.8947368421052632,-0.7216653159394024
7367,1,0,18,4,1.0,-0.8669834136962891,1.0,0.8421052631578947,-0.6359473503186823
7368,1,0,18,5,1.0,-0.783484935760498,1.0,0.8421052631578947,-0.6345692343680739
7369,1,0,18,6,1.0,-0.782067060470581,1.0,0.8947368421052632,-0.7206966212807031
7370,1,0,18,7,1.0,-0.8330078125,1.0,0.7368421052631579,-0.4796910977191871
7371,1,0,18,11,1.0,-1.1719553470611572,1.0,0.9473684210526315,-0.8200048764575453
7372,1,0,18,16,1.0,-1.0377628803253174,1.0,0.8421052631578947,-0.6392002658802486
7373,1,0,18,18,1.0,-0.9073760509490967,1.0,0.8421052631578947,-0.6366640609007974
7374,1,0,19,1,1.0,-0.9023518562316895,1.0,0.8421052631578947,-0.6365731366468853
7375,1,0,19,2,1.0,-0.7541795969009399,1.0,0.9473684210526315,-0.8119579517463096
7376,1,0,19,3,1.0,-1.9981777667999268,1.0,0.7894736842105263,-0.5877484735172246
7377,1,0,19,4,1.0,-0.7934257984161377,1.0,0.9473684210526315,-0.8125653280784157
7378,1,0,19,5,1.0,-0.8386824131011963,1.0,0.9473684210526315,-0.8133039650029454
7379,1,0,19,6,1.0,-0.8712143898010254,1.0,0.8421052631578947,-0.6360208930524013
7380,1,0,19,8,1.0,-0.8193967342376709,1.0,0.7894736842105263,-0.5545354397206828
7381,1,0,19,9,1.0,-0.7687625885009766,1.0,0.7368421052631579,-0.47866203673711394
7382,1,0,19,10,1.0,-0.8199944496154785,1.0,0.8421052631578947,-0.6351546568964395
7383,1,0,19,11,1.0,-0.7827417850494385,1.0,0.5789473684210527,-0.28691216558018057
7384,1,0,19,13,1.0,-1.9999947547912598,1.0,0.9473684210526315,-0.8462698732944185
7385,1,0,19,14,1.0,-0.8766113519668579,1.0,0.7894736842105263,-0.5555058042638608
7386,1,0,19,15,1.0,-0.8390786647796631,1.0,0.7368421052631579,-0.47979260761921094
7387,1,0,19,16,1.0,-0.8397982120513916,1.0,0.9473684210526315,-0.81332269347214
7388,1,0,19,17,1.0,-0.9082331657409668,1.0,0.8947368421052632,-0.7228292072434908
7389,1,0,19,18,1.0,-0.8058027029037476,1.0,0.8421052631578947,-0.6349239278825074
7390,1,0,20,3,1.0,-0.9811043739318848,1.0,0.8947368421052632,-0.724205990335455
7391,1,0,20,4,1.0,-0.7958371639251709,1.0,0.9473684210526315,-0.8126036510173376
7392,1,0,20,7,1.0,-0.9213576316833496,1.0,0.8947368421052632,-0.7230693312645837
7393,1,0,20,8,1.0,-0.8788524866104126,1.0,0.8421052631578947,-0.6361545648546506
7394,1,0,20,9,1.0,-0.822380542755127,1.0,0.8421052631578947,-0.6351938454934598
7395,1,0,20,11,1.0,-0.871538519859314,1.0,0.8421052631578947,-0.6360265418384232
7396,1,0,20,12,1.0,-0.8305337429046631,1.0,0.8947368421052632,-0.7214781953910046
7397,1,0,20,13,1.0,-0.7997007369995117,1.0,0.8421052631578947,-0.6348259606100132
7398,1,0,20,14,1.0,-0.8401050567626953,1.0,0.8421052631578947,-0.6354885129864201
7399,1,0,20,15,1.0,-0.7314488887786865,1.0,0.8947368421052632,-0.7199305071789279
7400,1,0,21,1,1.0,-0.7620205879211426,1.0,0.7894736842105263,-0.553628083404046
7401,1,0,21,4,1.0,-0.7518795728683472,1.0,0.8421052631578947,-0.6340839768434045
7402,1,0,21,5,1.0,-0.8108851909637451,1.0,0.8421052631578947,-0.6350060958516807
7403,1,0,21,6,1.0,-0.8028769493103027,1.0,0.8421052631578947,-0.6348768618797758
7404,1,0,21,7,1.0,-0.8551546335220337,1.0,0.7894736842105263,-0.5551342241122312
7405,1,0,21,8,1.0,-0.6647200584411621,1.0,0.9473684210526315,-0.8106886106634331
7406,1,0,21,10,1.0,-0.9458293914794922,1.0,0.8947368421052632,-0.7235262647878369
7407,1,0,21,11,1.0,-1.8560963869094849,1.0,0.6842105263157895,-0.4376739296647351
7408,1,0,22,4,1.0,-0.9017220735549927,1.0,0.8421052631578947,-0.6365617749018008
7409,1,0,22,7,1.0,-0.8665028810501099,1.0,1.0,-0.9110082724286814
7410,1,0,22,9,1.0,-0.8101757764816284,1.0,0.7894736842105263,-0.5543851775278653
7411,1,0,22,10,1.0,-0.7681494951248169,1.0,0.7368421052631579,-0.47865261403093184
7412,1,0,22,11,1.0,-0.7692840099334717,1.0,0.6842105263157895,-0.4091409705691439
7413,1,0,22,12,1.0,-0.8113529682159424,1.0,0.8421052631578947,-0.6350136843127658
7414,1,0,22,19,1.0,-0.8191049098968506,1.0,0.8947368421052632,-0.7212896609441435
7415,1,0,22,20,1.0,-0.9052501916885376,1.0,0.8421052631578947,-0.6366255270179589
7416,1,0,23,1,1.0,-0.8401439189910889,1.0,0.8947368421052632,-0.7216387504561492
7417,1,0,23,5,1.0,-0.7547723054885864,1.0,0.8947368421052632,-0.7202771447412978
7418,1,0,23,6,1.0,-1.8844789266586304,1.0,0.9473684210526315,-0.8417826913526976
7419,1,0,23,7,1.0,-1.6026320457458496,1.0,0.8947368421052632,-0.7402646271504875
7420,1,0,23,8,1.0,-1.0428831577301025,1.0,0.7894736842105263,-0.5586973824466602
7421,1,0,23,9,1.0,-0.6906890869140625,1.0,0.9473684210526315,-0.8110405972503147
7422,1,0,23,10,1.0,-0.7995865345001221,1.0,0.7894736842105263,-0.5542147159014283
7423,1,0,23,11,1.0,-1.44436776638031,1.0,0.8421052631578947,-0.649292730368022
7424,1,0,23,15,1.0,-0.708043098449707,1.0,0.7894736842105263,-0.5528345799325117
7425,1,0,23,17,1.0,-0.7975401878356934,1.0,0.7894736842105263,-0.5541820331520191
7426,1,0,23,18,1.0,-0.8967608213424683,1.0,0.8421052631578947,-0.6364725476293858
7427,1,0,23,19,1.0,-0.7621626853942871,1.0,0.8421052631578947,-0.6342396675125119
7428,1,0,24,3,1.0,-0.7857979536056519,1.0,0.8421052631578947,-0.6346055321613459
7429,1,0,24,4,1.0,-0.8912065029144287,1.0,0.7368421052631579,-0.48069456787069637
7430,1,0,24,7,1.0,-0.6799647808074951,1.0,0.8421052631578947,-0.6330542689538234
7431,1,0,24,8,1.0,-1.233400821685791,1.0,0.8947368421052632,-0.7297931082793241
7432,1,0,24,9,1.0,-0.7803044319152832,1.0,0.7894736842105263,-0.5539100797045555
7433,1,0,24,10,1.0,-0.9973669052124023,1.0,0.9473684210526315,-0.8162174905386226
7434,1,0,24,15,1.0,-0.8095943927764893,1.0,0.7894736842105263,-0.5543757604480405
7435,1,0,25,1,1.0,-0.8994541168212891,1.0,0.7894736842105263,-0.5559115067225568
7436,1,0,25,2,1.0,-0.7858288288116455,1.0,1.0,-0.9096752694819148
7437,1,0,25,3,1.0,-0.9681437015533447,1.0,0.7894736842105263,-0.5571943519084633
7438,1,0,25,5,1.0,-0.8627760410308838,1.0,0.8947368421052632,-0.7220241573797415
7439,1,0,25,6,1.0,-0.8245817422866821,1.0,0.7894736842105263,-0.5546206801370146
7440,1,0,25,7,1.0,-0.6441912651062012,1.0,0.8421052631578947,-0.6325805717828289
7441,1,0,25,8,1.0,-0.7596986293792725,1.0,0.8421052631578947,-0.634202167997245
7442,1,0,25,9,1.0,-1.554123878479004,1.0,0.7368421052631579,-0.49690508785891296
7443,1,0,25,10,1.0,-1.0870915651321411,1.0,0.7368421052631579,-0.4845697582721412
7444,1,0,25,11,1.0,-1.528701663017273,1.0,0.8421052631578947,-0.6518000356675553
7445,1,0,25,12,1.0,-1.8313930034637451,1.0,0.7894736842105263,-0.5813613329712487
7446,1,0,25,16,1.0,-0.48697614669799805,1.0,0.8421052631578947,-0.6308022055969659
7447,1,0,26,4,1.0,-1.9999721050262451,1.0,0.7368421052631579,-0.5127509617711579
7448,1,0,26,6,1.0,-0.7936481237411499,1.0,0.8421052631578947,-0.6347295213656161
7449,1,0,26,7,1.0,-0.876233696937561,1.0,0.7894736842105263,-0.5554991845563778
7450,1,0,26,8,1.0,-0.845412015914917,1.0,0.7368421052631579,-0.47989929232885997
7451,1,0,26,11,1.0,-2.0,1.0,0.6842105263157895,-0.44322299168975066
7452,1,0,26,19,1.0,-0.8286428451538086,1.0,0.7368421052631579,-0.4796185672105727
7453,1,0,27,1,1.0,-0.7777191400527954,1.0,0.7894736842105263,-0.5538698002479338
7454,1,0,27,3,1.0,-0.8532416820526123,1.0,0.9473684210526315,-0.8135502967824126
7455,1,0,27,7,1.0,-0.794646143913269,1.0,1.0,-0.9098146249403622
7456,1,0,27,9,1.0,-0.9057176113128662,1.0,0.7368421052631579,-0.4809553214767496
7457,1,0,27,10,1.0,-1.5454342365264893,1.0,0.6842105263157895,-0.4271066614840328
7458,1,0,27,11,1.0,-0.7986510992050171,1.0,0.8421052631578947,-0.6348091837050513
7459,1,0,27,19,1.0,-0.8807739019393921,1.0,0.8421052631578947,-0.636188374585813
7460,1,0,28,5,1.0,-0.8846302032470703,1.0,0.7894736842105263,-0.5556470356048587
7461,1,0,28,6,1.0,-1.96308171749115,1.0,0.7894736842105263,-0.5863582279353692
7462,1,0,28,7,1.0,-1.590006947517395,1.0,0.8947368421052632,-0.739861553341508
7463,1,0,28,9,1.0,-1.249733567237854,1.0,0.8947368421052632,-0.7301986723007827
7464,1,0,28,10,1.0,-1.9779971837997437,1.0,0.7894736842105263,-0.5869460582310864
7465,1,0,28,11,1.0,-0.8446651697158813,1.0,0.7894736842105263,-0.5549559221292008
7466,1,0,28,16,1.0,-0.8778872489929199,1.0,0.8947368421052632,-0.7222871926294158
7467,1,0,28,19,1.0,-0.7495049238204956,1.0,0.7894736842105263,-0.5534389059482009
7468,1,0,29,2,1.0,-0.8392922878265381,1.0,0.8947368421052632,-0.7216244478540232
7469,1,0,29,4,1.0,-0.9387664794921875,1.0,0.7894736842105263,-0.5566341546700707
7470,1,0,29,6,1.0,-0.7435238361358643,1.0,0.9473684210526315,-0.8117983600515148
7471,1,0,29,7,1.0,-0.5979068279266357,1.0,0.6842105263157895,-0.4067979174385636
7472,1,0,29,8,1.0,-0.7465574741363525,1.0,0.7368421052631579,-0.47832555818421524
7473,1,0,29,9,1.0,-0.7959122657775879,1.0,0.7894736842105263,-0.5541560929880412
7474,1,0,29,11,1.0,-0.892788290977478,1.0,0.6842105263157895,-0.41119370101481556
7475,1,0,29,12,1.0,-0.7583990097045898,1.0,0.7894736842105263,-0.5535730202190982
7476,1,0,29,14,1.0,-0.9981495141983032,1.0,0.8947368421052632,-0.7245433569369153
7477,1,0,29,15,1.0,-1.088497519493103,1.0,0.8947368421052632,-0.7264286009093985
7478,1,0,29,19,1.0,-0.7621910572052002,1.0,0.9473684210526315,-0.8120794351793288
7479,1,0,30,1,1.0,-0.7448606491088867,1.0,0.9473684210526315,-0.811818256968402
7480,1,0,30,2,1.0,-1.4391405582427979,1.0,0.8947368421052632,-0.7352915878737661
7481,1,0,30,5,1.0,-0.7654590606689453,1.0,0.7368421052631579,-0.4786113532979286
7482,1,0,30,6,1.0,-0.8207240104675293,1.0,0.8421052631578947,-0.6351666269360167
7483,1,0,30,9,1.0,-1.4534662961959839,1.0,0.7894736842105263,-0.5689469723816659
7484,1,0,30,11,1.0,-0.8158532381057739,1.0,0.7894736842105263,-0.5544774947011659
7485,1,0,30,12,1.0,-0.9634246826171875,1.0,0.8421052631578947,-0.6377126191131979
7486,1,0,31,2,1.0,-0.8837307691574097,1.0,0.8947368421052632,-0.7223901331335276
7487,1,0,31,5,1.0,-0.6916568279266357,1.0,0.8421052631578947,-0.6332146395986129
7488,1,0,31,6,1.0,-1.4032572507858276,1.0,0.7894736842105263,-0.5675126387587192
7489,1,0,31,7,1.0,-1.1274091005325317,1.0,0.6842105263157895,-0.4159335044893864
7490,1,0,31,8,1.0,-0.7997708320617676,1.0,0.8421052631578947,-0.6348270817606053
7491,1,0,31,11,1.0,-0.8566009998321533,1.0,0.8421052631578947,-0.635768400651572
7492,1,0,31,16,1.0,-1.0128228664398193,1.0,0.9473684210526315,-0.8165281846903266
7493,1,0,32,1,1.0,-0.7575819492340088,1.0,0.7368421052631579,-0.47849138166037875
7494,1,0,32,3,1.0,-1.8760024309158325,1.0,0.9473684210526315,-0.841463934310514
7495,1,0,32,4,1.0,-0.9065825939178467,1.0,0.8421052631578947,-0.6366496679183857
7496,1,0,32,7,1.0,-0.8048818111419678,1.0,0.9473684210526315,-0.8127484304015646
7497,1,0,32,8,1.0,-1.0824415683746338,1.0,0.8947368421052632,-0.7262971298994256
7498,1,0,32,9,1.0,-0.8544108867645264,1.0,0.9473684210526315,-0.8135702627367104
7499,1,0,32,10,1.0,-0.924968957901001,1.0,0.9473684210526315,-0.8148257588332976
7500,1,0,33,5,1.0,-1.9539397954940796,1.0,0.8421052631578947,-0.666609555166592
7501,1,0,33,6,1.0,-0.781707763671875,1.0,0.8421052631578947,-0.6345414182002864
7502,1,0,33,7,1.0,-0.7776584625244141,1.0,0.8421052631578947,-0.634478274765796
7503,1,0,33,8,1.0,-0.819574236869812,1.0,0.7368421052631579,-0.4794690968597341
7504,1,0,33,9,1.0,1.568326473236084,2.568326473236084,0.6842105263157895,-0.4293877974295181
7505,1,0,33,11,2.568326473236084,-1.0673147439956665,1.5010117292404175,0.5789473684210527,-0.29267793791630253
7506,1,0,33,13,1.5010117292404175,-0.8888999223709106,1.0,0.8421052631578947,-0.6363321786423477
7507,1,0,34,1,1.0,-0.79276442527771,1.0,0.6842105263157895,-0.40950774602960965
7508,1,0,34,2,1.0,-1.9442005157470703,1.0,0.8421052631578947,-0.6662299043767493
7509,1,0,34,3,1.0,-0.8401844501495361,1.0,0.9473684210526315,-0.8133291822052238
7510,1,0,34,5,1.0,-0.9996645450592041,1.0,1.0,-0.9134932920264842
7511,1,0,34,6,1.0,-0.7267229557037354,1.0,0.8947368421052632,-0.7198615949534399
7512,1,0,34,7,1.0,-0.8173397779464722,1.0,0.8947368421052632,-0.7212607755361081
7513,1,0,34,8,1.0,-0.8641664981842041,1.0,0.631578947368421,-0.34670190938800005
7514,1,0,34,9,1.0,-0.7467958927154541,1.0,0.7894736842105263,-0.5533983706936559
7515,1,0,34,10,1.0,-0.9957876205444336,1.0,0.7894736842105263,-0.5577372594921847
7516,1,0,34,12,1.0,-1.9622952938079834,1.0,0.8421052631578947,-0.6669367761234472
7517,1,0,34,13,1.0,-0.838813304901123,1.0,0.7368421052631579,-0.4797881551671182
7518,1,0,34,14,1.0,-0.7783026695251465,1.0,0.7368421052631579,-0.47880962801622645
7519,1,0,35,2,1.0,-0.8287246227264404,1.0,0.9473684210526315,-0.8131379281056237
7520,1,0,35,5,1.0,-1.9193854331970215,1.0,0.8947368421052632,-0.7514207368216614
7521,1,0,35,6,1.0,-0.6751623153686523,1.0,0.7368421052631579,-0.4773105190832663
7522,1,0,35,7,1.0,-0.8387190103530884,1.0,0.8947368421052632,-0.7216148281932488
7523,1,0,35,8,1.0,-0.9268777370452881,1.0,0.6842105263157895,-0.41181401508405263
7524,1,0,35,9,1.0,-1.547643780708313,1.0,0.8421052631578947,-0.6523827606420888
7525,1,0,35,11,1.0,-0.870689868927002,1.0,0.8947368421052632,-0.7221613408884934
7526,1,0,35,12,1.0,-1.081923007965088,1.0,0.7368421052631579,-0.48445765151396897
7527,1,0,35,15,1.0,-1.8324897289276123,1.0,0.9473684210526315,-0.8398502691687448
7528,1,0,35,16,1.0,-0.6911451816558838,1.0,0.7368421052631579,-0.4775288941835882
7529,1,0,35,18,1.0,-0.7444249391555786,1.0,0.8947368421052632,-0.7201220173103401
7530,1,0,36,1,1.0,-0.8199691772460938,1.0,0.8421052631578947,-0.6351542424387739
7531,1,0,36,5,1.0,-0.6919636726379395,1.0,0.8421052631578947,-0.6332188851649434
7532,1,0,36,6,1.0,-0.8236297369003296,1.0,0.8421052631578947,-0.6352144073575027
7533,1,0,36,7,1.0,-0.8234964609146118,1.0,0.9473684210526315,-0.8130515473138819
7534,1,0,36,9,1.0,-0.834251880645752,1.0,0.8421052631578947,-0.6353905099260473
7535,1,0,36,10,1.0,-0.8379664421081543,1.0,0.7368421052631579,-0.4797739551433207
7536,1,0,36,11,1.0,-0.7500622272491455,1.0,0.8421052631578947,-0.6340566813698971
7537,1,0,36,13,1.0,-0.7495806217193604,1.0,0.8421052631578947,-0.6340494590070094
7538,1,0,36,14,1.0,-0.6959726810455322,1.0,0.7894736842105263,-0.5526651093675062
7539,1,0,36,17,1.0,-0.8137469291687012,1.0,0.7368421052631579,-0.47937391820964165
7540,1,0,37,2,1.0,-0.7940750122070312,1.0,0.7368421052631579,-0.4790576288124427
7541,1,0,37,5,1.0,-0.8482780456542969,1.0,0.7368421052631579,-0.47994783398971747
7542,1,0,37,6,1.0,-0.8192780017852783,1.0,0.8947368421052632,-0.721292496852065
7543,1,0,37,7,1.0,-0.8739583492279053,1.0,0.8421052631578947,-0.6360687798842892
7544,1,0,37,8,1.0,-0.8077777624130249,1.0,0.8947368421052632,-0.7211053815444621
7545,1,0,37,9,1.0,-0.8046709299087524,1.0,0.7368421052631579,-0.4792270306167289
7546,1,0,37,10,1.0,-1.243126630783081,1.0,0.8947368421052632,-0.7300339706115931
7547,1,0,37,13,1.0,-0.8233585357666016,1.0,0.7368421052631579,-0.47953127034652393
7548,1,0,37,14,1.0,-0.7338948249816895,1.0,0.8421052631578947,-0.6338167640637866
7549,1,0,37,17,1.0,-0.9099462032318115,1.0,0.7368421052631579,-0.4810320984900866
7550,1,0,38,1,1.0,-0.784412145614624,1.0,0.8421052631578947,-0.6345837720643149
7551,1,0,38,3,1.0,-0.7302536964416504,1.0,0.9473684210526315,-0.8116027877141598
7552,1,0,38,4,1.0,-0.86411452293396,1.0,0.8947368421052632,-0.7220472714974261
7553,1,0,38,6,1.0,-1.46913743019104,1.0,0.8421052631578947,-0.6500143958103209
7554,1,0,38,7,1.0,-0.8023900985717773,1.0,0.8421052631578947,-0.6348690466252979
7555,1,0,38,9,1.0,-0.42408931255340576,1.0,0.8421052631578947,-0.6302292653726578
7556,1,0,38,10,1.0,-0.7719204425811768,1.0,0.7894736842105263,-0.5537799413366363
7557,1,0,38,11,1.0,-0.9474250078201294,1.0,0.8421052631578947,-0.6374068893768673
7558,1,0,38,14,1.0,-1.988555669784546,1.0,0.8421052631578947,-0.6679742844407602
7559,1,0,38,15,1.0,0.00879216194152832,1.0087921619415283,0.7894736842105263,-0.5478308948229467
7560,1,0,38,16,1.0087921619415283,-1.0027645826339722,1.0,0.7894736842105263,-0.55787669772174
7561,1,0,38,17,1.0,-0.8943238258361816,1.0,0.8947368421052632,-0.7225784834645549
7562,1,0,38,18,1.0,-1.1409472227096558,1.0,1.0,-0.9165176056500888
7563,1,0,39,1,1.0,-1.9999996423721313,1.0,0.7368421052631579,-0.5127520632572132
7564,1,0,39,2,1.0,-0.8069384098052979,1.0,0.9473684210526315,-0.812781579074684
7565,1,0,39,3,1.0,-0.9095983505249023,1.0,0.9473684210526315,-0.8145437746952692
7566,1,0,39,4,1.0,-0.931565523147583,1.0,0.631578947368421,-0.34791221526133287
7567,1,0,39,6,1.0,-0.8366689682006836,1.0,0.7368421052631579,-0.4797522271858267
7568,1,0,39,10,1.0,-0.9598551988601685,1.0,0.7368421052631579,-0.4819652975901157
7569,1,0,39,11,1.0,-0.7247335910797119,1.0,0.7894736842105263,-0.5530737174202821
7570,1,0,39,12,1.0,-1.9157779216766357,1.0,0.6842105263157895,-0.4399250421415872
7571,1,0,39,16,1.0,-1.050068974494934,1.0,0.8421052631578947,-0.639457196434406
7572,1,0,39,20,1.0,-0.7854158878326416,1.0,0.7894736842105263,-0.5539901108084885
7573,1,0,40,1,1.0,-0.6912569999694824,1.0,0.8421052631578947,-0.6332091103225057
7574,1,0,40,4,1.0,-0.7745189666748047,1.0,0.7368421052631579,-0.4787508738597168
7575,1,0,40,5,1.0,-0.832460880279541,1.0,0.7368421052631579,-0.47968198873428464
7576,1,0,40,6,1.0,-0.8193264007568359,1.0,0.631578947368421,-0.34594702953193207
7577,1,0,40,7,1.0,-0.828046441078186,1.0,0.8947368421052632,-0.7214369414957947
7578,1,0,40,8,1.0,-0.4970947504043579,1.0,0.7894736842105263,-0.5502923615486849
7579,1,0,40,9,1.0,-1.0203402042388916,1.0,0.8947368421052632,-0.7249912737338349
7580,1,0,40,10,1.0,-1.6901177167892456,1.0,0.8947368421052632,-0.7431453113760211
7581,1,0,40,11,1.0,-0.7212728261947632,1.0,0.8421052631578947,-0.6336330928205074
7582,1,0,40,16,1.0,-0.8297431468963623,1.0,0.7368421052631579,-0.4796368144605415
7583,1,0,40,18,1.0,-0.9217298030853271,1.0,0.9473684210526315,-0.8147659414014501
7584,1,0,41,1,1.0,-1.7424691915512085,1.0,0.7368421052631579,-0.503114066397378
7585,1,0,41,2,1.0,-0.9046581983566284,1.0,0.8947368421052632,-0.7227643969685108
7586,1,0,41,5,1.0,-0.9375737905502319,1.0,0.8421052631578947,-0.6372211940497049
7587,1,0,41,6,1.0,-0.8264403343200684,1.0,0.7894736842105263,-0.5546513659017999
7588,1,0,41,7,1.0,-0.8126519918441772,1.0,0.7894736842105263,-0.5544253622383722
7589,1,0,41,8,1.0,-1.4500421285629272,1.0,0.8421052631578947,-0.6494569696685106
7590,1,0,41,9,1.0,-1.0230598449707031,1.0,1.0,-0.9139665144639147
7591,1,0,41,10,1.0,-0.7362394332885742,1.0,0.7368421052631579,-0.47817256259361757
7592,1,0,41,11,1.0,-0.7592651844024658,1.0,0.7894736842105263,-0.5535861658423463
7593,1,0,41,12,1.0,-0.8437905311584473,1.0,1.0,-0.9106198246047266
7594,1,0,41,13,1.0,-0.8153872489929199,1.0,0.8947368421052632,-0.7212288960681746
7595,1,0,41,14,1.0,-1.7269395589828491,1.0,0.8947368421052632,-0.744403534813771
7596,1,0,41,17,1.0,-0.9750754833221436,1.0,0.8947368421052632,-0.7240880543917313
7597,1,0,42,1,1.0,-1.159861445426941,1.0,0.7368421052631579,-0.48620486328820545
7598,1,0,42,3,1.0,-0.8909894227981567,1.0,0.8421052631578947,-0.6363693694378195
7599,1,0,42,5,1.0,-0.8379182815551758,1.0,0.9473684210526315,-0.8132911535681367
7600,1,0,42,6,1.0,-1.6959984302520752,1.0,0.9473684210526315,-0.835034189856668
7601,1,0,42,8,1.0,-1.8400273323059082,1.0,0.7894736842105263,-0.5816783354762172
7602,1,0,42,9,1.0,-1.924666166305542,1.0,0.8421052631578947,-0.6654741464396503
7603,1,0,42,12,1.0,-1.3990846872329712,1.0,0.7368421052631579,-0.49232645718282453
7604,1,0,42,13,1.0,-1.6306077241897583,1.0,0.7894736842105263,-0.5744101451417623
7605,1,0,42,15,1.0,-1.1184331178665161,1.0,0.8947368421052632,-0.7270892588013784
7606,1,0,42,16,1.0,0.2662947177886963,1.2662947177886963,0.6842105263157895,-0.404198415174761
7607,1,0,43,1,1.2662947177886963,-0.7975571155548096,1.0,0.7368421052631579,-0.4791130510880478
7608,1,0,43,2,1.0,-0.8539682626724243,1.0,0.9473684210526315,-0.8135627010390105
7609,1,0,43,3,1.0,-0.7582833766937256,1.0,0.8421052631578947,-0.634180684716138
7610,1,0,43,4,1.0,-0.7921872138977051,1.0,0.8421052631578947,-0.6347063537410677
7611,1,0,43,5,1.0,-0.7434263229370117,1.0,0.7368421052631579,-0.4782789045386832
7612,1,0,43,6,1.0,-0.835374116897583,1.0,0.8421052631578947,-0.6354092470742617
7613,1,0,43,7,1.0,-0.8417245149612427,1.0,0.6842105263157895,-0.41030799328061807
7614,1,0,43,8,1.0,-0.7370672225952148,1.0,0.7894736842105263,-0.5532540105461314
7615,1,0,43,9,1.0,-0.7413015365600586,1.0,0.7368421052631579,-0.4782473572433898
7616,1,0,43,12,1.0,-1.524856448173523,1.0,0.8947368421052632,-0.7378322042853359
7617,1,0,43,14,1.0,-0.8972909450531006,1.0,0.7894736842105263,-0.5558726400406321
7618,1,0,44,1,1.0,-1.999758005142212,1.0,0.8421052631578947,-0.6684210687137412
7619,1,0,44,2,1.0,-0.8803174495697021,1.0,0.8421052631578947,-0.6361803360426066
7620,1,0,44,3,1.0,-0.8128705024719238,1.0,0.8421052631578947,-0.6350383324603271
7621,1,0,44,4,1.0,-0.7854187488555908,1.0,0.7894736842105263,-0.553990155750428
7622,1,0,44,5,1.0,-0.7963136434555054,1.0,0.8421052631578947,-0.6347719021099714
7623,1,0,44,6,1.0,-0.7833306789398193,1.0,0.7894736842105263,-0.5539573991655723
7624,1,0,44,7,1.0,-1.0640475749969482,1.0,0.6842105263157895,-0.41454496410831954
7625,1,0,44,8,1.0,-1.0195597410202026,1.0,0.6842105263157895,-0.4136180123448425
7626,1,0,44,9,1.0,-1.836907982826233,1.0,0.6842105263157895,-0.4369653010634581
7627,1,0,44,10,1.0,-0.814849853515625,1.0,0.8947368421052632,-0.7212201352477166
7628,1,0,44,11,1.0,-1.3287413120269775,1.0,0.7894736842105263,-0.5654768643827609
7629,1,0,44,12,1.0,-0.9142513275146484,1.0,0.9473684210526315,-0.8146286380011158
7630,1,0,44,13,1.0,-1.99071204662323,1.0,0.6842105263157895,-0.44285233621545916
7631,1,0,44,16,1.0,-0.947425365447998,1.0,0.7894736842105263,-0.5567974778708319
7632,1,0,45,5,1.0,-0.8778562545776367,1.0,0.7894736842105263,-0.5555276456768999
7633,1,0,45,7,1.0,-0.8224847316741943,1.0,0.8947368421052632,-0.7213451437483439
7634,1,0,45,12,1.0,-0.7267724275588989,1.0,0.8947368421052632,-0.7198623140245708
7635,1,0,45,14,1.0,-1.9964189529418945,1.0,0.6842105263157895,-0.4430798780464068
7636,1,0,45,15,1.0,-0.9892678260803223,1.0,0.7894736842105263,-0.557607837957066
7637,1,0,45,18,1.0,-0.8680139780044556,1.0,0.7894736842105263,-0.5553558123000003
7638,1,0,45,20,1.0,-0.7163443565368652,1.0,0.7368421052631579,-0.47788356993374886
7639,1,0,46,1,1.0,-0.78013014793396,1.0,0.8947368421052632,-0.7206663628871268
7640,1,0,46,3,1.0,-0.8983006477355957,1.0,0.9473684210526315,-0.8143395236397148
7641,1,0,46,4,1.0,-0.7623025178909302,1.0,0.7368421052631579,-0.47856312885015523
7642,1,0,46,6,1.0,-1.2721807956695557,1.0,0.9473684210526315,-0.8224545228711971
7643,1,0,46,8,1.0,-0.8580499887466431,1.0,0.8947368421052632,-0.7219428302418534
7644,1,0,46,9,1.0,-0.8206664323806763,1.0,0.8421052631578947,-0.6351656818548018
7645,1,0,46,10,1.0,-0.8890160322189331,1.0,0.8421052631578947,-0.6363342429778606
7646,1,0,46,13,1.0,-0.9483234882354736,1.0,0.8947368421052632,-0.7235735067933632
7647,1,0,46,16,1.0,-0.8313946723937988,1.0,0.8421052631578947,-0.6353429189352855
7648,1,0,46,19,1.0,-0.7419180870056152,1.0,0.8947368421052632,-0.7200847568882329
7649,1,0,47,1,1.0,-0.7215659618377686,1.0,0.8947368421052632,-0.7197869067828009
7650,1,0,47,3,1.0,-0.8863255977630615,1.0,0.8421052631578947,-0.636286478574938
7651,1,0,47,5,1.0,-1.9586749076843262,1.0,0.7894736842105263,-0.5861854035798112
7652,1,0,47,6,1.0,-0.8048923015594482,1.0,0.8421052631578947,-0.6349092640935342
7653,1,0,47,7,1.0,-0.78645920753479,1.0,0.7894736842105263,-0.5540065104910517
7654,1,0,47,12,1.0,-0.7932556867599487,1.0,0.7894736842105263,-0.5541138754856592
7655,1,0,47,13,1.0,-0.8170425891876221,1.0,0.6842105263157895,-0.4098985776152148
7656,1,0,47,14,1.0,-1.8349568843841553,1.0,0.8947368421052632,-0.7482510000854603
7657,1,0,47,15,1.0,-0.8123680353164673,1.0,0.8421052631578947,-0.6350301661704769
7658,1,0,47,18,1.0,-0.7190349102020264,1.0,0.9473684210526315,-0.8114401951233853
7659,1,0,48,2,1.0,-0.8418877124786377,1.0,0.8421052631578947,-0.6355184971266628
7660,1,0,48,3,1.0,-0.7020615339279175,1.0,0.8947368421052632,-0.7195092363841844
7661,1,0,48,4,1.0,-0.6905999183654785,1.0,0.8421052631578947,-0.6332000303949017
7662,1,0,48,5,1.0,-0.776016354560852,1.0,1.0,-0.9095220138254592
7663,1,0,48,7,1.0,-0.7730823755264282,1.0,0.8947368421052632,-0.7205568960034681
7664,1,0,48,10,1.0,-0.8321084976196289,1.0,0.7894736842105263,-0.5547453751579972
7665,1,0,48,11,1.0,-0.8002445697784424,1.0,0.8947368421052632,-0.720984246124571
7666,1,0,48,15,1.0,-0.8087093830108643,1.0,0.8947368421052632,-0.7211204410716703
7667,1,0,48,18,1.0,-0.7108485698699951,1.0,0.7894736842105263,-0.5528743865327513
7668,1,0,48,19,1.0,-0.9380289316177368,1.0,0.9473684210526315,-0.8150690658680121
7669,1,0,49,2,1.0,-1.9986079931259155,1.0,0.8947368421052632,-0.7545246715118402
7670,1,0,49,4,1.0,-0.7239768505096436,1.0,0.7368421052631579,-0.47799350236306537
7671,1,0,49,5,1.0,-1.972643494606018,1.0,0.8421052631578947,-0.667343971490552
7672,1,0,49,6,1.0,-0.9027936458587646,1.0,0.8421052631578947,-0.6365811115924672
7673,1,0,49,7,1.0,-0.8023192882537842,1.0,0.8421052631578947,-0.6348679103254782
7674,1,0,49,12,1.0,-0.8459670543670654,1.0,0.7894736842105263,-0.5549779322106341
7675,1,0,49,14,1.0,-1.9980902671813965,1.0,0.8947368421052632,-0.7545039795680224
7676,1,0,50,2,1.0,-0.6977819204330444,1.0,0.7894736842105263,-0.5526903257247214
7677,1,0,50,4,1.0,-1.8265553712844849,1.0,0.8421052631578947,-0.6617937931661196
7678,1,0,50,5,1.0,-0.8238611221313477,1.0,0.8947368421052632,-0.7213678038955674
7679,1,0,50,6,1.0,-0.7905149459838867,1.0,1.0,-0.909749138798239
7680,1,0,50,7,1.0,-1.2402232885360718,1.0,0.8421052631578947,-0.6438122859767099
7681,1,0,50,9,1.0,-0.8178591728210449,1.0,0.7894736842105263,-0.5545102659055644
7682,1,0,50,10,1.0,-0.8943809270858765,1.0,0.631578947368421,-0.3472332444495105
7683,1,0,50,14,1.0,-0.8703391551971436,1.0,0.7894736842105263,-0.555396232090582
7684,1,0,50,19,1.0,-1.9978153705596924,1.0,0.8421052631578947,-0.6683434104708832
7685,1,0,51,3,1.0,-0.7355546951293945,1.0,1.0,-0.9089104070952689
7686,1,0,51,5,1.0,-0.7958292961120605,1.0,0.8421052631578947,-0.6347641906079398
7687,1,0,51,6,1.0,-0.7997448444366455,1.0,0.8421052631578947,-0.6348266660844675
7688,1,0,51,7,1.0,-0.7043581008911133,1.0,0.7894736842105263,-0.5527825329827986
7689,1,0,51,8,1.0,-0.708025336265564,1.0,0.7368421052631579,-0.4777650763302664
7690,1,0,51,9,1.0,-0.7382051944732666,1.0,0.7894736842105263,-0.5532707987313623
7691,1,0,51,11,1.0,-1.005186915397644,1.0,0.7894736842105263,-0.5579253369887555
7692,1,0,51,12,1.0,-0.9324394464492798,1.0,0.7368421052631579,-0.4814465107752731
7693,1,0,51,13,1.0,-0.7945653200149536,1.0,0.8421052631578947,-0.6347440884001423
7694,1,0,51,19,1.0,-0.7110893726348877,1.0,0.8947368421052632,-0.719636813368715
7695,1,0,52,1,1.0,-0.7243773937225342,1.0,0.8421052631578947,-0.6336779740078001
7696,1,0,52,3,1.0,-0.7473533153533936,1.0,0.8947368421052632,-0.7201657021896692
7697,1,0,52,4,1.0,-0.8206570148468018,1.0,1.0,-0.9102347793601726
7698,1,0,52,6,1.0,-0.8085767030715942,1.0,0.9473684210526315,-0.8128080459499942
7699,1,0,52,7,1.0,-0.8675415515899658,1.0,0.9473684210526315,-0.8137963665398442
7700,1,0,52,9,1.0,-1.066743016242981,1.0,0.8421052631578947,-0.6398101545494693
7701,1,0,52,13,1.0,-0.9496510028839111,1.0,0.8421052631578947,-0.6374491181952218
7702,1,0,52,14,1.0,-0.8487920761108398,1.0,0.9473684210526315,-0.8134745629871785
7703,1,0,52,15,1.0,-0.8223109245300293,1.0,0.8947368421052632,-0.7213422849759865
7704,1,0,52,16,1.0,-0.9569909572601318,1.0,0.8421052631578947,-0.6375890648452143
7705,1,0,52,19,1.0,-1.6536099910736084,1.0,0.6842105263157895,-0.4305672517155353
7706,1,0,53,1,1.0,-0.973153829574585,1.0,0.9473684210526315,-0.8157403668626497
7707,1,0,53,2,1.0,-0.791490912437439,1.0,0.8421052631578947,-0.6346953265671481
7708,1,0,53,3,1.0,-0.8476567268371582,1.0,0.8947368421052632,-0.721765551675495
7709,1,0,53,4,1.0,-0.8471217155456543,1.0,0.6842105263157895,-0.4103991436992408
7710,1,0,53,5,1.0,-0.907289981842041,1.0,0.7368421052631579,-0.48098382867383604
7711,1,0,53,6,1.0,-1.2162412405014038,1.0,0.8947368421052632,-0.7293727599609361
7712,1,0,53,7,1.0,-0.868471622467041,1.0,0.6842105263157895,-0.410765421280056
7713,1,0,53,8,1.0,-0.5504319667816162,1.0,0.8421052631578947,-0.6314605014229884
7714,1,0,53,9,1.0,-0.8011600971221924,1.0,0.6842105263157895,-0.40964156670195906
7715,1,0,53,10,1.0,-1.8690835237503052,1.0,0.8421052631578947,-0.6633654801099862
7716,1,0,53,11,1.0,-0.7476654052734375,1.0,0.7368421052631579,-0.47834211314475367
7717,1,0,53,12,1.0,-1.3708964586257935,1.0,0.7368421052631579,-0.49154564856505417
7718,1,0,53,13,1.0,-1.052459716796875,1.0,0.7368421052631579,-0.4838287921171283
7719,1,0,53,14,1.0,-0.8687832355499268,1.0,0.8947368421052632,-0.7221281755136982
7720,1,0,53,17,1.0,-0.9277031421661377,1.0,0.7368421052631579,-0.481358408762176
7721,1,0,54,2,1.0,-1.0066241025924683,1.0,1.0,-0.9136329208392009
7722,1,0,54,4,1.0,-0.8854424953460693,1.0,0.8421052631578947,-0.6362708320480843
7723,1,0,54,8,1.0,-1.1246130466461182,1.0,1.0,-0.9161475450468666
7724,1,0,54,10,1.0,-1.7269724607467651,1.0,0.7894736842105263,-0.5776456684416665
7725,1,0,54,13,1.0,-0.7683839797973633,1.0,0.8947368421052632,-0.7204844718140646
7726,1,0,54,18,1.0,-1.0208892822265625,1.0,0.8421052631578947,-0.6388528971880882
7727,1,0,55,1,1.0,-0.7426613569259644,1.0,0.7368421052631579,-0.4782675364730379
7728,1,0,55,2,1.0,-0.7356798648834229,1.0,0.8421052631578947,-0.6338429965583865
7729,1,0,55,3,1.0,-0.9852943420410156,1.0,0.7894736842105263,-0.5575293790444695
7730,1,0,55,4,1.0,-0.883777379989624,1.0,0.7368421052631579,-0.48056270213614
7731,1,0,55,5,1.0,-0.8093411922454834,1.0,0.8947368421052632,-0.7211306640646256
7732,1,0,55,7,1.0,-0.8051612377166748,1.0,0.7894736842105263,-0.5543041758271037
7733,1,0,55,8,1.0,-0.8537172079086304,1.0,1.0,-0.910788330710793
7734,1,0,55,10,1.0,-0.7681235074996948,1.0,0.8421052631578947,-0.6343308851501739
7735,1,0,55,12,1.0,-0.7323296070098877,1.0,0.8947368421052632,-0.7199433989430047
7736,1,0,55,19,1.0,-0.8381092548370361,1.0,0.8947368421052632,-0.7216046036404071
7737,1,0,56,4,1.0,-0.8845853805541992,1.0,0.8947368421052632,-0.7224052453648744
7738,1,0,56,5,1.0,-1.9999998807907104,1.0,0.8947368421052632,-0.7545803276416008
7739,1,0,56,6,1.0,-1.1469736099243164,1.0,0.9473684210526315,-0.8194255677211211
7740,1,0,56,7,1.0,-0.8284174203872681,1.0,0.7368421052631579,-0.4796148317863377
7741,1,0,56,8,1.0,-0.8100411891937256,1.0,0.7894736842105263,-0.554382996921793
7742,1,0,56,10,1.0,-0.798574686050415,1.0,0.7894736842105263,-0.5541985449318944
7743,1,0,56,11,1.0,-0.7556343078613281,1.0,0.7894736842105263,-0.5535311617120598
7744,1,0,56,12,1.0,-0.835942268371582,1.0,0.7368421052631579,-0.479740072322829
7745,1,0,56,14,1.0,-0.6890932321548462,1.0,0.8421052631578947,-0.6331792427484537
7746,1,0,57,1,1.0,-1.585115671157837,1.0,0.7894736842105263,-0.5729472465493908
7747,1,0,57,3,1.0,0.7334294319152832,1.7334294319152832,0.8947368421052632,-0.7206929491578832
7748,1,0,57,4,1.7334294319152832,-1.9618346691131592,1.0,0.7368421052631579,-0.5112400302516701
7749,1,0,57,5,1.0,-0.8041794300079346,1.0,0.8947368421052632,-0.721047377966451
7750,1,0,57,7,1.0,-2.0,1.0,0.9473684210526315,-0.846270083102493
7751,1,0,57,8,1.0,-1.187185287475586,1.0,0.7894736842105263,-0.5619154187078741
7752,1,0,57,9,1.0,-1.7595990896224976,1.0,0.7368421052631579,-0.5037139671243299
7753,1,0,57,11,1.0,-0.8540518283843994,1.0,0.7894736842105263,-0.5551153748955565
7754,1,0,57,12,1.0,-0.936851978302002,1.0,0.8947368421052632,-0.723357248702456
7755,1,0,57,13,1.0,-0.9224461317062378,1.0,0.7894736842105263,-0.5563303982988872
7756,1,0,57,14,1.0,-1.9999831914901733,1.0,0.7894736842105263,-0.5878206573023214
7757,1,0,58,1,1.0,-0.7138123512268066,1.0,0.8947368421052632,-0.7196756131376116
7758,1,0,58,2,1.0,-1.2737444639205933,1.0,0.8421052631578947,-0.6446549975161212
7759,1,0,58,3,1.0,-0.8966778516769409,1.0,0.7894736842105263,-0.5558616413367689
7760,1,0,58,4,1.0,-0.8122332096099854,1.0,0.8947368421052632,-0.7211775602779056
7761,1,0,58,5,1.0,-0.8055753707885742,1.0,0.9473684210526315,-0.8127595998827044
7762,1,0,58,6,1.0,-1.2904407978057861,1.0,0.8421052631578947,-0.6450831224488539
7763,1,0,58,7,1.0,-0.21145451068878174,1.0,0.7894736842105263,-0.5482684597407955
7764,1,0,58,8,1.0,-0.8481013774871826,1.0,0.9473684210526315,-0.8134628425674495
7765,1,0,58,9,1.0,-1.0644935369491577,1.0,0.8421052631578947,-0.6397622128245029
7766,1,0,58,10,1.0,-0.7329436540603638,1.0,0.7894736842105263,-0.5531933936401627
7767,1,0,58,11,1.0,-0.9621604681015015,1.0,0.8947368421052632,-0.7238378600737452
7768,1,0,58,12,1.0,-0.8675026893615723,1.0,0.7368421052631579,-0.48027768672282234
7769,1,0,58,17,1.0,-1.6630661487579346,1.0,0.8421052631578947,-0.6560886380738831
7770,1,0,59,4,1.0,-0.7822883129119873,1.0,0.9473684210526315,-0.8123898331476798
7771,1,0,59,5,1.0,-0.744347095489502,1.0,0.7894736842105263,-0.5533618556255258
7772,1,0,59,6,1.0,-0.7785441875457764,1.0,0.8421052631578947,-0.6344920584420507
7773,1,0,59,8,1.0,0.30153918266296387,1.3015391826629639,0.631578947368421,-0.340444869991634
7774,1,0,59,10,1.3015391826629639,-0.74977707862854,1.0,0.8947368421052632,-0.7202019890863397
7775,1,0,59,13,1.0,-0.8277209997177124,1.0,0.7368421052631579,-0.4796032980960636
7776,1,0,59,14,1.0,-0.9973735809326172,1.0,0.8947368421052632,-0.7245278730093957
7777,1,0,59,17,1.0,-0.7766540050506592,1.0,0.8421052631578947,-0.6344626623580498
7778,1,0,60,1,1.0,-0.787541389465332,1.0,0.8947368421052632,-0.720782546811182
7779,1,0,60,3,1.0,-1.168382167816162,1.0,0.7368421052631579,-0.4864032464630347
7780,1,0,60,4,1.0,-1.4493857622146606,1.0,0.6842105263157895,-0.4242301825668564
7781,1,0,60,5,1.0,-0.7659130096435547,1.0,0.9473684210526315,-0.8121363104859054
7782,1,0,60,6,1.0,-0.8859500885009766,1.0,0.7894736842105263,-0.555670405233038
7783,1,0,60,7,1.0,-0.7788320779800415,1.0,0.8947368421052632,-0.7206461264668793
7784,1,0,60,8,1.0,-1.4350990056991577,1.0,0.7368421052631579,-0.49334716912391385
7785,1,0,60,9,1.0,-1.899488925933838,1.0,0.5789473684210527,-0.31686590035700957
7786,1,0,60,10,1.0,-0.7829327583312988,1.0,0.6842105263157895,-0.4093528287304332
7787,1,0,60,11,1.0,-0.9072412252426147,1.0,0.5263157894736842,-0.23610759770973624
7788,1,0,60,12,1.0,-0.8012393712997437,1.0,0.8947368421052632,-0.7210001777111803
7789,1,0,60,13,1.0,-0.7373107671737671,1.0,0.8947368421052632,-0.7200166040838759
7790,1,0,60,14,1.0,-1.0130820274353027,1.0,0.8421052631578947,-0.6386940998655618
7791,1,0,60,16,1.0,-0.7341213226318359,1.0,0.7894736842105263,-0.5532106708033163
7792,1,0,60,17,1.0,-0.8054172992706299,1.0,0.7894736842105263,-0.5543082998995331
7793,1,0,60,19,1.0,-0.7078897953033447,1.0,0.8421052631578947,-0.6334418275453837
7794,1,0,60,20,1.0,-0.8016653060913086,1.0,0.9473684210526315,-0.8126967557323976
7795,1,0,61,1,1.0,-0.9766842126846313,1.0,0.8421052631578947,-0.6379698684355115
7796,1,0,61,2,1.0,-0.894456148147583,1.0,0.9473684210526315,-0.814270601112083
7797,1,0,61,3,1.0,-0.7696075439453125,1.0,0.8421052631578947,-0.634353705639413
7798,1,0,61,4,1.0,-0.7633881568908691,1.0,0.8947368421052632,-0.7204079471907846
7799,1,0,61,5,1.0,-0.8720912933349609,1.0,0.7894736842105263,-0.5554267618789956
7800,1,0,61,6,1.0,-0.9382741451263428,1.0,0.7894736842105263,-0.5566249133540149
7801,1,0,61,7,1.0,-1.7787855863571167,1.0,0.631578947368421,-0.37087485364447886
7802,1,0,61,9,1.0,-0.8473951816558838,1.0,0.5789473684210527,-0.2879661044984928
7803,1,0,61,13,1.0,-0.8548581600189209,1.0,0.8421052631578947,-0.6357385726599469
7804,1,0,61,14,1.0,-0.814849853515625,1.0,0.8947368421052632,-0.7212201352477166
7805,1,0,61,15,1.0,-0.8430845737457275,1.0,0.8947368421052632,-0.7216882483948523
7806,1,0,61,16,1.0,-0.7642240524291992,1.0,1.0,-0.909340384023113
7807,1,0,61,19,1.0,-0.6686875820159912,1.0,0.9473684210526315,-0.8107415139259169
7808,1,0,62,2,1.0,-0.7113585472106934,1.0,0.8947368421052632,-0.7196406422368693
7809,1,0,62,9,1.0,-0.6754539012908936,1.0,0.9473684210526315,-0.8108324628301838
7810,1,0,62,10,1.0,-0.8573908805847168,1.0,0.8947368421052632,-0.7219315236310706
7811,1,0,62,11,1.0,-0.8829289674758911,1.0,0.8947368421052632,-0.7223759680260526
7812,1,0,62,20,1.0,-0.9981670379638672,1.0,0.8421052631578947,-0.6383941222792132
7813,1,0,63,2,1.0,-0.8022434711456299,1.0,0.9473684210526315,-0.8127060289724508
7814,1,0,63,6,1.0,-0.7318782806396484,1.0,0.8947368421052632,-0.7199367905866927
7815,1,0,63,8,1.0,-0.9395254850387573,1.0,0.7894736842105263,-0.5566484110102623
7816,1,0,63,9,1.0,-0.855144739151001,1.0,0.8421052631578947,-0.6357434731714139
7817,1,0,63,12,1.0,-1.9871172904968262,1.0,0.8947368421052632,-0.7540666836718867
7818,1,0,63,15,1.0,-0.810575008392334,1.0,0.7894736842105263,-0.5543916480821914
7819,1,0,63,17,1.0,-0.8073437213897705,1.0,1.0,-0.9100180388446748
7820,1,0,64,1,1.0,-0.9213912487030029,1.0,0.631578947368421,-0.34772369035402534
7821,1,0,64,4,1.0,-0.7048192024230957,1.0,0.8947368421052632,-0.7195480334910155
7822,1,0,64,6,1.0,-1.0398404598236084,1.0,1.0,-0.9143126818188617
7823,1,0,64,7,1.0,-0.7789783477783203,1.0,0.7894736842105263,-0.5538894023029636
7824,1,0,64,8,1.0,-1.6164522171020508,1.0,0.8421052631578947,-0.654559925624179
7825,1,0,64,10,1.0,-0.8555488586425781,1.0,0.8947368421052632,-0.7218999709052184
7826,1,0,64,11,1.0,-0.8156042098999023,1.0,0.8947368421052632,-0.7212324346820367
7827,1,0,64,13,1.0,-0.8430875539779663,1.0,0.8421052631578947,-0.6355387141591631
7828,1,0,64,14,1.0,-0.7271727323532104,1.0,0.8421052631578947,-0.6337185497492179
7829,1,0,64,15,1.0,-0.821814775466919,1.0,0.8947368421052632,-0.7213341276617297
7830,1,0,64,16,1.0,-0.7946207523345947,1.0,0.7894736842105263,-0.5541355510402971
7831,1,0,64,18,1.0,-0.8840663433074951,1.0,0.8421052631578947,-0.6362464809161285
7832,1,0,64,20,1.0,-0.8787397146224976,1.0,0.8947368421052632,-0.7223021672705205
7833,1,0,65,5,1.0,-0.8278540372848511,1.0,0.8421052631578947,-0.6352841709929259
7834,1,0,65,7,1.0,-1.995154857635498,1.0,0.8421052631578947,-0.6682371769819029
7835,1,0,65,9,1.0,-0.399883508682251,1.0,0.8421052631578947,-0.6300298161275979
7836,1,0,65,10,1.0,-0.8467559814453125,1.0,0.8947368421052632,-0.7217502893311063
7837,1,0,65,11,1.0,-0.7295643091201782,1.0,0.8947368421052632,-0.7199029732213922
7838,1,0,65,16,1.0,-0.8291594982147217,1.0,0.631578947368421,-0.34610912675695743
7839,1,0,66,1,1.0,-0.928349494934082,1.0,0.7368421052631579,-0.4813704054097704
7840,1,0,66,3,1.0,-0.761810302734375,1.0,0.7894736842105263,-0.5536248790134116
7841,1,0,66,4,1.0,-0.7785400152206421,1.0,0.8421052631578947,-0.6344919934754352
7842,1,0,66,6,1.0,-0.809727668762207,1.0,0.8947368421052632,-0.721136921385563
7843,1,0,66,7,1.0,-1.1443767547607422,1.0,0.8947368421052632,-0.7276763139783395
7844,1,0,66,11,1.0,-1.8096132278442383,1.0,0.8947368421052632,-0.7473273327538607
7845,1,0,66,14,1.0,-0.7991262674331665,1.0,0.7368421052631579,-0.47913810547534336
7846,1,0,66,18,1.0,-0.7208772897720337,1.0,0.8421052631578947,-0.6336273885915283
7847,1,0,67,1,1.0,-0.770356297492981,1.0,0.8421052631578947,-0.6343652361733085
7848,1,0,67,2,1.0,-0.7238956689834595,1.0,0.6842105263157895,-0.40846324108548077
7849,1,0,67,3,1.0,-1.1935187578201294,1.0,0.7894736842105263,-0.5620661998925742
7850,1,0,67,4,1.0,-0.8906688690185547,1.0,0.8947368421052632,-0.7225132427523602
7851,1,0,67,6,1.0,-0.8514491319656372,1.0,0.7368421052631579,-0.4800017338055771
7852,1,0,67,7,1.0,-1.304405927658081,1.0,0.7894736842105263,-0.5648360778809846
7853,1,0,67,8,1.0,-0.8178147077560425,1.0,0.9473684210526315,-0.8129582920647139
7854,1,0,67,9,1.0,-1.2264647483825684,1.0,0.631578947368421,-0.3542762298124117
7855,1,0,67,11,1.0,-1.96244478225708,1.0,0.8421052631578947,-0.666942643156518
7856,1,0,67,12,1.0,-0.6779428720474243,1.0,0.7894736842105263,-0.5524173950174883
7857,1,0,67,15,1.0,-0.7125362157821655,1.0,0.7368421052631579,-0.47782915615033844
7858,1,0,67,18,1.0,-1.999997615814209,1.0,0.6842105263157895,-0.4432228963223759
7859,1,0,68,1,1.0,-0.798492431640625,1.0,0.9473684210526315,-0.8126459847363665
7860,1,0,68,3,1.0,-0.7299076318740845,1.0,0.7894736842105263,-0.5531489811505695
7861,1,0,68,4,1.0,-0.8749332427978516,1.0,0.8421052631578947,-0.6360858297159653
7862,1,0,68,5,1.0,-0.8048396110534668,1.0,0.8421052631578947,-0.6349084159176446
7863,1,0,68,9,1.0,-0.8242754936218262,1.0,0.7368421052631579,-0.4795463784561818
7864,1,0,68,10,1.0,-0.8150200843811035,1.0,0.7368421052631579,-0.4793946549417725
7865,1,0,68,11,1.0,-1.113121509552002,1.0,0.6842105263157895,-0.41561338664002395
7866,1,0,68,12,1.0,-1.0509226322174072,1.0,0.8421052631578947,-0.6394751317115053
7867,1,0,69,1,1.0,-0.8002134561538696,1.0,0.8421052631578947,-0.6348341636765348
7868,1,0,69,5,1.0,-0.9084986448287964,1.0,0.8421052631578947,-0.6366844457989952
7869,1,0,69,7,1.0,-0.8097519874572754,1.0,1.0,-0.91005698281191
7870,1,0,69,9,1.0,-0.8909602165222168,1.0,0.9473684210526315,-0.8142081841767461
7871,1,0,69,10,1.0,-0.8972065448760986,1.0,0.8947368421052632,-0.7226301282516573
7872,1,0,69,11,1.0,-1.9971327781677246,1.0,0.8421052631578947,-0.6683161412587569
7873,1,0,69,20,1.0,-1.1520346403121948,1.0,0.6842105263157895,-0.41649482981454317
7874,1,0,70,2,1.0,-0.8186595439910889,1.0,1.0,-0.910202034489677
7875,1,0,70,3,1.0,-0.9660060405731201,1.0,0.7894736842105263,-0.5571530063441267
7876,1,0,70,4,1.0,-0.9292793273925781,1.0,0.8947368421052632,-0.7232159330931642
7877,1,0,70,5,1.0,-0.8615424633026123,1.0,0.7894736842105263,-0.5552438838006245
7878,1,0,70,6,1.0,-1.9917505979537964,1.0,0.7894736842105263,-0.5874920340843822
7879,1,0,70,8,1.0,-0.908700704574585,1.0,0.9473684210526315,-0.8145274528074364
7880,1,0,70,11,1.0,-0.819117546081543,1.0,0.7894736842105263,-0.5545308651828756
7881,1,0,70,14,1.0,-0.7872893810272217,1.0,0.7368421052631579,-0.478950323257109
7882,1,0,71,2,1.0,-0.9069435596466064,1.0,0.7894736842105263,-0.5560467958437337
7883,1,0,71,3,1.0,-0.9676663875579834,1.0,0.9473684210526315,-0.8156338654785881
7884,1,0,71,4,1.0,-0.9145712852478027,1.0,0.6842105263157895,-0.41158739804774885
7885,1,0,71,6,1.0,-0.8359156847000122,1.0,0.8421052631578947,-0.6354182982417125
7886,1,0,71,7,1.0,-0.7554488182067871,1.0,0.631578947368421,-0.3449411011914609
7887,1,0,71,10,1.0,-0.9712550640106201,1.0,0.8421052631578947,-0.6378641119161004
7888,1,0,71,11,1.0,-1.0321044921875,1.0,0.7368421052631579,-0.4834044743902629
7889,1,0,71,12,1.0,-0.824805736541748,1.0,0.6842105263157895,-0.41002603672007243
7890,1,0,71,14,1.0,-0.8389123678207397,1.0,0.8947368421052632,-0.7216180720187982
7891,1,0,71,17,1.0,-1.9980967044830322,1.0,0.7368421052631579,-0.5126759819669863
7892,1,0,71,19,1.0,-0.7561712265014648,1.0,0.8421052631578947,-0.6341486971603248
7893,1,0,71,20,1.0,-0.8214349746704102,1.0,0.7894736842105263,-0.5545688838160069
7894,1,0,72,1,1.0,-0.7948586940765381,1.0,0.7894736842105263,-0.5541393330753798
7895,1,0,72,2,1.0,-0.7941123247146606,1.0,0.9473684210526315,-0.8125762269451302
7896,1,0,72,3,1.0,-0.902191162109375,1.0,0.7894736842105263,-0.5559608185697719
7897,1,0,72,5,1.0,-1.9674891233444214,1.0,0.8947368421052632,-0.7532904669147582
7898,1,0,72,6,1.0,-1.0913358926773071,1.0,0.7894736842105263,-0.5597314699463469
7899,1,0,72,7,1.0,-1.1763334274291992,1.0,0.8947368421052632,-0.7284179357348455
7900,1,0,72,8,1.0,-0.9365293979644775,1.0,0.7894736842105263,-0.5565922027724063
7901,1,0,72,9,1.0,-0.7518508434295654,1.0,0.8421052631578947,-0.6340835448300951
7902,1,0,72,10,1.0,-1.5829120874404907,1.0,0.7894736842105263,-0.5728774364055413
7903,1,0,72,13,1.0,-0.6916050910949707,1.0,0.7894736842105263,-0.5526045056601739
7904,1,0,72,14,1.0,-0.9719820022583008,1.0,0.7894736842105263,-0.5572688197670297
7905,1,0,72,15,1.0,-1.3972188234329224,1.0,0.7368421052631579,-0.49227428196787953
7906,1,0,72,16,1.0,-0.8256900310516357,1.0,0.8947368421052632,-0.7213979726837527
7907,1,0,72,20,1.0,-0.8726561069488525,1.0,0.8421052631578947,-0.6360460347323889
7908,1,0,73,3,1.0,-1.9983810186386108,1.0,0.9473684210526315,-0.8462053500590438
7909,1,0,73,4,1.0,-0.8540546894073486,1.0,0.7894736842105263,-0.555115423764876
7910,1,0,73,5,1.0,-1.9998981952667236,1.0,0.8947368421052632,-0.7545762603242832
7911,1,0,73,6,1.0,-0.7948472499847412,1.0,0.7894736842105263,-0.5541391511479722
7912,1,0,73,7,1.0,-0.8818821907043457,1.0,0.7894736842105263,-0.5555984916227041
7913,1,0,73,8,1.0,-1.203687310218811,1.0,0.8947368421052632,-0.7290689638177902
7914,1,0,73,10,1.0,-0.7689518928527832,1.0,0.8947368421052632,-0.720493202545191
7915,1,0,73,12,1.0,-0.8104922771453857,1.0,0.8947368421052632,-0.7211493097230953
7916,1,0,73,14,1.0,-0.7866742610931396,1.0,0.8947368421052632,-0.7207688963406366
7917,1,0,73,16,1.0,-0.7687815427780151,1.0,0.8421052631578947,-0.6343409985275991
7918,1,0,73,19,1.0,-0.8594021797180176,1.0,0.8947368421052632,-0.721966053475013
7919,1,0,74,3,1.0,-0.8114619255065918,1.0,0.9473684210526315,-0.8128547876679616
7920,1,0,74,4,1.0,-0.8040242195129395,1.0,0.7368421052631579,-0.47921662701796064
7921,1,0,74,5,1.0,-0.7697899341583252,1.0,0.8947368421052632,-0.720506097837287
7922,1,0,74,6,1.0,-0.8390172719955444,1.0,0.9473684210526315,-0.8133095829295613
7923,1,0,74,7,1.0,-0.7755086421966553,1.0,0.8421052631578947,-0.6344448844636545
7924,1,0,74,8,1.0,-1.3757857084274292,1.0,0.8947368421052632,-0.7335081955651038
7925,1,0,74,9,1.0,-0.7769324779510498,1.0,0.9473684210526315,-0.8123063238554445
7926,1,0,74,11,1.0,-0.7159138917922974,1.0,0.8947368421052632,-0.7197056594145841
7927,1,0,74,12,1.0,-0.8599221706390381,1.0,0.8421052631578947,-0.6358254093180031
7928,1,0,74,13,1.0,-0.7624491453170776,1.0,0.7894736842105263,-0.5536346166318366
7929,1,0,74,14,1.0,-0.9485414028167725,1.0,0.6842105263157895,-0.4122202996183268
7930,1,0,74,16,1.0,-0.9604828357696533,1.0,1.0,-0.9127252727780811
7931,1,0,75,2,1.0,-0.7355687618255615,1.0,0.8947368421052632,-0.7199909464437081
7932,1,0,75,3,1.0,-0.7968381643295288,1.0,0.8421052631578947,-0.6347802585237581
7933,1,0,75,5,1.0,-0.7161777019500732,1.0,0.7894736842105263,-0.5529504346475941
7934,1,0,75,6,1.0,-1.8711665868759155,1.0,0.9473684210526315,-0.8412827270609016
7935,1,0,75,7,1.0,-0.7645144462585449,1.0,0.9473684210526315,-0.812114906487873
7936,1,0,75,8,1.0,-0.7612552642822266,1.0,0.7368421052631579,-0.47854717333630076
7937,1,0,75,9,1.0,-0.7243812084197998,1.0,1.0,-0.9087472813511173
7938,1,0,75,12,1.0,-0.8054401874542236,1.0,0.8421052631578947,-0.6349180868781006
7939,1,0,75,16,1.0,-1.0124495029449463,1.0,0.8421052631578947,-0.6386812878825723
7940,1,0,75,17,1.0,-0.958791971206665,1.0,0.7368421052631579,-0.48194489800283036
7941,1,0,76,3,1.0,-1.9842255115509033,1.0,0.7368421052631579,-0.5121235863692212
7942,1,0,76,5,1.0,-0.769109845161438,1.0,0.8947368421052632,-0.7204956319492147
7943,1,0,76,6,1.0,-1.4605917930603027,1.0,0.8421052631578947,-0.6497640317819887
7944,1,0,76,8,1.0,-0.7456097602844238,1.0,0.9473684210526315,-0.8118294222488069
7945,1,0,76,9,1.0,-0.7880494594573975,1.0,0.7368421052631579,-0.4789622970678377
7946,1,0,76,10,1.0,-0.8059046268463135,1.0,0.7894736842105263,-0.5543161523156122
7947,1,0,76,11,1.0,-0.8308160305023193,1.0,0.9473684210526315,-0.8131726358678892
7948,1,0,76,12,1.0,-0.962894082069397,1.0,0.8421052631578947,-0.6377023980552803
7949,1,0,76,20,1.0,-0.7983279228210449,1.0,0.7368421052631579,-0.4791253522858844
7950,1,0,77,1,1.0,-1.0026015043258667,1.0,0.8421052631578947,-0.6384828456872025
7951,1,0,77,4,1.0,-0.898815393447876,1.0,0.9473684210526315,-0.8143487742174815
7952,1,0,77,5,1.0,-0.7843921184539795,1.0,0.8421052631578947,-0.6345834578773648
7953,1,0,77,6,1.0,0.21349048614501953,1.2134904861450195,0.7368421052631579,-0.4734213499252161
7954,1,0,77,8,1.2134904861450195,-0.8273293972015381,1.0,0.8421052631578947,-0.6352754872371762
7955,1,0,77,9,1.0,-0.9006948471069336,1.0,0.7894736842105263,-0.555933841715939
7956,1,0,77,10,1.0,-0.8514654636383057,1.0,0.9473684210526315,-0.8135200174601809
7957,1,0,77,11,1.0,-0.9360148906707764,1.0,0.7894736842105263,-0.5565825683954634
7958,1,0,77,13,1.0,-0.9595911502838135,1.0,0.7894736842105263,-0.5570294813969193
7959,1,0,78,1,1.0,-0.816287636756897,1.0,0.7368421052631579,-0.47941533262154834
7960,1,0,78,2,1.0,-0.8743185997009277,1.0,0.7894736842105263,-0.5554656597777191
7961,1,0,78,3,1.0,-0.7421338558197021,1.0,0.9473684210526315,-0.8117777097020311
7962,1,0,78,5,1.0,-0.7665345668792725,1.0,0.8421052631578947,-0.6343065003446455
7963,1,0,78,6,1.0,-0.7868471145629883,1.0,0.7894736842105263,-0.5540126134568502
7964,1,0,78,7,1.0,-0.7549108266830444,1.0,0.7368421052631579,-0.47845098112475953
7965,1,0,78,8,1.0,-0.782929539680481,1.0,0.9473684210526315,-0.8123998697435358
7966,1,0,78,13,1.0,-0.9888031482696533,1.0,0.6842105263157895,-0.41300030835003043
7967,1,0,78,18,1.0,-1.0312765836715698,1.0,0.9473684210526315,-0.816905397022786
7968,1,0,79,1,1.0,-0.9573969841003418,1.0,0.7368421052631579,-0.48191816741397103
7969,1,0,79,4,1.0,-0.7825100421905518,1.0,0.9473684210526315,-0.8123933027637835
7970,1,0,79,5,1.0,-0.7862613201141357,1.0,0.8421052631578947,-0.6346128165575138
7971,1,0,79,8,1.0,-1.5130276679992676,1.0,0.8421052631578947,-0.6513232751637505
7972,1,0,79,9,1.0,-1.1008331775665283,1.0,0.8421052631578947,-0.6405490847707498
7973,1,0,79,11,1.0,-1.8239389657974243,1.0,0.9473684210526315,-0.8395376166120347
7974,1,0,79,13,1.0,-0.8356261253356934,1.0,0.8421052631578947,-0.635413458135873
7975,1,0,80,1,1.0,-0.7612829208374023,1.0,0.7368421052631579,-0.478547594417914
7976,1,0,80,2,1.0,-1.8302949666976929,1.0,0.9473684210526315,-0.839769879753682
7977,1,0,80,3,1.0,-0.7146711349487305,1.0,0.7368421052631579,-0.4778596258736158
7978,1,0,80,5,1.0,-0.7666704654693604,1.0,0.8421052631578947,-0.6343085839486676
7979,1,0,80,6,1.0,-0.8082319498062134,1.0,0.7368421052631579,-0.47928446640920225
7980,1,0,80,7,1.0,-1.2240656614303589,1.0,0.9473684210526315,-0.8212534505374224
7981,1,0,80,8,1.0,-1.0562009811401367,1.0,0.7894736842105263,-0.558976934765503
7982,1,0,80,9,1.0,-0.8001997470855713,1.0,0.8947368421052632,-0.7209835287623303
7983,1,0,80,10,1.0,-1.5026674270629883,1.0,0.7894736842105263,-0.5704014236034501
7984,1,0,80,11,1.0,0.759871244430542,1.759871244430542,0.631578947368421,-0.34576798634771533
7985,1,0,80,12,1.759871244430542,-0.9891260862350464,1.0,0.7368421052631579,-0.4825357817070333
7986,1,0,81,1,1.0,-1.2870614528656006,1.0,0.8421052631578947,-0.6449960197569626
7987,1,0,81,5,1.0,-0.7213129997253418,1.0,0.8947368421052632,-0.7197832568456999
7988,1,0,81,6,1.0,-0.8082820177078247,1.0,0.8421052631578947,-0.6349639461239359
7989,1,0,81,7,1.0,-0.7983765602111816,1.0,0.7894736842105263,-0.5541953809588356
7990,1,0,81,8,1.0,-0.8359191417694092,1.0,0.9473684210526315,-0.813257691218258
7991,1,0,81,17,1.0,-0.8699390888214111,1.0,0.8421052631578947,-0.6359986881050319
7992,1,0,82,2,1.0,-0.9463090896606445,1.0,0.8421052631578947,-0.6373857568541812
7993,1,0,82,3,1.0,-1.0180526971817017,1.0,0.9473684210526315,-0.8166343960448823
7994,1,0,82,4,1.0,-0.7925313711166382,1.0,0.8947368421052632,-0.7208613921520124
7995,1,0,82,5,1.0,-0.8415271043777466,1.0,0.8947368421052632,-0.7216620110839962
7996,1,0,82,7,1.0,-0.8077993392944336,1.0,0.7894736842105263,-0.5543467273655344
7997,1,0,82,9,1.0,-1.107801914215088,1.0,0.7894736842105263,-0.5600935804512753
7998,1,0,82,10,1.0,-1.965314269065857,1.0,0.9473684210526315,-0.8448946848644315
7999,1,0,82,11,1.0,-0.731025218963623,1.0,0.631578947368421,-0.34457805072976866
8000,1,0,82,12,1.0,-1.9576244354248047,1.0,0.7894736842105263,-0.586144263941612
8001,1,0,82,13,1.0,-0.8253343105316162,1.0,0.8421052631578947,-0.6352425151638446
8002,1,0,82,14,1.0,-0.6943521499633789,1.0,0.8421052631578947,-0.6332519970040252
8003,1,0,83,2,1.0,-0.8561495542526245,1.0,0.8947368421052632,-0.7219102530024419
8004,1,0,83,3,1.0,-0.8093221187591553,1.0,0.7368421052631579,-0.47930210048145483
8005,1,0,83,5,1.0,-0.859704852104187,1.0,0.7894736842105263,-0.555212253967204
8006,1,0,83,6,1.0,-1.9957431554794312,1.0,1.0,-0.94332990742643
8007,1,0,83,7,1.0,-0.851838231086731,1.0,0.8421052631578947,-0.6356870316418473
8008,1,0,83,8,1.0,-1.999977946281433,1.0,0.8947368421052632,-0.7545794502660932
8009,1,0,83,9,1.0,-0.8149840831756592,1.0,0.8421052631578947,-0.6350727384807343
8010,1,0,83,10,1.0,-0.9086987972259521,1.0,0.8421052631578947,-0.6366880829632365
8011,1,0,83,11,1.0,-1.6754673719406128,1.0,0.7894736842105263,-0.575893238784265
8012,1,0,83,13,1.0,-0.7096304893493652,1.0,0.9473684210526315,-0.8113058374166351
8013,1,0,83,17,1.0,-0.8909101486206055,1.0,0.8947368421052632,-0.722517541339124
8014,1,0,84,1,1.0,-2.0,1.0,0.8947368421052632,-0.7545803324099722
8015,1,0,84,2,1.0,-1.181329369544983,1.0,0.7894736842105263,-0.5617767204333847
8016,1,0,84,3,1.0,-0.8346531391143799,1.0,0.7894736842105263,-0.5547877882662241
8017,1,0,84,5,1.0,-0.8276804685592651,1.0,0.8947368421052632,-0.721430881990317
8018,1,0,84,6,1.0,-0.8277711868286133,1.0,0.7368421052631579,-0.47960412893976323
8019,1,0,84,8,1.0,-0.8221042156219482,1.0,0.8947368421052632,-0.721338885823406
8020,1,0,84,9,1.0,-0.8153899908065796,1.0,0.7368421052631579,-0.4794006859334023
8021,1,0,84,11,1.0,-0.8552192449569702,1.0,1.0,-0.9108139995694476
8022,1,0,84,15,1.0,-0.7226430177688599,1.0,0.7894736842105263,-0.55304345895119
8023,1,0,85,1,1.0,-0.9264132976531982,1.0,0.8421052631578947,-0.6370131639031243
8024,1,0,85,2,1.0,-0.7286312580108643,1.0,0.9473684210526315,-0.8115791182039979
8025,1,0,85,3,1.0,-1.399322748184204,1.0,0.7368421052631579,-0.49233311909818467
8026,1,0,85,4,1.0,-1.0976864099502563,1.0,0.7894736842105263,-0.559870484185784
8027,1,0,85,5,1.0,-1.3329296112060547,1.0,0.7894736842105263,-0.5655883431241884
8028,1,0,85,6,1.0,-0.837648868560791,1.0,0.7894736842105263,-0.5548378859099009
8029,1,0,85,7,1.0,-0.8768095970153809,1.0,0.8947368421052632,-0.7222682831041549
8030,1,0,85,8,1.0,-0.8433620929718018,1.0,0.7368421052631579,-0.4798646737609445
8031,1,0,85,9,1.0,-1.3586715459823608,1.0,0.7368421052631579,-0.49121196126094774
8032,1,0,85,10,1.0,-0.7543531656265259,1.0,0.8421052631578947,-0.6341212349073452
8033,1,0,85,11,1.0,-1.299033284187317,1.0,0.7894736842105263,-0.564696204374154
8034,1,0,85,12,1.0,-0.7124446630477905,1.0,0.8421052631578947,-0.6335065219014904
8035,1,0,85,13,1.0,-1.0680832862854004,1.0,0.7894736842105263,-0.5592293487043114
8036,1,0,85,17,1.0,-0.8371905088424683,1.0,0.8947368421052632,-0.7215892118909313
8037,1,0,86,4,1.0,-0.7807451486587524,1.0,0.8947368421052632,-0.720675962281514
8038,1,0,86,5,1.0,-0.8324363231658936,1.0,0.9473684210526315,-0.8131995854237525
8039,1,0,86,6,1.0,-0.8183786869049072,1.0,0.6842105263157895,-0.4099204284415527
8040,1,0,86,7,1.0,-0.7221293449401855,1.0,0.8421052631578947,-0.633645455830675
8041,1,0,86,8,1.0,-0.7997245788574219,1.0,0.6842105263157895,-0.4096185857100375
8042,1,0,86,11,1.0,-0.8201218843460083,1.0,0.9473684210526315,-0.8129960821543254
8043,1,0,86,13,1.0,-0.760489821434021,1.0,0.8947368421052632,-0.7203637800950197
8044,1,0,86,18,1.0,-0.8333027362823486,1.0,0.8947368421052632,-0.7215242669129287
8045,1,0,87,1,1.0,-0.7324783802032471,1.0,0.9473684210526315,-0.8116353288771446
8046,1,0,87,4,1.0,-0.8028489351272583,1.0,0.8947368421052632,-0.7210259965363219
8047,1,0,87,5,1.0,-1.6986480951309204,1.0,0.7368421052631579,-0.5016061310732458
8048,1,0,87,6,1.0,-0.8216094970703125,1.0,0.8421052631578947,-0.6351811695791989
8049,1,0,87,7,1.0,-0.8319323062896729,1.0,0.7894736842105263,-0.5547424432623737
8050,1,0,87,8,1.0,-0.8043787479400635,1.0,1.0,-0.9099702517013762
8051,1,0,87,9,1.0,-1.2269989252090454,1.0,0.7894736842105263,-0.5628765932645307
8052,1,0,87,10,1.0,-0.758188009262085,1.0,0.9473684210526315,-0.812018573676381
8053,1,0,87,12,1.0,-0.7586512565612793,1.0,0.631578947368421,-0.3449895893129806
8054,1,0,87,14,1.0,-1.1947025060653687,1.0,0.8947368421052632,-0.728853473189961
8055,1,0,87,16,1.0,-1.974098563194275,1.0,0.8947368421052632,-0.7535509837820292
8056,1,0,88,2,1.0,-0.7803417444229126,1.0,0.8421052631578947,-0.6345200803033275
8057,1,0,88,3,1.0,-0.908953070640564,1.0,0.9473684210526315,-0.814532039948762
8058,1,0,88,5,1.0,-0.8586952686309814,1.0,0.7368421052631579,-0.4801256532060191
8059,1,0,88,6,1.0,-0.8169295787811279,1.0,0.9473684210526315,-0.812943822469368
8060,1,0,88,7,1.0,-0.8029102087020874,1.0,0.7894736842105263,-0.5542679776722694
8061,1,0,88,10,1.0,-0.6169512271881104,1.0,0.7894736842105263,-0.5516276178071783
8062,1,0,88,12,1.0,-0.847055196762085,1.0,0.7894736842105263,-0.5549963547035057
8063,1,0,88,16,1.0,-0.8769443035125732,1.0,0.8421052631578947,-0.6361210610370691
8064,1,0,88,17,1.0,-0.7424302101135254,1.0,0.5263157894736842,-0.23338875747083115
8065,1,0,89,1,1.0,-0.7419291734695435,1.0,1.0,-0.909004588984452
8066,1,0,89,2,1.0,-0.8674900531768799,1.0,0.8947368421052632,-0.7221057223335805
8067,1,0,89,3,1.0,-0.8643982410430908,1.0,0.8947368421052632,-0.7220521756011561
8068,1,0,89,4,1.0,-0.8359556198120117,1.0,0.7894736842105263,-0.554809547622842
8069,1,0,89,5,1.0,-0.7830085754394531,1.0,0.7894736842105263,-0.5539523539320064
8070,1,0,89,6,1.0,-1.9633336067199707,1.0,0.8947368421052632,-0.7531271209227327
8071,1,0,89,7,1.0,-0.9139909744262695,1.0,0.7894736842105263,-0.556175124653216
8072,1,0,89,9,1.0,-1.5390098094940186,1.0,0.8947368421052632,-0.7382658443471604
8073,1,0,89,11,1.0,-0.7046841382980347,1.0,0.8947368421052632,-0.7195461297576606
8074,1,0,89,13,1.0,-0.8357629776000977,1.0,0.9473684210526315,-0.8132550806497627
8075,1,0,89,16,1.0,-1.595703125,1.0,0.7894736842105263,-0.5732840142712369
8076,1,0,90,1,1.0,-0.8148448467254639,1.0,0.631578947368421,-0.345873793264511
8077,1,0,90,2,1.0,-1.9981244802474976,1.0,0.7894736842105263,-0.5877463440255325
8078,1,0,90,3,1.0,-0.8263187408447266,1.0,0.7368421052631579,-0.4795801041770389
8079,1,0,90,6,1.0,-0.7954528331756592,1.0,0.8421052631578947,-0.6347582000205094
8080,1,0,90,7,1.0,-0.831963062286377,1.0,0.7894736842105263,-0.5547429550099784
8081,1,0,90,8,1.0,-0.8044180870056152,1.0,0.7894736842105263,-0.5542922142269069
8082,1,0,90,10,1.0,-0.8492615222930908,1.0,1.0,-0.9107124513324758
8083,1,0,90,12,1.0,-1.1647835969924927,1.0,0.9473684210526315,-0.8198372913807206
8084,1,0,90,13,1.0,-0.7481846809387207,1.0,1.0,-0.9090978031679138
8085,1,0,90,14,1.0,-1.0044317245483398,1.0,0.8947368421052632,-0.7246691633027638
8086,1,0,91,2,1.0,1.9558420181274414,2.9558420181274414,0.3157894736842105,-0.11185306633818531
8087,1,0,91,4,2.9558420181274414,-0.9349874258041382,2.0208545923233032,0.8421052631578947,-0.6381936173788794
8088,1,0,91,5,2.0208545923233032,-0.8418605327606201,1.178994059562683,0.8947368421052632,-0.7218466180357348
8089,1,0,91,6,1.178994059562683,-0.7322304248809814,1.0,0.8947368421052632,-0.719941946361186
8090,1,0,91,8,1.0,-0.7538115978240967,1.0,0.9473684210526315,-0.8119524023526341
8091,1,0,91,9,1.0,-0.7123684883117676,1.0,0.7368421052631579,-0.47782676619372266
8092,1,0,91,11,1.0,-0.7040280103683472,1.0,0.8421052631578947,-0.6333873023162697
8093,1,0,92,4,1.0,-1.8306214809417725,1.0,0.8947368421052632,-0.7480920824748267
8094,1,0,92,5,1.0,-0.27080774307250977,1.0,0.8947368421052632,-0.7153137007470525
8095,1,0,92,6,1.0,-0.8069825172424316,1.0,0.7894736842105263,-0.5543335374712385
8096,1,0,92,7,1.0,-0.8342984914779663,1.0,0.8947368421052632,-0.7215408721387964
8097,1,0,92,8,1.0,-0.7985241413116455,1.0,0.8947368421052632,-0.7209567404525472
8098,1,0,92,9,1.0,-1.8297086954116821,1.0,0.8947368421052632,-0.7480586715106234
8099,1,0,92,10,1.0,-1.3716950416564941,1.0,0.8421052631578947,-0.6472462207954877
8100,1,0,92,13,1.0,-0.8116096258163452,1.0,0.7368421052631579,-0.4793391794095042
8101,1,0,92,17,1.0,-1.9999778270721436,1.0,0.7894736842105263,-0.5878204427276913
8102,1,0,93,2,1.0,-0.8317251205444336,1.0,0.8947368421052632,-0.7214979991714188
8103,1,0,93,3,1.0,-0.7567212581634521,1.0,0.8421052631578947,-0.6341570185480023
8104,1,0,93,5,1.0,-0.7791664600372314,1.0,0.8421052631578947,-0.6345017516469071
8105,1,0,93,6,1.0,-0.04610025882720947,1.0,0.9473684210526315,-0.8062913354411323
8106,1,0,93,11,1.0,-0.7346066236495972,1.0,0.8947368421052632,-0.7199768013250708
8107,1,0,93,12,1.0,-1.0023249387741089,1.0,0.631578947368421,-0.3492806248510458
8108,1,0,93,14,1.0,-0.8112728595733643,1.0,0.7894736842105263,-0.5544029661666926
8109,1,0,94,2,1.0,-0.768930196762085,1.0,0.6842105263157895,-0.40913552816467647
8110,1,0,94,3,1.0,-0.7420470714569092,1.0,0.7368421052631579,-0.4782584161249045
8111,1,0,94,5,1.0,-0.7415852546691895,1.0,0.8947368421052632,-0.7200798193093999
8112,1,0,94,6,1.0,-0.7860329151153564,1.0,0.8947368421052632,-0.7207588098464197
8113,1,0,94,7,1.0,-0.7761392593383789,1.0,0.8421052631578947,-0.6344546694213009
8114,1,0,94,9,1.0,-0.785408616065979,1.0,0.9473684210526315,-0.8124387500443997
8115,1,0,94,10,1.0,-0.9145333766937256,1.0,0.8421052631578947,-0.6367944608933058
8116,1,0,94,11,1.0,-0.8587775230407715,1.0,0.8421052631578947,-0.635805736263238
8117,1,0,94,13,1.0,-1.5635501146316528,1.0,0.9473684210526315,-0.8307169727121395
8118,1,0,94,15,1.0,-0.7983043193817139,1.0,0.6842105263157895,-0.4095958895531857
8119,1,0,94,16,1.0,0.6824703216552734,1.6824703216552734,0.6842105263157895,-0.4085631194108085
8120,1,0,95,1,1.6824703216552734,-0.9039242267608643,1.0,1.0,-0.9116707900772523
8121,1,0,95,2,1.0,-0.06529128551483154,1.0,0.8421052631578947,-0.6284733774420794
8122,1,0,95,3,1.0,-0.7666511535644531,1.0,0.7894736842105263,-0.5536988695525062
8123,1,0,95,4,1.0,-0.7694849967956543,1.0,0.8947368421052632,-0.7205014040129083
8124,1,0,95,5,1.0,-0.8273012638092041,1.0,1.0,-0.910344273811003
8125,1,0,95,6,1.0,-0.781141996383667,1.0,0.8947368421052632,-0.7206821605951148
8126,1,0,95,7,1.0,-0.4959622621536255,1.0,0.8947368421052632,-0.7170401180647776
8127,1,0,95,10,1.0,-1.808271884918213,1.0,0.7894736842105263,-0.5805198017377459
8128,1,0,95,14,1.0,1.4598302841186523,2.4598302841186523,0.6842105263157895,-0.4259938665581688
8129,1,0,95,17,2.4598302841186523,-0.11680150032043457,2.3430287837982178,0.6842105263157895,-0.4047024463783199
8130,1,0,95,18,2.3430287837982178,-0.7822108268737793,1.5608179569244385,0.6842105263157895,-0.4099023474234607
8131,1,0,96,2,1.5608179569244385,-0.7367019653320312,1.0,0.8421052631578947,-0.6338580457796783
8132,1,0,96,3,1.0,-0.7292220592498779,1.0,0.7368421052631579,-0.47806972567929307
8133,1,0,96,5,1.0,-1.7435024976730347,1.0,0.8421052631578947,-0.6588287575163587
8134,1,0,96,6,1.0,-1.7637392282485962,1.0,0.8947368421052632,-0.7456880930626018
8135,1,0,96,7,1.0,-0.7992496490478516,1.0,0.7894736842105263,-0.5542093296549203
8136,1,0,96,8,1.0,-0.8565070629119873,1.0,0.7894736842105263,-0.5551573731280703
8137,1,0,96,9,1.0,-1.657975196838379,1.0,0.8421052631578947,-0.6559195654557501
8138,1,0,96,10,1.0,-1.8959343433380127,1.0,0.9473684210526315,-0.8422157534449783
8139,1,0,96,11,1.0,-0.791161060333252,1.0,0.8947368421052632,-0.7208396906438486
8140,1,0,96,15,1.0,-1.0141831636428833,1.0,0.8947368421052632,-0.7248660073041391
8141,1,0,96,17,1.0,-0.7762680053710938,1.0,0.7894736842105263,-0.5538472498015173
8142,1,0,96,18,1.0,-0.849242091178894,1.0,0.8421052631578947,-0.6356428692167366
8143,1,0,97,2,1.0,-0.795137882232666,1.0,0.8947368421052632,-0.7209027749275867
8144,1,0,97,4,1.0,-0.7262592315673828,1.0,0.8421052631578947,-0.633705272636806
8145,1,0,97,5,1.0,-0.7999253273010254,1.0,0.5789473684210527,-0.28718412385213327
8146,1,0,97,6,1.0,-0.8071863651275635,1.0,0.8421052631578947,-0.6349462462029161
8147,1,0,97,7,1.0,-0.8266446590423584,1.0,0.9473684210526315,-0.8131034970257255
8148,1,0,97,8,1.0,-1.9988912343978882,1.0,0.8947368421052632,-0.7545359940794993
8149,1,0,97,9,1.0,-1.0659743547439575,1.0,0.8947368421052632,-0.7259433456596902
8150,1,0,97,10,1.0,-1.5688005685806274,1.0,0.9473684210526315,-0.830881435342282
8151,1,0,97,13,1.0,-0.8839340209960938,1.0,0.6842105263157895,-0.4110363852244939
8152,1,0,97,15,1.0,-0.7305738925933838,1.0,0.6842105263157895,-0.40856037381514115
8153,1,0,97,16,1.0,-1.9992233514785767,1.0,1.0,-0.9434689400909723
8154,1,0,97,17,1.0,-0.772428035736084,1.0,0.8421052631578947,-0.6343971986263486
8155,1,0,97,18,1.0,-1.0109927654266357,1.0,0.8947368421052632,-0.7248013961274222
8156,1,0,98,1,1.0,-0.7758870124816895,1.0,0.7368421052631579,-0.47877208412370437
8157,1,0,98,2,1.0,-0.7381323575973511,1.0,0.9473684210526315,-0.8117184768758152
8158,1,0,98,5,1.0,-1.550763726234436,1.0,0.8947368421052632,-0.7386290137560173
8159,1,0,98,6,1.0,-1.9456127882003784,1.0,0.7894736842105263,-0.5856754208559777
8160,1,0,98,7,1.0,-0.8409903049468994,1.0,0.8947368421052632,-0.721652979340119
8161,1,0,98,8,1.0,-0.9012596607208252,1.0,0.7368421052631579,-0.4808747673227529
8162,1,0,98,9,1.0,-0.9153474569320679,1.0,0.7368421052631579,-0.48113068723144675
8163,1,0,98,10,1.0,-0.8616118431091309,1.0,0.8421052631578947,-0.6358544976042967
8164,1,0,98,11,1.0,-0.9846837520599365,1.0,0.8947368421052632,-0.7242763533256805
8165,1,0,98,13,1.0,-0.733809232711792,1.0,0.7368421052631579,-0.47813683746245744
8166,1,0,98,14,1.0,-2.0,1.0,0.7894736842105263,-0.5878213296398892
8167,1,0,98,16,1.0,-0.7209278345108032,1.0,0.7894736842105263,-0.5530186990656135
8168,1,0,98,17,1.0,-0.9742889404296875,1.0,0.6842105263157895,-0.4127153810841867
8169,1,0,99,2,1.0,-0.9937965869903564,1.0,0.8421052631578947,-0.6383070644855744
8170,1,0,99,5,1.0,-0.9598643779754639,1.0,0.9473684210526315,-0.8154834793435551
8171,1,0,99,6,1.0,-1.9113497734069824,1.0,0.9473684210526315,-0.8428026626655222
8172,1,0,99,8,1.0,-0.9297034740447998,1.0,0.8421052631578947,-0.6370742334189473
8173,1,0,99,9,1.0,-0.8143030405044556,1.0,0.8421052631578947,-0.6350616423401856
8174,1,0,99,10,1.0,-1.658319115638733,1.0,0.7368421052631579,-0.500252300455255
8175,1,0,99,12,1.0,-0.9252150058746338,1.0,0.7368421052631579,-0.4813123056332827
8176,1,0,100,1,1.0,-1.9545477628707886,1.0,0.7368421052631579,-0.5109546471357588
8177,1,0,100,2,1.0,-0.7756292819976807,1.0,0.8947368421052632,-0.7205963402408946
8178,1,0,100,3,1.0,-1.8954638242721558,1.0,0.8947368421052632,-0.7505081635012165
8179,1,0,100,4,1.0,-0.849139928817749,1.0,1.0,-0.9107103861871261
8180,1,0,100,5,1.0,-0.8180384635925293,1.0,0.8947368421052632,-0.7212722016891404
8181,1,0,100,6,1.0,-0.8217509984970093,1.0,0.8421052631578947,-0.635183494957746
8182,1,0,100,7,1.0,-0.8563395738601685,1.0,0.8421052631578947,-0.6357639225800278
8183,1,0,100,10,1.0,-0.8090957403182983,1.0,0.8421052631578947,-0.6349771070924497
8184,1,0,100,11,1.0,-0.7481870651245117,1.0,0.8421052631578947,-0.6340285867666339
8185,1,0,100,13,1.0,-0.7930994033813477,1.0,0.9473684210526315,-0.8125601497389314
8186,1,0,100,14,1.0,-0.8551609516143799,1.0,0.8947368421052632,-0.7218933349416323
8187,1,0,101,2,1.0,-0.11294722557067871,1.0,0.8421052631578947,-0.6285583186800787
8188,1,0,101,4,1.0,-0.8843793869018555,1.0,0.8947368421052632,-0.7224016014097412
8189,1,0,101,5,1.0,-0.8404645919799805,1.0,0.8421052631578947,-0.6354945552261584
8190,1,0,101,6,1.0,-1.9948021173477173,1.0,0.8421052631578947,-0.6682231027961869
8191,1,0,101,7,1.0,-0.7219910621643066,1.0,0.8421052631578947,-0.633643458860889
8192,1,0,101,8,1.0,-0.831276535987854,1.0,0.8421052631578947,-0.6353409547152773
8193,1,0,101,9,1.0,-1.5477466583251953,1.0,1.0,-0.9274551971835681
8194,1,0,101,10,1.0,-0.7516500949859619,1.0,0.7894736842105263,-0.5534711082928132
8195,1,0,101,12,1.0,-1.8487836122512817,1.0,0.7894736842105263,-0.5820013380891782
8196,1,0,101,14,1.0,-0.7038092613220215,1.0,0.8947368421052632,-0.7195338071731987
8197,1,0,101,17,1.0,-0.8975820541381836,1.0,0.6842105263157895,-0.4112795271288599
8198,1,0,101,20,1.0,-0.862135648727417,1.0,0.9473684210526315,-0.8137028618705594
8199,1,0,102,1,1.0,-0.8426821231842041,1.0,0.7894736842105263,-0.5549224612472315
8200,1,0,102,3,1.0,-0.818356990814209,1.0,0.7368421052631579,-0.47944915920647163
8201,1,0,102,4,1.0,-0.8700636625289917,1.0,0.8421052631578947,-0.6360008556909712
8202,1,0,102,5,1.0,-1.364703893661499,1.0,0.8421052631578947,-0.6470549150961862
8203,1,0,102,6,1.0,-0.977257490158081,1.0,0.9473684210526315,-0.8158204051231936
8204,1,0,102,7,1.0,-0.7644674777984619,1.0,0.8947368421052632,-0.7204244376560877
8205,1,0,102,8,1.0,-0.9199804067611694,1.0,0.9473684210526315,-0.8147337225907374
8206,1,0,102,12,1.0,-1.5679532289505005,1.0,0.9473684210526315,-0.8308548563842559
8207,1,0,102,15,1.0,-1.9637950658798218,1.0,0.6842105263157895,-0.44178790229749
8208,1,0,102,16,1.0,-0.8358340263366699,1.0,0.7368421052631579,-0.4797382627581484
8209,1,0,103,1,1.0,0.397472620010376,1.397472620010376,0.631578947368421,-0.34121138947875007
8210,1,0,103,2,1.397472620010376,-0.8048117160797119,1.0,0.8421052631578947,-0.6349079669058293
8211,1,0,103,4,1.0,-1.6683388948440552,1.0,0.8947368421052632,-0.7424138790904671
8212,1,0,103,5,1.0,-0.8139671087265015,1.0,0.8947368421052632,-0.721205756950858
8213,1,0,103,6,1.0,-1.9084442853927612,1.0,0.9473684210526315,-0.8426916790069758
8214,1,0,103,7,1.0,-0.7941231727600098,1.0,0.8947368421052632,-0.7208866485451164
8215,1,0,103,8,1.0,-1.2995367050170898,1.0,0.7368421052631579,-0.4896400340391935
8216,1,0,103,9,1.0,-0.7358160018920898,1.0,0.7368421052631579,-0.47816632944873133
8217,1,0,103,11,1.0,-1.9461634159088135,1.0,0.631578947368421,-0.37710959243637915
8218,1,0,103,12,1.0,-0.7922055721282959,1.0,0.9473684210526315,-0.8125459797876041
8219,1,0,103,13,1.0,-0.8609974384307861,1.0,0.7894736842105263,-0.5552344955297329
8220,1,0,103,18,1.0,-0.9255647659301758,1.0,0.8421052631578947,-0.6369974492817514
8221,1,0,104,1,1.0,-0.868705153465271,1.0,0.8947368421052632,-0.7221268188465434
8222,1,0,104,3,1.0,-0.8171737194061279,1.0,0.8947368421052632,-0.7212580612868527
8223,1,0,104,6,1.0,-0.8643317222595215,1.0,0.7368421052631579,-0.48022277082336784
8224,1,0,104,7,1.0,-0.7989647388458252,1.0,0.8421052631578947,-0.6348141944616273
8225,1,0,104,8,1.0,-1.3530404567718506,1.0,0.8421052631578947,-0.6467379326990513
8226,1,0,104,9,1.0,-0.7342338562011719,1.0,0.8421052631578947,-0.633821741478358
8227,1,0,104,12,1.0,-0.8553762435913086,1.0,0.7894736842105263,-0.555138014820893
8228,1,0,104,15,1.0,-0.8155390024185181,1.0,0.8421052631578947,-0.6350817865670955
8229,1,0,104,18,1.0,-0.195520281791687,1.0,0.8947368421052632,-0.7149626142158912
8230,1,0,105,2,1.0,-0.8075639009475708,1.0,0.8421052631578947,-0.6349523424635741
8231,1,0,105,3,1.0,-0.9293391704559326,1.0,0.8421052631578947,-0.6370674608598748
8232,1,0,105,4,1.0,-0.7663953304290771,1.0,1.0,-0.9093736180250349
8233,1,0,105,6,1.0,-0.7112054824829102,1.0,0.8947368421052632,-0.7196384647931097
8234,1,0,105,7,1.0,-0.771233320236206,1.0,0.8421052631578947,-0.6343787562648632
8235,1,0,105,8,1.0,-0.7632390260696411,1.0,0.8421052631578947,-0.6342560860315949
8236,1,0,105,9,1.0,-0.7597002983093262,1.0,0.6842105263157895,-0.40899443712226347
8237,1,0,105,10,1.0,-1.2594157457351685,1.0,0.7368421052631579,-0.48861335776838344
8238,1,0,105,13,1.0,-0.8230726718902588,1.0,0.8421052631578947,-0.6352052341545633
8239,1,0,105,18,1.0,-0.7909145355224609,1.0,0.7368421052631579,-0.47900753558733383
8240,1,0,106,2,1.0,-0.7907743453979492,1.0,0.8421052631578947,-0.6346839885758331
8241,1,0,106,5,1.0,-0.8632602691650391,1.0,0.9473684210526315,-0.8137222660256819
8242,1,0,106,6,1.0,-0.7421761751174927,1.0,0.8421052631578947,-0.6339390026715579
8243,1,0,106,7,1.0,-1.0414270162582397,1.0,0.9473684210526315,-0.8171157854044183
8244,1,0,106,9,1.0,-0.7969560623168945,1.0,0.8421052631578947,-0.6347821375750741
8245,1,0,106,10,1.0,-0.9038078784942627,1.0,0.8421052631578947,-0.6365994347347206
8246,1,0,106,13,1.0,-1.9999998807907104,1.0,0.8421052631578947,-0.6684307431540661
8247,1,0,106,15,1.0,-1.052099585533142,1.0,0.7894736842105263,-0.5588904650186792
8248,1,0,106,17,1.0,-0.7998569011688232,1.0,0.6842105263157895,-0.4096207023132246
8249,1,0,106,19,1.0,-0.01954340934753418,1.0,0.5789473684210527,-0.280789138008046
8250,1,0,107,2,1.0,-0.7203230857849121,1.0,0.7894736842105263,-0.5530099831190362
8251,1,0,107,3,1.0,-0.7855963706970215,1.0,0.7894736842105263,-0.5539929462164125
8252,1,0,107,6,1.0,-0.7545733451843262,1.0,0.7894736842105263,-0.5535151389725158
8253,1,0,107,8,1.0,-0.8518509864807129,1.0,0.8421052631578947,-0.6356872489541192
8254,1,0,107,9,1.0,-1.1435236930847168,1.0,0.8421052631578947,-0.6415072122888987
8255,1,0,107,10,1.0,-0.8121721744537354,1.0,0.7368421052631579,-0.4793483139718958
8256,1,0,107,12,1.0,-0.8635008335113525,1.0,0.7368421052631579,-0.48020841445707474
8257,1,0,107,14,1.0,-0.8743722438812256,1.0,0.8947368421052632,-0.7222256006186711
8258,1,0,107,15,1.0,-1.8419275283813477,1.0,0.8421052631578947,-0.6623577181205278
8259,1,0,108,3,1.0,-0.8083920478820801,1.0,0.7368421052631579,-0.47928705459311655
8260,1,0,108,4,1.0,-0.7561140060424805,1.0,0.9473684210526315,-0.811987167003829
8261,1,0,108,6,1.0,-1.595258355140686,1.0,0.8421052631578947,-0.6538792401188993
8262,1,0,108,8,1.0,-0.9074251651763916,1.0,0.8947368421052632,-0.7228145367139263
8263,1,0,108,10,1.0,-0.9475729465484619,1.0,0.631578947368421,-0.34821301691246587
8264,1,0,108,14,1.0,-0.8954429626464844,1.0,0.8947368421052632,-0.7225985134035033
8265,1,0,108,15,1.0,-0.863139271736145,1.0,0.7894736842105263,-0.5552714236640212
8266,1,0,108,16,1.0,-0.8023049831390381,1.0,0.7368421052631579,-0.47918901042202405
8267,1,0,108,17,1.0,-0.813064455986023,1.0,0.7368421052631579,-0.4793628156582052
8268,1,0,109,3,1.0,-0.6658487319946289,1.0,0.8421052631578947,-0.6328642932614261
8269,1,0,109,4,1.0,-0.759406566619873,1.0,0.7894736842105263,-0.553588312974143
8270,1,0,109,5,1.0,-0.9281399250030518,1.0,0.8947368421052632,-0.7231947696138189
8271,1,0,109,6,1.0,-0.8365902900695801,1.0,0.8947368421052632,-0.7215791655443593
8272,1,0,109,7,1.0,-1.0534608364105225,1.0,1.0,-0.9145977973385075
8273,1,0,109,8,1.0,-0.7867932319641113,1.0,0.8947368421052632,-0.7207707683086175
8274,1,0,109,12,1.0,-0.8299857378005981,1.0,0.7368421052631579,-0.47964084081185077
8275,1,0,109,15,1.0,-1.0297638177871704,1.0,0.7368421052631579,-0.4833562127665628
8276,1,0,109,16,1.0,-0.9357352256774902,1.0,0.7894736842105263,-0.5565773337656262
8277,1,0,109,17,1.0,-0.8206793069839478,1.0,0.7894736842105263,-0.5545564748890057
8278,1,0,109,19,1.0,-1.9541410207748413,1.0,0.8947368421052632,-0.7527670037007216
8279,1,0,110,2,1.0,-0.8622665405273438,1.0,0.9473684210526315,-0.8137051189716229
8280,1,0,110,3,1.0,-0.7443816661834717,1.0,0.8947368421052632,-0.720121373059473
8281,1,0,110,4,1.0,-1.1908886432647705,1.0,0.7368421052631579,-0.4869342351688968
8282,1,0,110,5,1.0,-1.5688538551330566,1.0,0.8947368421052632,-0.7391933565976307
8283,1,0,110,6,1.0,-0.8027365207672119,1.0,0.9473684210526315,-0.8127139423202274
8284,1,0,110,7,1.0,-0.8437097072601318,1.0,0.7368421052631579,-0.4798705382635765
8285,1,0,110,9,1.0,-0.8259632587432861,1.0,0.7894736842105263,-0.5546434826878275
8286,1,0,110,11,1.0,-1.853283166885376,1.0,0.7894736842105263,-0.5821679146064961
8287,1,0,110,15,1.0,-0.9879809617996216,1.0,0.8947368421052632,-0.7243413962187573
8288,1,0,110,17,1.0,-0.8945451974868774,1.0,0.7894736842105263,-0.5558234407433575
8289,1,0,110,18,1.0,-0.8835928440093994,1.0,0.7368421052631579,-0.48055944070217294
8290,1,0,111,2,1.0,-1.0068049430847168,1.0,0.8947368421052632,-0.7247168943441704
8291,1,0,111,3,1.0,-0.9129314422607422,1.0,0.7368421052631579,-0.48108651574500955
8292,1,0,111,4,1.0,-0.7511107921600342,1.0,0.8421052631578947,-0.6340724221434303
8293,1,0,111,5,1.0,-0.7843813896179199,1.0,0.7894736842105263,-0.5539738712836786
8294,1,0,111,6,1.0,-0.7901475429534912,1.0,0.8947368421052632,-0.7208236638063266
8295,1,0,111,7,1.0,-0.9392235279083252,1.0,0.7894736842105263,-0.5566427379936548
8296,1,0,111,8,1.0,-1.188171148300171,1.0,0.7894736842105263,-0.5619388364164186
8297,1,0,111,9,1.0,-0.8179488182067871,1.0,0.6842105263157895,-0.40991339438180946
8298,1,0,111,13,1.0,-0.8641867637634277,1.0,0.9473684210526315,-0.813738270729132
8299,1,0,111,15,1.0,-0.7629106044769287,1.0,0.8421052631578947,-0.6342510738266711
8300,1,0,111,16,1.0,1.9994900226593018,2.9994900226593018,0.3684210526315789,-0.144371060288803
8301,1,0,111,17,2.9994900226593018,-0.7229502201080322,2.2765398025512695,0.7368421052631579,-0.4792551875724205
8302,1,0,112,1,2.2765398025512695,-1.055767297744751,1.2207725048065186,0.8947368421052632,-0.7259475507846513
8303,1,0,112,2,1.2207725048065186,-1.9175841808319092,1.0,0.7894736842105263,-0.584592620545657
8304,1,0,112,4,1.0,-1.4084690809249878,1.0,0.9473684210526315,-0.8261079346217097
8305,1,0,112,5,1.0,-0.8019139766693115,1.0,0.8421052631578947,-0.6348614081822135
8306,1,0,112,6,1.0,-0.8151557445526123,1.0,0.7894736842105263,-0.5544661185186605
8307,1,0,112,7,1.0,-0.8270688056945801,1.0,0.8421052631578947,-0.6352711760159682
8308,1,0,112,8,1.0,-1.0261497497558594,1.0,0.8947368421052632,-0.7251101654992124
8309,1,0,112,10,1.0,-0.8964787721633911,1.0,0.7894736842105263,-0.555858071529285
8310,1,0,112,12,1.0,-1.041068434715271,1.0,0.9473684210526315,-0.817108317960098
8311,1,0,112,14,1.0,-0.9846382141113281,1.0,0.9473684210526315,-0.8159652072293764
8312,1,0,112,18,1.0,-0.7313637733459473,1.0,0.9473684210526315,-0.8116190127921211
8313,1,0,112,20,1.0,-1.035841941833496,1.0,0.9473684210526315,-0.8169997683871069
8314,1,0,113,1,1.0,-1.021741271018982,1.0,0.8421052631578947,-0.6388703001714724
8315,1,0,113,2,1.0,-0.7731308937072754,1.0,0.7894736842105263,-0.5537986434279353
8316,1,0,113,3,1.0,-0.8098002672195435,1.0,0.8421052631578947,-0.6349885126503261
8317,1,0,113,5,1.0,-0.8335493803024292,1.0,0.6842105263157895,-0.4101710373837763
8318,1,0,113,6,1.0,-0.884318470954895,1.0,0.9473684210526315,-0.8140902746832129
8319,1,0,113,7,1.0,-0.8636884689331055,1.0,0.8421052631578947,-0.6358903256361177
8320,1,0,113,8,1.0,-0.8135385513305664,1.0,0.6842105263157895,-0.40984144143476103
8321,1,0,113,9,1.0,-0.9257814884185791,1.0,0.8947368421052632,-0.7231510460529574
8322,1,0,113,10,1.0,-0.36023378372192383,1.0,0.8947368421052632,-0.7158780161993183
8323,1,0,113,11,1.0,-0.8679361343383789,1.0,0.8947368421052632,-0.7221134637428747
8324,1,0,113,12,1.0,-1.9697017669677734,1.0,0.8947368421052632,-0.7533775829179319
8325,1,0,113,13,1.0,-0.8008760213851929,1.0,0.7368421052631579,-0.4791661015786245
8326,1,0,113,15,1.0,1.5604734420776367,2.5604734420776367,0.5789473684210527,-0.3066965656359307
8327,1,0,113,16,2.5604734420776367,-0.9411041736602783,1.6193692684173584,0.6842105263157895,-0.412699131614976
8328,1,0,114,2,1.6193692684173584,-0.8846015930175781,1.0,0.7894736842105263,-0.5556465294235815
8329,1,0,114,4,1.0,-0.8459959030151367,1.0,0.7894736842105263,-0.5549784203190732
8330,1,0,114,5,1.0,-0.8012322187423706,1.0,0.8421052631578947,-0.6348504786059458
8331,1,0,114,8,1.0,-0.9150307178497314,1.0,0.8947368421052632,-0.7229531445560582
8332,1,0,114,9,1.0,-1.1006654500961304,1.0,0.8947368421052632,-0.7266949767403253
8333,1,0,114,16,1.0,-0.922926664352417,1.0,0.9473684210526315,-0.8147880193802197
8334,1,0,115,2,1.0,-0.8898036479949951,1.0,0.8421052631578947,-0.6363482532422896
8335,1,0,115,4,1.0,-0.8347327709197998,1.0,0.9473684210526315,-0.8132378710909673
8336,1,0,115,8,1.0,-0.8637180328369141,1.0,0.8421052631578947,-0.6358908363249143
8337,1,0,115,9,1.0,-0.790163516998291,1.0,0.8947368421052632,-0.7208239162459233
8338,1,0,115,10,1.0,-0.7947287559509277,1.0,0.7894736842105263,-0.5541372675952423
8339,1,0,115,11,1.0,-0.7551918029785156,1.0,0.7368421052631579,-0.47845522415518615
8340,1,0,115,12,1.0,-1.9301117658615112,1.0,0.7894736842105263,-0.5850746439270595
8341,1,0,116,3,1.0,-0.7812460660934448,1.0,0.6842105263157895,-0.4093264458476155
8342,1,0,116,5,1.0,-0.008332371711730957,1.0,0.9473684210526315,-0.8062707773866764
8343,1,0,116,6,1.0,-0.7913870811462402,1.0,0.8947368421052632,-0.7208432675320239
8344,1,0,116,7,1.0,-0.8851113319396973,1.0,0.8421052631578947,-0.6362649686217182
8345,1,0,116,8,1.0,-0.845487117767334,1.0,0.7894736842105263,-0.5549698143029943
8346,1,0,116,10,1.0,-0.9066004753112793,1.0,0.8947368421052632,-0.7227995766283186
8347,1,0,116,12,1.0,-0.7294450998306274,1.0,0.8421052631578947,-0.6337516494591067
8348,1,0,116,17,1.0,-0.7215169668197632,1.0,0.8421052631578947,-0.6336366152565255
8349,1,0,116,18,1.0,-0.8267331123352051,1.0,0.8947368421052632,-0.7214152088002868
8350,1,0,117,2,1.0,-0.8175818920135498,1.0,0.8947368421052632,-0.7212647339114567
8351,1,0,117,3,1.0,-1.0004609823226929,1.0,0.6842105263157895,-0.41323221346125155
8352,1,0,117,4,1.0,-1.996166467666626,1.0,0.7368421052631579,-0.5125988832286933
8353,1,0,117,6,1.0,-0.8732903003692627,1.0,0.7368421052631579,-0.4803784370495171
8354,1,0,117,7,1.0,-0.9846727848052979,1.0,0.8947368421052632,-0.7242761373413344
8355,1,0,117,8,1.0,-0.8079113960266113,1.0,0.8421052631578947,-0.6349579561607342
8356,1,0,117,9,1.0,-0.7516279220581055,1.0,0.9473684210526315,-0.8119195284346667
8357,1,0,117,11,1.0,-0.7913192510604858,1.0,0.8421052631578947,-0.6346926094934269
8358,1,0,117,12,1.0,-0.7739467620849609,1.0,0.7368421052631579,-0.4787420134677447
8359,1,0,117,13,1.0,-0.825355052947998,1.0,0.8421052631578947,-0.6352428575567055
8360,1,0,117,16,1.0,-1.327141523361206,1.0,0.8947368421052632,-0.7321933786402672
8361,1,0,118,1,1.0,-2.0,1.0,0.7894736842105263,-0.5878213296398892
8362,1,0,118,3,1.0,-0.7793488502502441,1.0,0.8947368421052632,-0.720654178713836
8363,1,0,118,4,1.0,-0.8690059185028076,1.0,0.8947368421052632,-0.7221320452739013
8364,1,0,118,5,1.0,-0.8114539384841919,1.0,0.8421052631578947,-0.6350153228652526
8365,1,0,118,6,1.0,-0.8016445636749268,1.0,0.7894736842105263,-0.5542476697045848
8366,1,0,118,7,1.0,-0.8984863758087158,1.0,0.8947368421052632,-0.722653110085111
8367,1,0,118,8,1.0,-1.0118541717529297,1.0,0.7368421052631579,-0.4829905662112648
8368,1,0,118,9,1.0,-0.7936310768127441,1.0,0.8947368421052632,-0.7208788352708018
8369,1,0,118,10,1.0,-1.2324001789093018,1.0,0.8421052631578947,-0.6436188499321944
8370,1,0,118,12,1.0,-1.203939437866211,1.0,0.8947368421052632,-0.7290750341104683
8371,1,0,118,13,1.0,-0.8271116018295288,1.0,0.8947368421052632,-0.7214214684287823
8372,1,0,118,18,1.0,-0.771876335144043,1.0,0.9473684210526315,-0.812228013870047
8373,1,0,119,1,1.0,-0.9946194887161255,1.0,0.9473684210526315,-0.8161627623758322
8374,1,0,119,2,1.0,-0.790817141532898,1.0,0.8421052631578947,-0.6346846654358602
8375,1,0,119,4,1.0,-0.9073807001113892,1.0,0.8421052631578947,-0.6366641452717839
8376,1,0,119,5,1.0,-0.8226499557495117,1.0,0.8947368421052632,-0.7213478619069189
8377,1,0,119,6,1.0,-0.8301161527633667,1.0,0.8947368421052632,-0.7214712606807587
8378,1,0,119,7,1.0,-0.8183984756469727,1.0,0.8947368421052632,-0.7212780930593851
8379,1,0,119,9,1.0,-1.4814980030059814,1.0,0.8421052631578947,-0.6503791112515447
8380,1,0,119,10,1.0,-0.7187075614929199,1.0,0.8947368421052632,-0.7197457379994432
8381,1,0,119,13,1.0,-0.78095543384552,1.0,0.8421052631578947,-0.634529661818966
8382,1,0,119,14,1.0,-0.9206607341766357,1.0,0.7894736842105263,-0.5562974915144357
8383,1,0,119,15,1.0,-0.7891392707824707,1.0,0.7368421052631579,-0.47897948544923763
8384,1,0,119,20,1.0,-0.7778921127319336,1.0,0.8421052631578947,-0.6344819093129431
8385,1,0,120,2,1.0,-0.7953078746795654,1.0,1.0,-0.9098251461552732
8386,1,0,120,3,1.0,-0.9237488508224487,1.0,0.9473684210526315,-0.8148032024964509
8387,1,0,120,5,1.0,-0.8271009922027588,1.0,0.9473684210526315,-0.8131110436155208
8388,1,0,120,6,1.0,-0.8061546087265015,1.0,0.7368421052631579,-0.4792509300940365
8389,1,0,120,7,1.0,-0.7722122669219971,1.0,0.7368421052631579,-0.47871519541417484
8390,1,0,120,8,1.0,-0.8687553405761719,1.0,0.9473684210526315,-0.8138174415202891
8391,1,0,120,12,1.0,-0.7821440696716309,1.0,1.0,-0.909617493457225
8392,1,0,120,13,1.0,1.2502236366271973,2.2502236366271973,0.631578947368421,-0.3561148870746011
8393,1,0,120,14,2.2502236366271973,-0.8448107242584229,1.4054129123687744,0.7894736842105263,-0.5553637941504783
8394,1,0,120,18,1.4054129123687744,-0.8114721775054932,1.0,0.9473684210526315,-0.812854954051148
8395,1,1,1,1,1.0,-0.7186055183410645,1.0,0.7894736842105263,-0.5529852685497915
8396,1,1,1,3,1.0,-0.7942219972610474,1.0,0.8421052631578947,-0.6347386337317709
8397,1,1,1,4,1.0,-0.8774440288543701,1.0,0.7894736842105263,-0.5555204098776111
8398,1,1,1,5,1.0,-0.9459062814712524,1.0,1.0,-0.9124473869332677
8399,1,1,1,6,1.0,-1.070163369178772,1.0,0.8947368421052632,-0.7260328287772928
8400,1,1,1,7,1.0,-0.8108773231506348,1.0,0.631578947368421,-0.3458092923541599
8401,1,1,1,8,1.0,-0.8991687297821045,1.0,0.7894736842105263,-0.5559063736860688
8402,1,1,1,9,1.0,-1.1563953161239624,1.0,0.8421052631578947,-0.641803249193972
8403,1,1,1,10,1.0,-0.9591801166534424,1.0,0.8421052631578947,-0.6376310128842707
8404,1,1,1,11,1.0,-0.9034430980682373,1.0,0.7894736842105263,-0.5559834239543605
8405,1,1,1,12,1.0,-0.919487714767456,1.0,0.6842105263157895,-0.41167756826583346
8406,1,1,1,13,1.0,-0.8536131381988525,1.0,0.8947368421052632,-0.7218668863070291
8407,1,1,1,14,1.0,-0.9203667640686035,1.0,0.7894736842105263,-0.5562920794439102
8408,1,1,1,15,1.0,-0.9521427154541016,1.0,0.8947368421052632,-0.7236460899158953
8409,1,1,1,17,1.0,-1.886910319328308,1.0,0.7894736842105263,-0.5834256351717657
8410,1,1,1,18,1.0,-0.8464665412902832,1.0,0.7894736842105263,-0.5549863856951285
8411,1,1,1,19,1.0,-0.849614143371582,1.0,0.8421052631578947,-0.6356491898486079
8412,1,1,1,20,1.0,-0.8600140810012817,1.0,0.7368421052631579,-0.4801483197575315
8413,1,1,2,1,1.0,-0.9448671340942383,1.0,0.7368421052631579,-0.4816798165732413
8414,1,1,2,4,1.0,-1.959975004196167,1.0,1.0,-0.9419150201707376
8415,1,1,2,12,1.0,-0.8492037057876587,1.0,0.8947368421052632,-0.7217918017492071
8416,1,1,2,14,1.0,-0.8005645275115967,1.0,0.6842105263157895,-0.40963202731684933
8417,1,1,2,16,1.0,-0.8043817281723022,1.0,0.8947368421052632,-0.7210506320561468
8418,1,1,2,19,1.0,-0.9473817348480225,1.0,0.7368421052631579,-0.48172739907756323
8419,1,1,2,20,1.0,-0.851193904876709,1.0,0.6842105263157895,-0.41046830232674325
8420,1,1,3,1,1.0,-0.8649579286575317,1.0,0.8947368421052632,-0.7220618545934475
8421,1,1,3,3,1.0,-0.8265643119812012,1.0,0.8421052631578947,-0.6352628335408471
8422,1,1,3,4,1.0,-1.737837314605713,1.0,0.7894736842105263,-0.5780221149602491
8423,1,1,3,5,1.0,-0.8537126779556274,1.0,0.7894736842105263,-0.5551095830049109
8424,1,1,3,6,1.0,-1.1327511072158813,1.0,0.8421052631578947,-0.6412619986314256
8425,1,1,3,7,1.0,-0.8385399580001831,1.0,0.8421052631578947,-0.6354622405340671
8426,1,1,3,8,1.0,-0.920161247253418,1.0,0.631578947368421,-0.3477010392316302
8427,1,1,3,9,1.0,-0.8279564380645752,1.0,0.7894736842105263,-0.5546764482732149
8428,1,1,3,10,1.0,-0.8863809108734131,1.0,0.7894736842105263,-0.555678040831497
8429,1,1,3,11,1.0,-1.402804970741272,1.0,1.0,-0.9231786178593642
8430,1,1,3,12,1.0,-1.1398160457611084,1.0,0.8947368421052632,-0.7275721385917171
8431,1,1,3,13,1.0,-0.8423185348510742,1.0,0.7894736842105263,-0.5549163347814258
8432,1,1,3,14,1.0,-1.0692229270935059,1.0,0.8421052631578947,-0.6398631246006616
8433,1,1,3,15,1.0,-1.0122320652008057,1.0,0.8947368421052632,-0.7248264699481791
8434,1,1,3,17,1.0,-1.9239954948425293,1.0,0.7894736842105263,-0.5848389162816326
8435,1,1,3,18,1.0,-0.8129827976226807,1.0,0.8947368421052632,-0.7211897427022762
8436,1,1,3,19,1.0,-0.8876891136169434,1.0,0.8421052631578947,-0.6363106675467779
8437,1,1,4,1,1.0,-0.81154465675354,1.0,0.8947368421052632,-0.7211663797090244
8438,1,1,4,3,1.0,-1.8609962463378906,1.0,0.631578947368421,-0.3738671423109977
8439,1,1,4,4,1.0,1.41656494140625,2.41656494140625,0.631578947368421,-0.3607171992957797
8440,1,1,4,5,2.41656494140625,-0.9587383270263672,1.4578266143798828,0.7894736842105263,-0.5574709480513622
8441,1,1,4,6,1.4578266143798828,-0.7733480930328369,1.0,0.7368421052631579,-0.478732750292302
8442,1,1,4,7,1.0,-0.9661173820495605,1.0,0.5263157894736842,-0.237210559260922
8443,1,1,4,8,1.0,-0.9155046939849854,1.0,0.6842105263157895,-0.4116044801368361
8444,1,1,4,9,1.0,-1.7078512907028198,1.0,0.7368421052631579,-0.5019196378738796
8445,1,1,4,11,1.0,-0.9134190082550049,1.0,0.8947368421052632,-0.7229236752563878
8446,1,1,4,13,1.0,-1.168031096458435,1.0,0.6842105263157895,-0.4168659581126896
8447,1,1,4,14,1.0,-0.8424742221832275,1.0,0.8947368421052632,-0.7216779605604046
8448,1,1,4,15,1.0,-0.8924820423126221,1.0,0.7894736842105263,-0.5557865715983943
8449,1,1,4,18,1.0,-1.0599815845489502,1.0,0.8421052631578947,-0.6396663575182666
8450,1,1,4,19,1.0,-0.8139529228210449,1.0,0.7894736842105263,-0.5544465232455784
8451,1,1,4,20,1.0,-1.0632573366165161,1.0,0.7368421052631579,-0.48405723920101523
8452,1,1,5,1,1.0,-1.3108744621276855,1.0,0.8947368421052632,-0.7317642509645577
8453,1,1,5,3,1.0,-0.36321020126342773,1.0,0.7894736842105263,-0.5491405461429074
8454,1,1,5,5,1.0,-0.8144392967224121,1.0,0.8421052631578947,-0.6350638616028945
8455,1,1,5,8,1.0,-0.9153369665145874,1.0,0.6842105263157895,-0.41160140931243194
8456,1,1,5,9,1.0,-1.0494593381881714,1.0,0.7894736842105263,-0.5588349786649928
8457,1,1,5,12,1.0,-0.9677493572235107,1.0,0.7894736842105263,-0.5571867178239543
8458,1,1,5,17,1.0,-0.8471994400024414,1.0,0.7368421052631579,-0.47992954647373126
8459,1,1,5,18,1.0,-0.8186972141265869,1.0,0.8947368421052632,-0.7212829836941586
8460,1,1,5,20,1.0,-0.721651554107666,1.0,0.6842105263157895,-0.40843080134521076
8461,1,1,6,1,1.0,-0.8854717016220093,1.0,0.7368421052631579,-0.4805926789060605
8462,1,1,6,4,1.0,-0.9841232299804688,1.0,0.631578947368421,-0.3489190573400325
8463,1,1,6,6,1.0,-1.0478425025939941,1.0,0.7368421052631579,-0.4837318166647512
8464,1,1,6,7,1.0,-0.8736947774887085,1.0,0.8947368421052632,-0.7222137580520827
8465,1,1,6,8,1.0,-0.9114574193954468,1.0,0.8421052631578947,-0.6367382941961477
8466,1,1,6,9,1.0,-0.8116545677185059,1.0,0.7894736842105263,-0.5544091610128723
8467,1,1,6,10,1.0,-0.8190865516662598,1.0,0.631578947368421,-0.3459430998133658
8468,1,1,6,11,1.0,-1.1357288360595703,1.0,0.6842105263157895,-0.4161217915803229
8469,1,1,6,12,1.0,-1.1396201848983765,1.0,0.8947368421052632,-0.7275676740682503
8470,1,1,6,13,1.0,-0.9113147258758545,1.0,0.7894736842105263,-0.556126274935871
8471,1,1,6,14,1.0,-0.8545793294906616,1.0,0.6842105263157895,-0.41052604999367776
8472,1,1,6,15,1.0,-0.9199883937835693,1.0,0.8421052631578947,-0.6368945343694024
8473,1,1,6,17,1.0,-0.8440265655517578,1.0,0.7894736842105263,-0.5549451380734601
8474,1,1,6,18,1.0,-0.5669064521789551,1.0,0.8421052631578947,-0.6316445771776589
8475,1,1,7,1,1.0,-0.9198460578918457,1.0,0.6842105263157895,-0.41168415939194236
8476,1,1,7,3,1.0,-0.8285505771636963,1.0,0.8947368421052632,-0.7214452929991552
8477,1,1,7,4,1.0,-1.5575056076049805,1.0,0.7368421052631579,-0.49701031473953633
8478,1,1,7,5,1.0,-1.016876459121704,1.0,0.7894736842105263,-0.5581617069710482
8479,1,1,7,6,1.0,-0.5769205093383789,1.0,0.7368421052631579,-0.4760804503032793
8480,1,1,7,7,1.0,-0.8670942783355713,1.0,0.631578947368421,-0.3467525968973834
8481,1,1,7,8,1.0,-0.7924561500549316,1.0,0.6842105263157895,-0.4095028591873495
8482,1,1,7,9,1.0,-0.9239609241485596,1.0,0.7894736842105263,-0.5563583675334237
8483,1,1,7,11,1.0,-0.9141161441802979,1.0,0.8421052631578947,-0.6367868311729481
8484,1,1,7,12,1.0,-0.9024877548217773,1.0,0.8421052631578947,-0.6365755893984701
8485,1,1,7,13,1.0,-0.8165256977081299,1.0,0.6842105263157895,-0.4098901338399282
8486,1,1,7,14,1.0,-0.8720245361328125,1.0,0.7894736842105263,-0.5554255975560657
8487,1,1,7,15,1.0,-0.9740822315216064,1.0,0.8421052631578947,-0.6379191098600987
8488,1,1,7,20,1.0,-1.9949465990066528,1.0,0.7894736842105263,-0.5876194489687713
8489,1,1,8,2,1.0,-0.996159553527832,1.0,0.9473684210526315,-0.8161934216633406
8490,1,1,8,5,1.0,-0.9492114782333374,1.0,0.8947368421052632,-0.7235903567140713
8491,1,1,8,8,1.0,-0.9162471294403076,1.0,0.8421052631578947,-0.6368258359445136
8492,1,1,8,9,1.0,-1.5650423765182495,1.0,0.8421052631578947,-0.6529243243254165
8493,1,1,8,10,1.0,-0.9169222116470337,1.0,0.7368421052631579,-0.48115954098444363
8494,1,1,8,11,1.0,-1.81759774684906,1.0,0.9473684210526315,-0.8393066987960007
8495,1,1,8,14,1.0,-1.0563956499099731,1.0,0.8947368421052632,-0.7257400501014594
8496,1,1,8,17,1.0,1.380636215209961,2.380636215209961,0.47368421052631576,-0.20095051005201028
8497,1,1,8,19,2.380636215209961,-1.969681739807129,1.0,0.8421052631578947,-0.6672272094837339
8498,1,1,8,20,1.0,-1.1087149381637573,1.0,0.8421052631578947,-0.6407232360635122
8499,1,1,9,3,1.0,-0.9183156490325928,1.0,0.8421052631578947,-0.6368637842350191
8500,1,1,9,6,1.0,-0.9360826015472412,1.0,0.7894736842105263,-0.5565838360090837
8501,1,1,9,7,1.0,-0.8724486827850342,1.0,0.7894736842105263,-0.5554329966808226
8502,1,1,9,9,1.0,-0.8336058855056763,1.0,0.6842105263157895,-0.4101719794132477
8503,1,1,9,12,1.0,-1.2243893146514893,1.0,0.8421052631578947,-0.6434220398607651
8504,1,1,9,14,1.0,-1.4607117176055908,1.0,0.7368421052631579,-0.4940888647818295
8505,1,1,9,15,1.0,-0.8048558235168457,1.0,0.7368421052631579,-0.47923000652881653
8506,1,1,9,17,1.0,-0.8032722473144531,1.0,0.8421052631578947,-0.6348832109554937
8507,1,1,9,18,1.0,-0.8473131656646729,1.0,0.7894736842105263,-0.5550007256469761
8508,1,1,9,19,1.0,-0.9169843196868896,1.0,0.8421052631578947,-0.6368393503479539
8509,1,1,9,20,1.0,-0.8183110952377319,1.0,0.8947368421052632,-0.721276662895864
8510,1,1,10,1,1.0,-0.9554123878479004,1.0,0.7894736842105263,-0.5569494579484214
8511,1,1,10,3,1.0,-1.6446257829666138,1.0,0.631578947368421,-0.366282011682146
8512,1,1,10,4,1.0,-1.8511900901794434,1.0,0.8421052631578947,-0.6626997954222233
8513,1,1,10,5,1.0,-1.1260260343551636,1.0,0.7894736842105263,-0.5605006759403454
8514,1,1,10,8,1.0,-0.8918595314025879,1.0,0.7894736842105263,-0.5557754638774256
8515,1,1,10,9,1.0,-1.1696869134902954,1.0,0.9473684210526315,-0.8199517578583975
8516,1,1,10,11,1.0,-1.0128589868545532,1.0,0.7894736842105263,-0.5580801629124095
8517,1,1,10,12,1.0,-0.9609091281890869,1.0,0.7368421052631579,-0.48198554108869784
8518,1,1,10,13,1.0,-1.0452512502670288,1.0,0.8421052631578947,-0.6393562496842855
8519,1,1,10,15,1.0,-0.9040729999542236,1.0,0.8421052631578947,-0.6366042278148999
8520,1,1,10,19,1.0,-0.9181952476501465,1.0,0.8421052631578947,-0.6368615730505107
8521,1,1,10,20,1.0,-1.4239550828933716,1.0,0.8421052631578947,-0.6487072287034162
8522,1,1,11,1,1.0,-0.8865246772766113,1.0,0.7894736842105263,-0.5556805896740932
8523,1,1,11,3,1.0,-0.8340256214141846,1.0,0.8947368421052632,-0.7215363197817254
8524,1,1,11,4,1.0,-0.9256964921951294,1.0,0.7894736842105263,-0.5563904695965128
8525,1,1,11,5,1.0,0.8662490844726562,1.8662490844726562,0.47368421052631576,-0.18887843409727728
8526,1,1,11,6,1.8662490844726562,-0.9273178577423096,1.0,0.7894736842105263,-0.556420513732767
8527,1,1,11,8,1.0,-0.8408509492874146,1.0,0.8947368421052632,-0.7216506355991477
8528,1,1,11,9,1.0,-0.8404290676116943,1.0,0.8421052631578947,-0.6354939580993042
8529,1,1,11,11,1.0,-0.9383997917175293,1.0,0.8421052631578947,-0.6372366896133926
8530,1,1,11,12,1.0,0.4335763454437256,1.4335763454437256,0.8947368421052632,-0.7168937932286993
8531,1,1,11,14,1.4335763454437256,-1.6591017246246338,1.0,0.7894736842105263,-0.5753475149664136
8532,1,1,11,15,1.0,-0.892928957939148,1.0,0.7894736842105263,-0.5557945508791521
8533,1,1,11,17,1.0,-0.9015371799468994,1.0,0.8947368421052632,-0.7227080252782383
8534,1,1,11,18,1.0,-0.8631668090820312,1.0,0.8947368421052632,-0.7220309018129808
8535,1,1,11,19,1.0,-0.9451984167098999,1.0,0.8421052631578947,-0.6373647483919466
8536,1,1,12,1,1.0,-1.7979423999786377,1.0,0.9473684210526315,-0.8385960518389024
8537,1,1,12,3,1.0,-0.8924633264541626,1.0,0.8947368421052632,-0.7225452403006285
8538,1,1,12,5,1.0,-1.3793084621429443,1.0,0.7368421052631579,-0.4917769958997181
8539,1,1,12,8,1.0,-0.9109876155853271,1.0,0.7894736842105263,-0.5561203139973876
8540,1,1,12,9,1.0,-0.92658531665802,1.0,0.7368421052631579,-0.4813376810527892
8541,1,1,12,10,1.0,0.036081552505493164,1.0360815525054932,0.8421052631578947,-0.6284798482592551
8542,1,1,12,12,1.0360815525054932,-0.7827610969543457,1.0,0.8421052631578947,-0.6345578972714893
8543,1,1,12,15,1.0,-1.2243672609329224,1.0,0.8421052631578947,-0.6434214998188814
8544,1,1,12,17,1.0,0.8467955589294434,1.8467955589294434,0.631578947368421,-0.3472514947673163
8545,1,1,12,18,1.8467955589294434,-0.8696296215057373,1.0,0.9473684210526315,-0.8138326398884951
8546,1,1,13,1,1.0,-1.0273796319961548,1.0,0.8421052631578947,-0.6389858370048431
8547,1,1,13,3,1.0,-1.0965415239334106,1.0,0.7368421052631579,-0.4847761106994288
8548,1,1,13,4,1.0,-1.3670973777770996,1.0,0.6842105263157895,-0.4219125440930009
8549,1,1,13,5,1.0,-0.7115565538406372,1.0,0.7894736842105263,-0.5528844569330248
8550,1,1,13,6,1.0,-1.138885736465454,1.0,0.8421052631578947,-0.6414013551296822
8551,1,1,13,8,1.0,-0.8335572481155396,1.0,0.7894736842105263,-0.5547695064987487
8552,1,1,13,9,1.0,-0.040885210037231445,1.0,0.7368421052631579,-0.4727687935663246
8553,1,1,13,10,1.0,-0.8265957832336426,1.0,0.6842105263157895,-0.4100555975783471
8554,1,1,13,12,1.0,-0.9099857807159424,1.0,0.8947368421052632,-0.7228610736210243
8555,1,1,13,13,1.0,-0.6892654895782471,1.0,0.7894736842105263,-0.5525721987911246
8556,1,1,13,14,1.0,-0.8724499940872192,1.0,0.7894736842105263,-0.5554330195617171
8557,1,1,13,15,1.0,-0.83466637134552,1.0,0.7894736842105263,-0.5547880091544402
8558,1,1,13,17,1.0,-0.8104768991470337,1.0,0.8421052631578947,-0.6349994759629475
8559,1,1,13,18,1.0,-1.8904790878295898,1.0,0.8947368421052632,-0.7503194442251822
8560,1,1,13,19,1.0,-0.8686546087265015,1.0,0.8421052631578947,-0.6359763562150555
8561,1,1,13,20,1.0,-0.9890730381011963,1.0,0.7368421052631579,-0.48253473230931404
8562,1,1,14,2,1.0,-0.8887295722961426,1.0,0.8947368421052632,-0.722478734936709
8563,1,1,14,4,1.0,-0.9611225128173828,1.0,0.7368421052631579,-0.48198964240877074
8564,1,1,14,5,1.0,-1.0282902717590332,1.0,0.8421052631578947,-0.6390045567523802
8565,1,1,14,6,1.0,-0.9168329238891602,1.0,0.6842105263157895,-0.41162881779302213
8566,1,1,14,7,1.0,1.92897367477417,2.92897367477417,0.5789473684210527,-0.3199236866140486
8567,1,1,14,8,2.92897367477417,-1.1335541009902954,1.7954195737838745,0.7894736842105263,-0.5614661982123923
8568,1,1,14,9,1.7954195737838745,-0.8734222650527954,1.0,0.8421052631578947,-0.6360594124533372
8569,1,1,14,11,1.0,-0.840709924697876,1.0,0.8947368421052632,-0.7216482641848273
8570,1,1,14,12,1.0,-0.4602632522583008,1.0,0.7368421052631579,-0.4748705001761206
8571,1,1,14,15,1.0,-0.8699530363082886,1.0,0.8421052631578947,-0.6359989307762577
8572,1,1,14,17,1.0,-0.9341397285461426,1.0,0.8947368421052632,-0.7233065027344548
8573,1,1,14,18,1.0,-1.392903447151184,1.0,0.7894736842105263,-0.5672231297707456
8574,1,1,14,19,1.0,-0.974932074546814,1.0,0.5789473684210527,-0.29029024405935827
8575,1,1,15,3,1.0,-1.1989740133285522,1.0,0.7894736842105263,-0.5621967164862609
8576,1,1,15,4,1.0,-0.8311573266983032,1.0,0.631578947368421,-0.34614229703940325
8577,1,1,15,5,1.0,-1.0392177104949951,1.0,0.631578947368421,-0.35003380652022514
8578,1,1,15,6,1.0,-1.9917153120040894,1.0,0.8421052631578947,-0.668100046763153
8579,1,1,15,8,1.0,-1.1064879894256592,1.0,0.8421052631578947,-0.64067390462987
8580,1,1,15,9,1.0,-0.9412209987640381,1.0,0.7368421052631579,-0.48161104724747045
8581,1,1,15,10,1.0,-0.9015390872955322,1.0,0.7368421052631579,-0.48087980482154336
8582,1,1,15,11,1.0,-1.1327916383743286,1.0,0.8421052631578947,-0.6412629168821455
8583,1,1,15,12,1.0,-0.8297574520111084,1.0,0.7894736842105263,-0.5547063039315688
8584,1,1,15,13,1.0,-1.0435504913330078,1.0,0.7368421052631579,-0.48364205384194037
8585,1,1,15,14,1.0,-1.1403248310089111,1.0,0.8947368421052632,-0.7275837396121272
8586,1,1,15,15,1.0,-1.2029858827590942,1.0,0.631578947368421,-0.3537058223633373
8587,1,1,15,16,1.0,-0.9825601577758789,1.0,0.8421052631578947,-0.6380849925589231
8588,1,1,15,17,1.0,-0.9389979839324951,1.0,0.7894736842105263,-0.5566385017781821
8589,1,1,15,18,1.0,-0.801856517791748,1.0,0.8421052631578947,-0.6348604866736887
8590,1,1,15,19,1.0,-0.7366921901702881,1.0,0.8421052631578947,-0.6338579017530166
8591,1,1,15,20,1.0,-0.6073545217514038,1.0,0.8421052631578947,-0.6321195430733564
8592,1,1,16,1,1.0,-0.8157787322998047,1.0,0.631578947368421,-0.3458890214228873
8593,1,1,16,3,1.0,-0.8406500816345215,1.0,0.9473684210526315,-0.8133370087000142
8594,1,1,16,4,1.0,-0.8253066539764404,1.0,0.6842105263157895,-0.4100343024207286
8595,1,1,16,6,1.0,-1.055626630783081,1.0,0.7894736842105263,-0.5589648054760735
8596,1,1,16,8,1.0,-0.8563880920410156,1.0,0.8421052631578947,-0.635764753564334
8597,1,1,16,9,1.0,-0.802491307258606,1.0,0.7368421052631579,-0.479192000544583
8598,1,1,16,11,1.0,-0.9109975099563599,1.0,0.8947368421052632,-0.7228794970414391
8599,1,1,16,12,1.0,-1.1395775079727173,1.0,0.8947368421052632,-0.7275667013767453
8600,1,1,16,14,1.0,-1.0539023876190186,1.0,0.5789473684210527,-0.29189242098584745
8601,1,1,16,15,1.0,-1.6660120487213135,1.0,0.9473684210526315,-0.8340260445673389
8602,1,1,16,17,1.0,-0.942042350769043,1.0,0.7368421052631579,-0.4816265154687514
8603,1,1,16,18,1.0,-1.0202093124389648,1.0,0.6842105263157895,-0.41363126210162254
8604,1,1,16,19,1.0,1.6335597038269043,2.6335597038269043,0.3684210526315789,-0.1307106995225001
8605,1,1,16,20,2.6335597038269043,-0.8693784475326538,1.7641812562942505,0.631578947368421,-0.34755644212879766
8606,1,1,17,3,1.7641812562942505,-1.0837688446044922,1.0,0.8947368421052632,-0.7263258814953257
8607,1,1,17,4,1.0,-0.8393813371658325,1.0,0.8947368421052632,-0.7216259427017953
8608,1,1,17,5,1.0,-0.9691975116729736,1.0,0.7894736842105263,-0.55721476780622
8609,1,1,17,6,1.0,-1.775984525680542,1.0,0.631578947368421,-0.37077528237672797
8610,1,1,17,8,1.0,-0.941901683807373,1.0,1.0,-0.9123717878195916
8611,1,1,17,10,1.0,-0.9571337699890137,1.0,0.8421052631578947,-0.6375917984589714
8612,1,1,17,11,1.0,-0.8076920509338379,1.0,0.8947368421052632,-0.7211039969013893
8613,1,1,17,13,1.0,-1.1711512804031372,1.0,0.8947368421052632,-0.7282962856258712
8614,1,1,17,14,1.0,-0.90068519115448,1.0,0.8947368421052632,-0.722692670545622
8615,1,1,17,16,1.0,-0.3142709732055664,1.0,0.9473684210526315,-0.8072577455484886
8616,1,1,17,18,1.0,-0.8229920864105225,1.0,0.9473684210526315,-0.8130432428454364
8617,1,1,17,20,1.0,-1.0133144855499268,1.0,0.7894736842105263,-0.5580893921061423
8618,1,1,18,3,1.0,-1.0287086963653564,1.0,0.7894736842105263,-0.5584037454596663
8619,1,1,18,5,1.0,0.12965846061706543,1.1296584606170654,0.8947368421052632,-0.7148781040346851
8620,1,1,18,6,1.1296584606170654,-1.9372655153274536,1.0,0.7894736842105263,-0.5853513064086586
8621,1,1,18,8,1.0,-1.003180742263794,1.0,0.8421052631578947,-0.638494463938927
8622,1,1,18,9,1.0,-0.9505362510681152,1.0,0.7368421052631579,-0.48178726920827303
8623,1,1,18,10,1.0,-1.4312992095947266,1.0,0.631578947368421,-0.35972024629602545
8624,1,1,18,11,1.0,-0.943932294845581,1.0,0.6842105263157895,-0.4121330734622751
8625,1,1,18,12,1.0,-1.7278674840927124,1.0,0.7368421052631579,-0.5026073379881756
8626,1,1,18,18,1.0,-0.8289921283721924,1.0,0.7368421052631579,-0.4796243570513573
8627,1,1,18,19,1.0,-1.0383620262145996,1.0,0.6842105263157895,-0.4140049486645956
8628,1,1,18,20,1.0,-1.672412633895874,1.0,0.7894736842105263,-0.5757909698200345
8629,1,1,19,1,1.0,-1.0109341144561768,1.0,0.7894736842105263,-0.5580412074776021
8630,1,1,19,2,1.0,-0.8548569679260254,1.0,0.7894736842105263,-0.5551291339960059
8631,1,1,19,3,1.0,-0.8691353797912598,1.0,0.8421052631578947,-0.6359847110064866
8632,1,1,19,4,1.0,-0.8367619514465332,1.0,0.6842105263157895,-0.41022469732363676
8633,1,1,19,8,1.0,-1.046812653541565,1.0,0.8421052631578947,-0.6393889152385849
8634,1,1,19,10,1.0,-1.1631723642349243,1.0,0.8421052631578947,-0.6419604474116363
8635,1,1,19,13,1.0,-0.9267091751098633,1.0,0.9473684210526315,-0.814857982054821
8636,1,1,19,15,1.0,-0.9080957174301147,1.0,0.9473684210526315,-0.8145164614226421
8637,1,1,19,19,1.0,-1.072947382926941,1.0,0.7894736842105263,-0.5593334905051869
8638,1,1,19,20,1.0,-0.8474937677383423,1.0,0.8421052631578947,-0.6356132047859909
8639,1,1,20,1,1.0,-1.999975562095642,1.0,0.7368421052631579,-0.5127511000521245
8640,1,1,20,2,1.0,-0.9642143249511719,1.0,0.7368421052631579,-0.48204917020673715
8641,1,1,20,3,1.0,-0.939335823059082,1.0,0.6842105263157895,-0.4120465095745715
8642,1,1,20,5,1.0,-1.5814937353134155,1.0,0.8947368421052632,-0.739591556758328
8643,1,1,20,6,1.0,-0.9042561054229736,1.0,0.6842105263157895,-0.4113997827316979
8644,1,1,20,7,1.0,-0.8150181770324707,1.0,0.6842105263157895,-0.40986553797868397
8645,1,1,20,8,1.0,-0.7993470430374146,1.0,0.8421052631578947,-0.6348203048745642
8646,1,1,20,9,1.0,-0.9657330513000488,1.0,0.7894736842105263,-0.5571477329036222
8647,1,1,20,12,1.0,-0.8679912090301514,1.0,0.9473684210526315,-0.8138041704920291
8648,1,1,20,13,1.0,-0.9635089635848999,1.0,0.8421052631578947,-0.637714243151522
8649,1,1,20,14,1.0,-1.1311653852462769,1.0,0.8421052631578947,-0.6412260992102312
8650,1,1,20,15,1.0,-0.8857421875,1.0,0.7368421052631579,-0.4805974697894996
8651,1,1,20,16,1.0,-1.4781521558761597,1.0,0.7894736842105263,-0.5696706675991026
8652,1,1,20,17,1.0,-0.8354535102844238,1.0,0.8421052631578947,-0.6354105736009033
8653,1,1,20,18,1.0,-0.8500876426696777,1.0,0.8421052631578947,-0.6356572379246345
8654,1,1,20,19,1.0,-0.5880839824676514,1.0,0.8421052631578947,-0.6318891756267877
8655,1,1,21,1,1.0,-0.8466815948486328,1.0,0.7894736842105263,-0.5549900268704434
8656,1,1,21,2,1.0,-0.9279241561889648,1.0,0.7894736842105263,-0.5564317620362792
8657,1,1,21,3,1.0,-0.9126977920532227,1.0,0.7368421052631579,-0.481082250158515
8658,1,1,21,5,1.0,-0.850523829460144,1.0,0.6842105263157895,-0.41045689953454617
8659,1,1,21,6,1.0,-0.8856124877929688,1.0,0.7894736842105263,-0.5556644244252377
8660,1,1,21,7,1.0,-0.8103005886077881,1.0,0.7368421052631579,-0.479317948001308
8661,1,1,21,8,1.0,-0.9106526374816895,1.0,0.8947368421052632,-0.7228732146714958
8662,1,1,21,9,1.0,-0.9158759117126465,1.0,0.7894736842105263,-0.5562096164964438
8663,1,1,21,11,1.0,-0.8989496231079102,1.0,0.9473684210526315,-0.8143511873513515
8664,1,1,21,12,1.0,-0.9053323268890381,1.0,0.631578947368421,-0.34743033824326375
8665,1,1,21,13,1.0,-0.8467197418212891,1.0,0.7368421052631579,-0.47992142077422584
8666,1,1,21,15,1.0,-0.9107012748718262,1.0,0.6842105263157895,-0.41151675981028235
8667,1,1,21,17,1.0,-0.697335958480835,1.0,0.7368421052631579,-0.4776148519522306
8668,1,1,21,18,1.0,-0.8698463439941406,1.0,0.7894736842105263,-0.5553876562614889
8669,1,1,21,20,1.0,-0.8219634294509888,1.0,0.631578947368421,-0.34599031081570886
8670,1,1,22,1,1.0,-1.1152523756027222,1.0,0.7894736842105263,-0.5602592082527643
8671,1,1,22,2,1.0,-0.8052120208740234,1.0,0.8947368421052632,-0.7210639963955725
8672,1,1,22,4,1.0,-0.8102262020111084,1.0,0.7894736842105263,-0.5543859946241426
8673,1,1,22,7,1.0,-1.1255453824996948,1.0,0.8947368421052632,-0.7272488564906361
8674,1,1,22,8,1.0,-0.8590250015258789,1.0,0.7894736842105263,-0.5552005691723545
8675,1,1,22,9,1.0,-0.9199578762054443,1.0,0.9473684210526315,-0.8147333080424173
8676,1,1,22,11,1.0,-0.8959779739379883,1.0,0.7894736842105263,-0.5558490949377094
8677,1,1,22,12,1.0,-1.037523627281189,1.0,0.7894736842105263,-0.5585858824115563
8678,1,1,22,13,1.0,-0.8702406883239746,1.0,0.8421052631578947,-0.6360039364785834
8679,1,1,22,14,1.0,-0.8974848985671997,1.0,0.8947368421052632,-0.7226351238415339
8680,1,1,22,15,1.0,-0.9648383855819702,1.0,0.8947368421052632,-0.7238894635128964
8681,1,1,22,19,1.0,-0.9787125587463379,1.0,0.9473684210526315,-0.815848865828971
8682,1,1,22,20,1.0,-1.568232774734497,1.0,1.0,-0.9280935403575146
8683,1,1,23,1,1.0,-0.8552778959274292,1.0,0.631578947368421,-0.34654907481478103
8684,1,1,23,3,1.0,-0.8148343563079834,1.0,0.8947368421052632,-0.7212198826921706
8685,1,1,23,4,1.0,-0.8408594131469727,1.0,0.8947368421052632,-0.7216507779367509
8686,1,1,23,5,1.0,-1.0151944160461426,1.0,0.8421052631578947,-0.6387369449461503
8687,1,1,23,6,1.0,-0.7545347213745117,1.0,0.8421052631578947,-0.6341239743800346
8688,1,1,23,8,1.0,-0.754960298538208,1.0,0.8421052631578947,-0.6341303984461266
8689,1,1,23,9,1.0,-0.9284310340881348,1.0,0.8421052631578947,-0.6370505897730172
8690,1,1,23,13,1.0,-0.8245947360992432,1.0,0.631578947368421,-0.34603363681018634
8691,1,1,23,14,1.0,-0.9090831279754639,1.0,0.8947368421052632,-0.7228446537456688
8692,1,1,23,17,1.0,-0.809855580329895,1.0,0.8947368421052632,-0.7211389930198869
8693,1,1,23,18,1.0,-0.8182265758514404,1.0,1.0,-0.9101949472942957
8694,1,1,23,19,1.0,-1.0904605388641357,1.0,0.8947368421052632,-0.7264713742781708
8695,1,1,23,20,1.0,-0.8446135520935059,1.0,0.7894736842105263,-0.5549550501636893
8696,1,1,24,3,1.0,-0.8022005558013916,1.0,0.8947368421052632,-0.7210155897272528
8697,1,1,24,8,1.0,-0.8647148609161377,1.0,0.7368421052631579,-0.4802293954692189
8698,1,1,24,9,1.0,-0.6932789087295532,1.0,0.8421052631578947,-0.63323710437533
8699,1,1,24,11,1.0,-0.8303020000457764,1.0,0.7894736842105263,-0.5547153437526894
8700,1,1,24,15,1.0,-1.0332409143447876,1.0,0.7368421052631579,-0.48342794543308726
8701,1,1,24,18,1.0,-0.98042893409729,1.0,0.8947368421052632,-0.7241927413581237
8702,1,1,24,19,1.0,-0.7935717105865479,1.0,0.7894736842105263,-0.5541188902383217
8703,1,1,24,20,1.0,-0.8148659467697144,1.0,0.8947368421052632,-0.7212203975220213
8704,1,1,25,1,1.0,-0.998335599899292,1.0,0.7894736842105263,-0.5577880693401519
8705,1,1,25,2,1.0,-0.8209580183029175,1.0,0.7894736842105263,-0.5545610503180477
8706,1,1,25,3,1.0,-1.8456529378890991,1.0,0.8947368421052632,-0.7486446800813589
8707,1,1,25,5,1.0,-0.8030738830566406,1.0,0.6842105263157895,-0.4096722683062274
8708,1,1,25,6,1.0,-1.8320008516311646,1.0,0.7368421052631579,-0.5063143487660998
8709,1,1,25,7,1.0,-0.8644928932189941,1.0,0.7368421052631579,-0.4802255571865882
8710,1,1,25,8,1.0,-0.9049785137176514,1.0,0.7368421052631579,-0.4809419386652328
8711,1,1,25,9,1.0,-1.1648635864257812,1.0,0.8421052631578947,-0.641999819672245
8712,1,1,25,10,1.0,-0.8850126266479492,1.0,0.7368421052631579,-0.4805845510555898
8713,1,1,25,14,1.0,-1.999981164932251,1.0,0.7368421052631579,-0.5127513241631644
8714,1,1,25,18,1.0,-0.8015326261520386,1.0,0.7894736842105263,-0.554245875147751
8715,1,1,25,20,1.0,-1.3556766510009766,1.0,0.9473684210526315,-0.8246486749231852
8716,1,1,26,1,1.0,-0.8863229751586914,1.0,0.7368421052631579,-0.48060776172526826
8717,1,1,26,3,1.0,-0.8199844360351562,1.0,0.8947368421052632,-0.7213040771633712
8718,1,1,26,5,1.0,-1.9822418689727783,1.0,0.7894736842105263,-0.5871141579109761
8719,1,1,26,9,1.0,-0.9214822053909302,1.0,0.8947368421052632,-0.7230716269584936
8720,1,1,26,12,1.0,-0.8315236568450928,1.0,0.9473684210526315,-0.8131843990214233
8721,1,1,26,13,1.0,-0.8334499597549438,1.0,0.7894736842105263,-0.5547677179940443
8722,1,1,26,14,1.0,-1.0788899660110474,1.0,0.8947368421052632,-0.7262203679975654
8723,1,1,26,15,1.0,-0.8506590127944946,1.0,0.6842105263157895,-0.4104591992502357
8724,1,1,26,17,1.0,-1.8154832124710083,1.0,0.8421052631578947,-0.6613905408700781
8725,1,1,26,18,1.0,-0.821139931678772,1.0,0.7894736842105263,-0.5545640375138633
8726,1,1,26,20,1.0,-0.8657610416412354,1.0,0.7368421052631579,-0.4802474993745639
8727,1,1,27,1,1.0,-1.5016099214553833,1.0,0.7894736842105263,-0.5703696532020216
8728,1,1,27,2,1.0,-0.9173469543457031,1.0,0.7894736842105263,-0.5562365839863626
8729,1,1,27,4,1.0,-0.9623839855194092,1.0,0.8947368421052632,-0.7238421617658144
8730,1,1,27,5,1.0,-1.5723031759262085,1.0,1.0,-0.9282213727702764
8731,1,1,27,6,1.0,-0.8675202131271362,1.0,0.8421052631578947,-0.6359566611242791
8732,1,1,27,9,1.0,-0.8621397018432617,1.0,0.8947368421052632,-0.7220131810649161
8733,1,1,27,10,1.0,-1.9963548183441162,1.0,0.7894736842105263,-0.5876756552471468
8734,1,1,27,11,1.0,-0.9247441291809082,1.0,0.8947368421052632,-0.7231318494545178
8735,1,1,27,14,1.0,-1.0519200563430786,1.0,0.7368421052631579,-0.483817435611695
8736,1,1,27,15,1.0,-2.0,1.0,0.7894736842105263,-0.5878213296398892
8737,1,1,27,17,1.0,-0.9563522338867188,1.0,0.631578947368421,-0.34838016797476173
8738,1,1,27,18,1.0,-0.7038552761077881,1.0,0.8947368421052632,-0.71953445490702
8739,1,1,27,19,1.0,-0.8952277898788452,1.0,0.7368421052631579,-0.48076640552004035
8740,1,1,27,20,1.0,0.3212144374847412,1.3212144374847412,0.7368421052631579,-0.47410507914829786
8741,1,1,28,1,1.3212144374847412,-0.6696240901947021,1.0,0.7894736842105263,-0.55230529386158
8742,1,1,28,4,1.0,-0.9085370302200317,1.0,0.6842105263157895,-0.41147738704256104
8743,1,1,28,5,1.0,-1.0257623195648193,1.0,0.6842105263157895,-0.41374487505214064
8744,1,1,28,6,1.0,-1.9728931188583374,1.0,0.8421052631578947,-0.6673538205068233
8745,1,1,28,8,1.0,-0.6964638233184814,1.0,0.7368421052631579,-0.4776026961342407
8746,1,1,28,13,1.0,-1.149019718170166,1.0,0.7894736842105263,-0.5610237927673276
8747,1,1,28,14,1.0,0.47130513191223145,1.4713051319122314,0.631578947368421,-0.34192666242774084
8748,1,1,28,15,1.4713051319122314,-0.959770917892456,1.0,0.9473684210526315,-0.8154816852508142
8749,1,1,28,16,1.0,-0.8556602001190186,1.0,0.8421052631578947,-0.6357522917031148
8750,1,1,28,20,1.0,-0.9907242059707642,1.0,0.8947368421052632,-0.7243956769329363
8751,1,1,29,1,1.0,-1.9594061374664307,1.0,0.7894736842105263,-0.5862140537553003
8752,1,1,29,3,1.0,-0.9607512950897217,1.0,0.7368421052631579,-0.4819825080724925
8753,1,1,29,6,1.0,-0.9027364253997803,1.0,0.7894736842105263,-0.5559706601773249
8754,1,1,29,7,1.0,-1.2206141948699951,1.0,0.8947368421052632,-0.7294793225371534
8755,1,1,29,8,1.0,-0.8067986965179443,1.0,0.8947368421052632,-0.7210895737770028
8756,1,1,29,9,1.0,-1.4821897745132446,1.0,0.7894736842105263,-0.5697901949166054
8757,1,1,29,11,1.0,-1.1212986707687378,1.0,0.8947368421052632,-0.7271534395006496
8758,1,1,29,12,1.0,-1.026465654373169,1.0,0.7368421052631579,-0.4832883949584041
8759,1,1,29,18,1.0,-1.3310267925262451,1.0,0.8947368421052632,-0.7322966556341992
8760,1,1,29,19,1.0,-0.8840101957321167,1.0,0.8421052631578947,-0.6362454881840209
8761,1,1,30,1,1.0,1.11729097366333,2.11729097366333,0.3684210526315789,-0.11599264893096162
8762,1,1,30,2,2.11729097366333,-0.8633549213409424,1.2539360523223877,0.8421052631578947,-0.6361385011767962
8763,1,1,30,3,1.2539360523223877,-0.998354434967041,1.0,0.8947368421052632,-0.7245474481881558
8764,1,1,30,5,1.0,-0.847415566444397,1.0,0.5789473684210527,-0.28796644998207954
8765,1,1,30,6,1.0,-1.6254806518554688,1.0,0.7894736842105263,-0.574243203135454
8766,1,1,30,7,1.0,-1.995168685913086,1.0,0.8421052631578947,-0.668237728774919
8767,1,1,30,8,1.0,-0.8272073268890381,1.0,0.9473684210526315,-0.813112802719082
8768,1,1,30,9,1.0,-0.9521119594573975,1.0,0.5789473684210527,-0.2898504903929748
8769,1,1,30,10,1.0,-0.8614238500595093,1.0,0.7894736842105263,-0.5552418401344027
8770,1,1,30,11,1.0,-0.9385769367218018,1.0,0.9473684210526315,-0.8150793497639537
8771,1,1,30,15,1.0,-1.0745140314102173,1.0,0.8947368421052632,-0.7261261364469466
8772,1,1,30,17,1.0,-0.7922065258026123,1.0,0.9473684210526315,-0.8125459948977354
8773,1,1,30,19,1.0,-0.8413575887680054,1.0,0.7368421052631579,-0.47983090348410185
8774,1,1,30,20,1.0,-0.8457086086273193,1.0,0.9473684210526315,-0.8134223136095565
8775,1,1,31,3,1.0,-0.8477715253829956,1.0,0.7894736842105263,-0.5550084952323913
8776,1,1,31,4,1.0,-1.61847722530365,1.0,0.7368421052631579,-0.49894676285059275
8777,1,1,31,5,1.0,-0.8352434635162354,1.0,0.8421052631578947,-0.6354070643559036
8778,1,1,31,6,1.0,-1.0163425207138062,1.0,0.8421052631578947,-0.6387602691165465
8779,1,1,31,8,1.0,-1.2243890762329102,1.0,0.8947368421052632,-0.729571618509957
8780,1,1,31,9,1.0,-0.8691787719726562,1.0,0.7368421052631579,-0.4803067949388057
8781,1,1,31,10,1.0,-0.9068281650543213,1.0,0.7368421052631579,-0.48097545077168463
8782,1,1,31,11,1.0,-1.9740980863571167,1.0,0.8421052631578947,-0.6674013804680259
8783,1,1,31,12,1.0,-1.168340802192688,1.0,0.7894736842105263,-0.5614715319405718
8784,1,1,31,13,1.0,-1.05218505859375,1.0,0.7368421052631579,-0.48382301153760604
8785,1,1,31,15,1.0,-0.894007682800293,1.0,0.8421052631578947,-0.6364232452914971
8786,1,1,31,17,1.0,-1.1175087690353394,1.0,0.7368421052631579,-0.4852403360510355
8787,1,1,31,18,1.0,-0.8109475374221802,1.0,0.8947368421052632,-0.7211566914944831
8788,1,1,31,19,1.0,-0.8472850322723389,1.0,0.7368421052631579,-0.4799309968214541
8789,1,1,31,20,1.0,-0.8601987361907959,1.0,0.8421052631578947,-0.63583016657988
8790,1,1,32,3,1.0,-1.1461045742034912,1.0,0.8421052631578947,-0.6415663048725393
8791,1,1,32,4,1.0,-0.8647305965423584,1.0,0.8421052631578947,-0.6359083379684026
8792,1,1,32,6,1.0,-1.0424607992172241,1.0,0.7894736842105263,-0.5586885748189353
8793,1,1,32,8,1.0,-1.849021553993225,1.0,0.7368421052631579,-0.506940884633642
8794,1,1,32,9,1.0,-0.9500532150268555,1.0,0.7894736842105263,-0.5568473407537178
8795,1,1,32,10,1.0,-1.2188606262207031,1.0,0.7368421052631579,-0.48760828982383797
8796,1,1,32,11,1.0,-0.9470410346984863,1.0,0.8421052631578947,-0.6373996151364654
8797,1,1,32,12,1.0,-0.8269810676574707,1.0,0.7894736842105263,-0.5546603065025281
8798,1,1,32,15,1.0,-0.8254423141479492,1.0,0.7894736842105263,-0.5546348797797483
8799,1,1,32,17,1.0,-0.8125938177108765,1.0,0.8947368421052632,-0.7211834195357916
8800,1,1,32,18,1.0,-0.8481748104095459,1.0,0.8947368421052632,-0.7217743375001049
8801,1,1,32,19,1.0,-0.8588553667068481,1.0,0.6842105263157895,-0.41059931709896225
8802,1,1,33,1,1.0,-0.8369531631469727,1.0,0.9473684210526315,-0.8132749890755102
8803,1,1,33,2,1.0,-0.8245611190795898,1.0,0.9473684210526315,-0.8130690934934708
8804,1,1,33,4,1.0,-0.9187496900558472,1.0,0.6842105263157895,-0.4116640016195278
8805,1,1,33,6,1.0,-1.0101841688156128,1.0,0.8421052631578947,-0.6386354684716945
8806,1,1,33,8,1.0,-0.9040454626083374,1.0,0.7368421052631579,-0.48092505954695397
8807,1,1,33,9,1.0,-0.8136889934539795,1.0,0.8421052631578947,-0.6350516457031191
8808,1,1,33,11,1.0,-0.7475533485412598,1.0,0.8947368421052632,-0.7201686924991247
8809,1,1,33,12,1.0,-1.0398904085159302,1.0,0.8421052631578947,-0.6392444685396719
8810,1,1,33,14,1.0,-0.8724517822265625,1.0,0.6842105263157895,-0.4108347128128537
8811,1,1,33,15,1.0,-0.839378833770752,1.0,0.631578947368421,-0.346279640287984
8812,1,1,33,17,1.0,-0.8473191261291504,1.0,0.9473684210526315,-0.8134495801175357
8813,1,1,33,18,1.0,-0.8125510215759277,1.0,0.8947368421052632,-0.7211827240366131
8814,1,1,33,19,1.0,-0.906886100769043,1.0,0.6842105263157895,-0.4114474156874315
8815,1,1,33,20,1.0,-1.085229754447937,1.0,0.8947368421052632,-0.7263575686093635
8816,1,1,34,1,1.0,-1.0311423540115356,1.0,0.8421052631578947,-0.6390632934648021
8817,1,1,34,3,1.0,-0.9707033634185791,1.0,0.631578947368421,-0.34865672221968197
8818,1,1,34,4,1.0,-0.7646037340164185,1.0,0.8421052631578947,-0.6342769366231561
8819,1,1,34,5,1.0,-1.188555359840393,1.0,0.5789473684210527,-0.29491195699361
8820,1,1,34,6,1.0,-0.87721848487854,1.0,0.8421052631578947,-0.6361258706245636
8821,1,1,34,8,1.0,-1.0863591432571411,1.0,0.7894736842105263,-0.5596230915212731
8822,1,1,34,10,1.0,-0.9385216236114502,1.0,0.8421052631578947,-0.6372389763023003
8823,1,1,34,11,1.0,-1.2161484956741333,1.0,0.6842105263157895,-0.4180131633250552
8824,1,1,34,12,1.0,-1.7158812284469604,1.0,0.8947368421052632,-0.7440228163113387
8825,1,1,34,13,1.0,-0.7634024620056152,1.0,0.6842105263157895,-0.409050824879713
8826,1,1,34,14,1.0,-0.9148671627044678,1.0,0.7894736842105263,-0.5561911488938384
8827,1,1,34,15,1.0,-0.8305827379226685,1.0,0.7894736842105263,-0.5547200064852403
8828,1,1,34,17,1.0,-0.7585587501525879,1.0,0.7894736842105263,-0.5535754434142197
8829,1,1,34,18,1.0,-0.9174118041992188,1.0,0.8947368421052632,-0.7229967765948129
8830,1,1,34,19,1.0,-0.8844262361526489,1.0,0.9473684210526315,-0.8140921807744443
8831,1,1,34,20,1.0,-0.8650929927825928,1.0,0.7368421052631579,-0.4802359364239422
8832,1,1,35,1,1.0,-0.9209117889404297,1.0,0.631578947368421,-0.34771485725225515
8833,1,1,35,3,1.0,-0.8447625637054443,1.0,0.5789473684210527,-0.28792155644993866
8834,1,1,35,5,1.0,-0.8921205997467041,1.0,0.8421052631578947,-0.6363895395673618
8835,1,1,35,6,1.0,-0.9641687870025635,1.0,0.9473684210526315,-0.8155662976007929
8836,1,1,35,7,1.0,-1.0171785354614258,1.0,0.7894736842105263,-0.5581678513699236
8837,1,1,35,8,1.0,-0.8104175329208374,1.0,0.7894736842105263,-0.5543890954165441
8838,1,1,35,9,1.0,-1.1613901853561401,1.0,0.8947368421052632,-0.728068604036388
8839,1,1,35,12,1.0,-0.7945314645767212,1.0,0.7894736842105263,-0.5541341321219134
8840,1,1,35,13,1.0,-0.6441731452941895,1.0,0.8421052631578947,-0.6325803383336197
8841,1,1,35,15,1.0,-0.8675391674041748,1.0,0.9473684210526315,-0.8137963251722962
8842,1,1,35,17,1.0,-0.5319018363952637,1.0,0.7894736842105263,-0.5506505252754957
8843,1,1,35,18,1.0,-0.8504911661148071,1.0,0.8421052631578947,-0.6356641001588308
8844,1,1,35,19,1.0,-0.8283472061157227,1.0,0.6842105263157895,-0.4100845826285479
8845,1,1,36,1,1.0,-0.8227256536483765,1.0,0.7894736842105263,-0.5545901046516006
8846,1,1,36,2,1.0,-0.837069034576416,1.0,0.6842105263157895,-0.4102298373762176
8847,1,1,36,3,1.0,-1.0823158025741577,1.0,0.7894736842105263,-0.5595354046049066
8848,1,1,36,4,1.0,-0.9372937679290771,1.0,0.631578947368421,-0.3480192680961474
8849,1,1,36,5,1.0,-1.135827898979187,1.0,0.8421052631578947,-0.6413317980834323
8850,1,1,36,6,1.0,-0.9006742238998413,1.0,0.8421052631578947,-0.6365428884984135
8851,1,1,36,8,1.0,-0.8439044952392578,1.0,0.7894736842105263,-0.5549430776107395
8852,1,1,36,9,1.0,-0.9364831447601318,1.0,0.7368421052631579,-0.481522084366525
8853,1,1,36,10,1.0,-0.9406328201293945,1.0,0.7894736842105263,-0.5566692306629349
8854,1,1,36,11,1.0,-1.3198645114898682,1.0,0.7894736842105263,-0.565241752926793
8855,1,1,36,12,1.0,-0.930625319480896,1.0,1.0,-0.9121606348525891
8856,1,1,36,13,1.0,-1.2766624689102173,1.0,0.7894736842105263,-0.5641200002351284
8857,1,1,36,14,1.0,-1.1208997964859009,1.0,0.5789473684210527,-0.2933494820971781
8858,1,1,36,15,1.0,-0.37924957275390625,1.0,0.7368421052631579,-0.47419037994666696
8859,1,1,36,16,1.0,-0.06332755088806152,1.0,0.7368421052631579,-0.47279218134934153
8860,1,1,36,17,1.0,-1.1177119016647339,1.0,0.9473684210526315,-0.8187628820537229
8861,1,1,36,18,1.0,-1.3729065656661987,1.0,0.9473684210526315,-0.8251188074829865
8862,1,1,36,19,1.0,-0.8142515420913696,1.0,0.6842105263157895,-0.40985304742773243
8863,1,1,36,20,1.0,-0.8448491096496582,1.0,1.0,-0.9106377001807582
8864,1,1,37,1,1.0,-0.8379697799682617,1.0,0.7894736842105263,-0.5548432631612897
8865,1,1,37,2,1.0,-0.7816770076751709,1.0,0.8421052631578947,-0.6345409373657177
8866,1,1,37,3,1.0,-0.8270518779754639,1.0,0.8421052631578947,-0.635270896011065
8867,1,1,37,5,1.0,-1.6332521438598633,1.0,0.8421052631578947,-0.6551058735766659
8868,1,1,37,7,1.0,-0.9083985090255737,1.0,0.6842105263157895,-0.41147487020174955
8869,1,1,37,9,1.0,-0.8903841972351074,1.0,0.8947368421052632,-0.7225081725968323
8870,1,1,37,10,1.0,-0.8723697662353516,1.0,0.8947368421052632,-0.7221906225003875
8871,1,1,37,13,1.0,0.4169025421142578,1.4169025421142578,0.8947368421052632,-0.7167353122482998
8872,1,1,37,14,1.4169025421142578,-0.9868682622909546,1.0,0.7894736842105263,-0.5575604193110608
8873,1,1,37,15,1.0,-0.8294768333435059,1.0,0.631578947368421,-0.34611439019269624
8874,1,1,37,17,1.0,-0.7105597257614136,1.0,0.9473684210526315,-0.8113190343412343
8875,1,1,37,18,1.0,-0.8484455347061157,1.0,1.0,-0.9106985982536274
8876,1,1,37,19,1.0,-1.4343345165252686,1.0,0.8947368421052632,-0.73515348746293
8877,1,1,37,20,1.0,-0.8183996677398682,1.0,0.8421052631578947,-0.6351285280840049
8878,1,1,38,1,1.0,-1.0672723054885864,1.0,0.8421052631578947,-0.6398214496630668
8879,1,1,38,2,1.0,-0.8627074956893921,1.0,0.7368421052631579,-0.48019471979351336
8880,1,1,38,3,1.0,-0.7756538391113281,1.0,0.8421052631578947,-0.634447136703719
8881,1,1,38,4,1.0,-1.4972834587097168,1.0,0.8421052631578947,-0.6508493254796949
8882,1,1,38,5,1.0,-1.017078161239624,1.0,0.9473684210526315,-0.8166145629631987
8883,1,1,38,8,1.0,-0.891695499420166,1.0,0.7894736842105263,-0.555772538276751
8884,1,1,38,9,1.0,-0.9356002807617188,1.0,0.6842105263157895,-0.4119764705433647
8885,1,1,38,10,1.0,-0.8061083555221558,1.0,0.7368421052631579,-0.47925018437075306
8886,1,1,38,11,1.0,-0.9607902765274048,1.0,0.8947368421052632,-0.7238115119646683
8887,1,1,38,13,1.0,-1.088643193244934,1.0,0.8421052631578947,-0.6402821879444228
8888,1,1,38,15,1.0,-0.9251217842102051,1.0,0.7368421052631579,-0.48131058071852945
8889,1,1,38,16,1.0,-0.9083411693572998,1.0,0.7894736842105263,-0.5560721664393831
8890,1,1,38,17,1.0,-0.7333410978317261,1.0,0.8947368421052632,-0.7199582240676626
8891,1,1,38,18,1.0,-1.7980254888534546,1.0,0.7894736842105263,-0.5801502862255562
8892,1,1,38,20,1.0,-1.8557488918304443,1.0,0.8947368421052632,-0.7490183719052714
8893,1,1,39,1,1.0,-0.8572249412536621,1.0,0.8421052631578947,-0.635779093921511
8894,1,1,39,2,1.0,-0.769818902015686,1.0,0.7368421052631579,-0.4786782889813331
8895,1,1,39,3,1.0,-0.860471248626709,1.0,0.8947368421052632,-0.7219844401071043
8896,1,1,39,4,1.0,-1.3637173175811768,1.0,0.7368421052631579,-0.49134932678503473
8897,1,1,39,6,1.0,-1.0365945100784302,1.0,0.6842105263157895,-0.4139682734729981
8898,1,1,39,7,1.0,-0.7924215793609619,1.0,0.8421052631578947,-0.6347100675168068
8899,1,1,39,8,1.0,-0.8930885791778564,1.0,0.7894736842105263,-0.5557974017424684
8900,1,1,39,9,1.0,-0.9348800182342529,1.0,0.7368421052631579,-0.4814920840472635
8901,1,1,39,10,1.0,-1.1327108144760132,1.0,0.7894736842105263,-0.5606516675321983
8902,1,1,39,11,1.0,-0.83856201171875,1.0,0.8421052631578947,-0.6354626103974156
8903,1,1,39,12,1.0,-1.0931587219238281,1.0,0.8947368421052632,-0.7265302923231536
8904,1,1,39,13,1.0,-0.8236985206604004,1.0,0.7368421052631579,-0.47953687009170803
8905,1,1,39,14,1.0,-1.0574949979782104,1.0,0.7894736842105263,-0.5590042863473785
8906,1,1,39,15,1.0,-1.0407575368881226,1.0,0.8421052631578947,-0.6392625104283319
8907,1,1,39,17,1.0,-0.8383136987686157,1.0,0.8421052631578947,-0.6354584464978688
8908,1,1,39,18,1.0,-0.8831530809402466,1.0,0.8421052631578947,-0.6362303415661801
8909,1,1,39,19,1.0,-0.9457650184631348,1.0,0.7368421052631579,-0.48169679226381246
8910,1,1,40,3,1.0,-1.0319710969924927,1.0,0.8947368421052632,-0.7252299758602511
8911,1,1,40,4,1.0,-1.9347280263900757,1.0,0.8421052631578947,-0.66586247328343
8912,1,1,40,5,1.0,-0.8959112167358398,1.0,0.631578947368421,-0.34726064110489147
8913,1,1,40,8,1.0,-1.575614094734192,1.0,0.8947368421052632,-0.7394059301652227
8914,1,1,40,9,1.0,-0.9492473602294922,1.0,0.631578947368421,-0.34824477753118716
8915,1,1,40,11,1.0,-0.7267560958862305,1.0,0.5263157894736842,-0.23315847553101698
8916,1,1,40,12,1.0,-1.0299263000488281,1.0,0.7368421052631579,-0.4833595593976494
8917,1,1,40,13,1.0,-0.8587146997451782,1.0,0.8421052631578947,-0.635804657278022
8918,1,1,40,14,1.0,-0.8766024112701416,1.0,0.7368421052631579,-0.480436395436773
8919,1,1,40,15,1.0,-0.9910273551940918,1.0,0.9473684210526315,-0.8160914352899229
8920,1,1,40,18,1.0,-0.8695530891418457,1.0,0.7894736842105263,-0.5553825553882504
8921,1,1,40,20,1.0,-0.8531224727630615,1.0,0.8947368421052632,-0.7218585119453058
8922,1,1,41,1,1.0,-0.8694487810134888,1.0,0.8421052631578947,-0.635990159750496
8923,1,1,41,2,1.0,-0.8488740921020508,1.0,0.8421052631578947,-0.6356366201648584
8924,1,1,41,3,1.0,-0.9345580339431763,1.0,0.8421052631578947,-0.637164735110515
8925,1,1,41,4,1.0,-1.9489408731460571,1.0,0.6842105263157895,-0.44120669695994386
8926,1,1,41,5,1.0,-0.8391196727752686,1.0,0.8421052631578947,-0.6354719661748223
8927,1,1,41,8,1.0,-0.9138505458831787,1.0,0.8421052631578947,-0.6367819761245475
8928,1,1,41,10,1.0,-0.8477910757064819,1.0,0.7894736842105263,-0.5550088267203647
8929,1,1,41,11,1.0,-1.398040533065796,1.0,0.8947368421052632,-0.7341255057309212
8930,1,1,41,12,1.0,-1.0376113653182983,1.0,0.8947368421052632,-0.7253467058643492
8931,1,1,41,13,1.0,-0.876431941986084,1.0,0.631578947368421,-0.3469154015114955
8932,1,1,41,14,1.0,-1.9424608945846558,1.0,0.7894736842105263,-0.5855528729097954
8933,1,1,41,15,1.0,-0.831373929977417,1.0,0.8947368421052632,-0.7214921585244332
8934,1,1,41,17,1.0,-0.8452649116516113,1.0,0.8947368421052632,-0.7217250601186662
8935,1,1,41,18,1.0,-0.8720700740814209,1.0,0.8421052631578947,-0.6360358100635213
8936,1,1,41,20,1.0,-0.8363385200500488,1.0,0.9473684210526315,-0.813264704303688
8937,1,1,42,1,1.0,-1.9893819093704224,1.0,0.8421052631578947,-0.6680071517357407
8938,1,1,42,2,1.0,-0.8064301013946533,1.0,0.8947368421052632,-0.7210836274943261
8939,1,1,42,6,1.0,-0.9410016536712646,1.0,0.7894736842105263,-0.5566761707620097
8940,1,1,42,10,1.0,-1.938217043876648,1.0,0.8947368421052632,-0.7521471855017116
8941,1,1,42,11,1.0,-0.9220919609069824,1.0,0.9473684210526315,-0.8147726189461858
8942,1,1,42,12,1.0,-0.835463285446167,1.0,0.631578947368421,-0.3462140610354456
8943,1,1,42,14,1.0,-1.6279340982437134,1.0,0.7894736842105263,-0.5743230239221349
8944,1,1,42,15,1.0,-0.8487808704376221,1.0,0.631578947368421,-0.346438361682369
8945,1,1,42,18,1.0,-0.8073958158493042,1.0,0.7368421052631579,-0.47927095759683636
8946,1,1,42,19,1.0,-0.9443701505661011,1.0,0.8947368421052632,-0.7234986822227746
8947,1,1,42,20,1.0,-1.0944819450378418,1.0,0.8421052631578947,-0.6404096552025758
8948,1,1,43,1,1.0,-1.1195915937423706,1.0,0.7894736842105263,-0.560356183007675
8949,1,1,43,3,1.0,-1.5346746444702148,1.0,0.7894736842105263,-0.571373592283687
8950,1,1,43,4,1.0,-0.829593300819397,1.0,0.7368421052631579,-0.47963432800997097
8951,1,1,43,5,1.0,-1.06997549533844,1.0,0.7894736842105263,-0.5592698052461366
8952,1,1,43,6,1.0,-0.9020282030105591,1.0,0.8421052631578947,-0.6365672967127022
8953,1,1,43,8,1.0,-0.8391211032867432,1.0,0.8421052631578947,-0.6354719901822492
8954,1,1,43,9,1.0,-0.930065393447876,1.0,0.8421052631578947,-0.637080964283331
8955,1,1,43,10,1.0,-0.953380823135376,1.0,0.8421052631578947,-0.6375200978616604
8956,1,1,43,11,1.0,1.341756820678711,2.341756820678711,0.42105263157894735,-0.15802492588071917
8957,1,1,43,14,2.341756820678711,-1.1500862836837769,1.191670536994934,0.7894736842105263,-0.5612399847760597
8958,1,1,43,15,1.191670536994934,-0.8095095157623291,1.0,0.8947368421052632,-0.7211333889710698
8959,1,1,43,18,1.0,-0.9333467483520508,1.0,0.8421052631578947,-0.637142109449031
8960,1,1,43,19,1.0,-1.6376405954360962,1.0,0.7368421052631579,-0.49957074476052965
8961,1,1,43,20,1.0,-0.25526702404022217,1.0,0.8421052631578947,-0.6290823604580611
8962,1,1,44,1,1.0,-0.9955096244812012,1.0,0.8421052631578947,-0.6383411420467846
8963,1,1,44,2,1.0,-0.8284413814544678,1.0,0.6842105263157895,-0.41008614291481255
8964,1,1,44,3,1.0,-0.8229444026947021,1.0,0.8421052631578947,-0.635203122821703
8965,1,1,44,4,1.0,-0.8429543972015381,1.0,0.8421052631578947,-0.6355364690800517
8966,1,1,44,6,1.0,-1.1899067163467407,1.0,0.8947368421052632,-0.728739112346043
8967,1,1,44,7,1.0,-1.0947725772857666,1.0,0.7368421052631579,-0.4847373475220959
8968,1,1,44,9,1.0,-0.9829590320587158,1.0,0.7894736842105263,-0.5574834142269472
8969,1,1,44,10,1.0,-0.8276354074478149,1.0,0.5789473684210527,-0.2876351222361698
8970,1,1,44,11,1.0,-0.9417730569839478,1.0,0.8947368421052632,-0.7234496973185811
8971,1,1,44,12,1.0,-1.0343377590179443,1.0,0.631578947368421,-0.3499326180194632
8972,1,1,44,14,1.0,-1.02018404006958,1.0,0.6842105263157895,-0.4136307464458776
8973,1,1,44,15,1.0,-0.8052520751953125,1.0,0.8421052631578947,-0.6349150569685011
8974,1,1,44,17,1.0,-0.797444224357605,1.0,0.7368421052631579,-0.47911125047193975
8975,1,1,44,18,1.0,-1.569637656211853,1.0,0.6842105263157895,-0.42786061540773307
8976,1,1,44,19,1.0,-0.8852617740631104,1.0,0.5263157894736842,-0.2357136153881127
8977,1,1,44,20,1.0,-0.9685022830963135,1.0,0.9473684210526315,-0.8156500498261207
8978,1,1,45,1,1.0,-0.7050337791442871,1.0,0.9473684210526315,-0.8112408093998377
8979,1,1,45,3,1.0,-0.8438818454742432,1.0,0.6842105263157895,-0.4103443573809608
8980,1,1,45,5,1.0,-0.8070001602172852,1.0,0.9473684210526315,-0.8127825756884002
8981,1,1,45,6,1.0,-1.8408483266830444,1.0,0.7894736842105263,-0.5817085552584068
8982,1,1,45,8,1.0,-0.7842109203338623,1.0,0.8947368421052632,-0.720730200085681
8983,1,1,45,9,1.0,-0.9415870904922485,1.0,0.7894736842105263,-0.5566871921297057
8984,1,1,45,11,1.0,-0.9094696044921875,1.0,0.6842105263157895,-0.4114943413047024
8985,1,1,45,12,1.0,-1.1494723558425903,1.0,0.8421052631578947,-0.6416436148909007
8986,1,1,45,13,1.0,-0.8920292854309082,1.0,0.7894736842105263,-0.555778492100553
8987,1,1,45,15,1.0,-1.13150954246521,1.0,0.631578947368421,-0.35203721046905884
8988,1,1,45,18,1.0,-0.8811473846435547,1.0,0.7894736842105263,-0.5555855367745309
8989,1,1,45,19,1.0,-0.7586848735809326,1.0,0.7368421052631579,-0.4785081049363319
8990,1,1,45,20,1.0,-0.9756970405578613,1.0,0.9473684210526315,-0.8157899302520266
8991,1,1,46,1,1.0,-0.9724991321563721,1.0,0.8947368421052632,-0.7240378780304212
8992,1,1,46,4,1.0,-1.2502479553222656,1.0,0.7368421052631579,-0.4883832770602018
8993,1,1,46,5,1.0,-1.0720843076705933,1.0,0.8421052631578947,-0.6399243955499729
8994,1,1,46,6,1.0,-0.9960246086120605,1.0,0.8421052631578947,-0.6383513981320457
8995,1,1,46,8,1.0,-0.8317630290985107,1.0,0.7894736842105263,-0.5547396270056405
8996,1,1,46,9,1.0,-1.0209490060806274,1.0,0.8947368421052632,-0.7250037011401425
8997,1,1,46,10,1.0,-0.7974510192871094,1.0,0.9473684210526315,-0.8126293643841134
8998,1,1,46,11,1.0,-1.8178725242614746,1.0,0.7894736842105263,-0.580867934784537
8999,1,1,46,12,1.0,-0.9967324733734131,1.0,0.7368421052631579,-0.48268683379709754
9000,1,1,46,15,1.0,-0.33056020736694336,1.0,0.6842105263157895,-0.40431569219669544
9001,1,1,46,16,1.0,-0.7528419494628906,1.0,0.7894736842105263,-0.5534890396486
9002,1,1,46,17,1.0,-1.9915393590927124,1.0,0.8947368421052632,-0.7542426225981264
9003,1,1,46,18,1.0,-0.8284200429916382,1.0,0.9473684210526315,-0.8131328807787956
9004,1,1,46,20,1.0,-0.9024602174758911,1.0,0.7894736842105263,-0.5559656740811555
9005,1,1,47,2,1.0,-1.8245923519134521,1.0,0.6842105263157895,-0.4365143641963613
9006,1,1,47,3,1.0,-0.9320298433303833,1.0,0.7894736842105263,-0.5565081259284738
9007,1,1,47,5,1.0,-0.8299472332000732,1.0,0.8947368421052632,-0.7214684565089368
9008,1,1,47,6,1.0,-0.9590649604797363,1.0,0.8421052631578947,-0.6376288039066376
9009,1,1,47,9,1.0,-0.8394830226898193,1.0,0.8421052631578947,-0.6354780653762819
9010,1,1,47,11,1.0,-0.9010758399963379,1.0,0.9473684210526315,-0.814389459796744
9011,1,1,47,13,1.0,-1.4218038320541382,1.0,0.6842105263157895,-0.423438253058189
9012,1,1,47,14,1.0,-0.8925271034240723,1.0,0.7368421052631579,-0.4807181238657924
9013,1,1,47,16,1.0,1.3367090225219727,2.3367090225219727,0.5789473684210527,-0.2999899376909952
9014,1,1,47,18,2.3367090225219727,-1.999122142791748,1.0,0.9473684210526315,-0.8462349765204956
9015,1,1,48,1,1.0,1.2905080318450928,2.2905080318450928,0.5789473684210527,-0.2987299363939688
9016,1,1,48,3,2.2905080318450928,-1.6787846088409424,1.0,0.7894736842105263,-0.5760045072687016
9017,1,1,48,4,1.0,-0.8886816501617432,1.0,0.6842105263157895,-0.41112054244309265
9018,1,1,48,5,1.0,-1.0498045682907104,1.0,0.7894736842105263,-0.5588422259559296
9019,1,1,48,6,1.0,-0.8945114612579346,1.0,0.7894736842105263,-0.5558228371831072
9020,1,1,48,7,1.0,-1.9212052822113037,1.0,0.8421052631578947,-0.6653410452864037
9021,1,1,48,8,1.0,-0.8300385475158691,1.0,0.7368421052631579,-0.47964171746594925
9022,1,1,48,9,1.0,-0.9666879177093506,1.0,0.7368421052631579,-0.4820969328647791
9023,1,1,48,10,1.0,-0.840100884437561,1.0,0.7894736842105263,-0.5548790246002169
9024,1,1,48,11,1.0,-0.927760124206543,1.0,0.8421052631578947,-0.637038136403115
9025,1,1,48,12,1.0,-0.5506596565246582,1.0,0.7368421052631579,-0.47578433813556525
9026,1,1,48,13,1.0,-1.5562891960144043,1.0,0.7894736842105263,-0.5720416902562008
9027,1,1,48,14,1.0,-0.8734138011932373,1.0,0.7894736842105263,-0.5554498463210373
9028,1,1,48,17,1.0,-0.7297096252441406,1.0,0.631578947368421,-0.3445588333939
9029,1,1,48,18,1.0,0.18185162544250488,1.1818516254425049,0.7368421052631579,-0.47326462932453
9030,1,1,48,19,1.1818516254425049,-0.8994011878967285,1.0,0.7894736842105263,-0.5559105546077896
9031,1,1,48,20,1.0,-0.874323844909668,1.0,0.8947368421052632,-0.7222247542677485
9032,1,1,49,1,1.0,-0.890979528427124,1.0,0.8421052631578947,-0.6363691931231998
9033,1,1,49,2,1.0,-0.922338604927063,1.0,0.7368421052631579,-0.48125916258371476
9034,1,1,49,4,1.0,-0.7467596530914307,1.0,0.5789473684210527,-0.2863618183544091
9035,1,1,49,5,1.0,-0.9089933633804321,1.0,0.7368421052631579,-0.48101476690902345
9036,1,1,49,6,1.0,-1.0363348722457886,1.0,0.7894736842105263,-0.5585612293142161
9037,1,1,49,7,1.0,-0.8474044799804688,1.0,0.7894736842105263,-0.5550022731667988
9038,1,1,49,8,1.0,-0.841475248336792,1.0,0.8947368421052632,-0.7216611383456069
9039,1,1,49,9,1.0,-0.8495626449584961,1.0,0.7894736842105263,-0.5550388965169779
9040,1,1,49,12,1.0,-0.8231997489929199,1.0,0.7894736842105263,-0.5545979079073092
9041,1,1,49,15,1.0,-0.9443953037261963,1.0,0.6842105263157895,-0.41214181658675164
9042,1,1,49,17,1.0,-0.912071943283081,1.0,0.7894736842105263,-0.5561400819371309
9043,1,1,49,18,1.0,-0.8617522716522217,1.0,0.8421052631578947,-0.6358569176994152
9044,1,1,49,20,1.0,-1.5508816242218018,1.0,0.8421052631578947,-0.6524830860459261
9045,1,1,50,1,1.0,-1.9162850379943848,1.0,0.8421052631578947,-0.665152231390849
9046,1,1,50,3,1.0,-0.8391948938369751,1.0,0.7894736842105263,-0.5548638103383097
9047,1,1,50,5,1.0,-0.8559179306030273,1.0,0.7894736842105263,-0.5551472846791669
9048,1,1,50,6,1.0,-0.8688693046569824,1.0,0.7894736842105263,-0.5553706683256402
9049,1,1,50,8,1.0,-0.8463807106018066,1.0,0.8421052631578947,-0.6355943509952258
9050,1,1,50,10,1.0,-0.8257927894592285,1.0,0.7894736842105263,-0.5546406669511177
9051,1,1,50,11,1.0,-0.9013564586639404,1.0,0.9473684210526315,-0.8143945177582449
9052,1,1,50,12,1.0,-1.0228700637817383,1.0,0.8947368421052632,-0.7250429640837808
9053,1,1,50,14,1.0,-1.133536696434021,1.0,0.9473684210526315,-0.8191191375241185
9054,1,1,50,18,1.0,-1.97059166431427,1.0,0.8421052631578947,-0.6672630629970864
9055,1,1,50,19,1.0,-0.8479470014572144,1.0,0.8421052631578947,-0.6356208890952404
9056,1,1,51,1,1.0,-0.829923152923584,1.0,0.7368421052631579,-0.47963980195991296
9057,1,1,51,2,1.0,-0.8654971122741699,1.0,0.7368421052631579,-0.480242930075876
9058,1,1,51,3,1.0,-1.1849614381790161,1.0,0.8421052631578947,-0.6424720840221504
9059,1,1,51,4,1.0,-0.8821620941162109,1.0,0.7894736842105263,-0.5556034292428441
9060,1,1,51,5,1.0,-1.0227937698364258,1.0,0.6842105263157895,-0.41368406264591273
9061,1,1,51,8,1.0,-1.0015790462493896,1.0,0.7894736842105263,-0.5578529354987475
9062,1,1,51,9,1.0,-0.9604626893997192,1.0,0.6842105263157895,-0.4124478774670401
9063,1,1,51,10,1.0,-0.8170289993286133,1.0,0.631578947368421,-0.3459094358795997
9064,1,1,51,13,1.0,-0.9264265298843384,1.0,0.8947368421052632,-0.7231629935627075
9065,1,1,51,14,1.0,-1.1129975318908691,1.0,0.9473684210526315,-0.8186577181624446
9066,1,1,51,15,1.0,-0.8185884952545166,1.0,0.8421052631578947,-0.6351316191680682
9067,1,1,51,17,1.0,-0.9332449436187744,1.0,0.7368421052631579,-0.48146153881022685
9068,1,1,51,18,1.0,-0.867315411567688,1.0,0.7894736842105263,-0.5553436898713174
9069,1,1,51,19,1.0,-0.775282621383667,1.0,0.7894736842105263,-0.5538319610700845
9070,1,1,51,20,1.0,-0.8488091230392456,1.0,0.7894736842105263,-0.5550260989134357
9071,1,1,52,1,1.0,-0.8093811273574829,1.0,0.7368421052631579,-0.4793030556555514
9072,1,1,52,3,1.0,-0.8452560901641846,1.0,0.8421052631578947,-0.6355753265020341
9073,1,1,52,5,1.0,-0.8615498542785645,1.0,0.8947368421052632,-0.7220030139240463
9074,1,1,52,6,1.0,-0.8701322078704834,1.0,0.8947368421052632,-0.7221516330017078
9075,1,1,52,7,1.0,-0.8587520122528076,1.0,0.8947368421052632,-0.7219548825954547
9076,1,1,52,8,1.0,-0.9343304634094238,1.0,0.9473684210526315,-0.8149998172510416
9077,1,1,52,11,1.0,-0.9494861364364624,1.0,0.8421052631578947,-0.637445987155288
9078,1,1,52,13,1.0,-1.0160664319992065,1.0,0.8947368421052632,-0.7249042423523282
9079,1,1,52,17,1.0,-1.1914488077163696,1.0,0.8947368421052632,-0.7287758350240598
9080,1,1,52,19,1.0,-0.837874174118042,1.0,0.5789473684210527,-0.28780564987609664
9081,1,1,53,1,1.0,-1.1129734516143799,1.0,0.7368421052631579,-0.485139176602311
9082,1,1,53,3,1.0,-0.9050822257995605,1.0,0.7368421052631579,-0.4809438159169096
9083,1,1,53,4,1.0,-1.9718068838119507,1.0,0.6842105263157895,-0.44210321556023263
9084,1,1,53,6,1.0,-0.9080045223236084,1.0,0.6842105263157895,-0.4114677138153519
9085,1,1,53,7,1.0,-0.8304402828216553,1.0,0.631578947368421,-0.3461303826554897
9086,1,1,53,8,1.0,-0.8342697620391846,1.0,0.8421052631578947,-0.6353908082809667
9087,1,1,53,12,1.0,1.7887153625488281,2.788715362548828,0.47368421052631576,-0.21429205209403815
9088,1,1,53,13,2.788715362548828,-0.9120063781738281,1.876708984375,0.5789473684210527,-0.28997958388222916
9089,1,1,53,14,1.876708984375,-0.93489670753479,1.0,0.8421052631578947,-0.6371710664600315
9090,1,1,53,15,1.0,-0.8749377727508545,1.0,0.8421052631578947,-0.6360859089842998
9091,1,1,53,17,1.0,-0.7706811428070068,1.0,0.8421052631578947,-0.6343702421612207
9092,1,1,53,20,1.0,-0.7910826206207275,1.0,0.631578947368421,-0.3454921891486421
9093,1,1,54,1,1.0,-1.2304621934890747,1.0,0.6842105263157895,-0.4183633637858101
9094,1,1,54,3,1.0,-0.8055570125579834,1.0,0.7894736842105263,-0.5543105506447026
9095,1,1,54,6,1.0,-0.8107469081878662,1.0,0.8421052631578947,-0.6350038534137994
9096,1,1,54,9,1.0,-0.7609316110610962,1.0,0.8421052631578947,-0.634220917089558
9097,1,1,54,10,1.0,-0.8346068859100342,1.0,0.5263157894736842,-0.23484241784202348
9098,1,1,54,11,1.0,-1.0948381423950195,1.0,0.7894736842105263,-0.559808035220319
9099,1,1,54,12,1.0,-1.0414865016937256,1.0,0.5789473684210527,-0.2916322598916591
9100,1,1,54,13,1.0,-0.8708438873291016,1.0,0.6842105263157895,-0.41080668245073526
9101,1,1,54,15,1.0,-1.1723240613937378,1.0,0.7894736842105263,-0.5615647666891163
9102,1,1,54,16,1.0,-0.8245570659637451,1.0,0.7894736842105263,-0.5546202731901966
9103,1,1,54,17,1.0,-0.9979962110519409,1.0,0.8947368421052632,-0.7245402967827125
9104,1,1,54,18,1.0,-0.7899131774902344,1.0,1.0,-0.9097396282797272
9105,1,1,54,19,1.0,-0.8425543308258057,1.0,0.8947368421052632,-0.7216793104139054
9106,1,1,54,20,1.0,-0.8371660709381104,1.0,0.7894736842105263,-0.5548297999431887
9107,1,1,55,1,1.0,-0.9224143028259277,1.0,0.8947368421052632,-0.7230888138705507
9108,1,1,55,3,1.0,-0.9061300754547119,1.0,0.8947368421052632,-0.7227910495464078
9109,1,1,55,4,1.0,-0.8642399311065674,1.0,0.631578947368421,-0.3467031786073514
9110,1,1,55,5,1.0,1.1155633926391602,2.11556339263916,0.7368421052631579,-0.4863124577849319
9111,1,1,55,6,2.11556339263916,-1.117751955986023,1.0,0.8421052631578947,-0.6409244422735434
9112,1,1,55,9,1.0,-0.889061450958252,1.0,0.8947368421052632,-0.7224846350457721
9113,1,1,55,13,1.0,0.8389444351196289,1.838944435119629,0.631578947368421,-0.3471112941094621
9114,1,1,55,14,1.838944435119629,-0.9291929006576538,1.0,0.7894736842105263,-0.556455324106215
9115,1,1,55,15,1.0,-0.7975225448608398,1.0,0.8947368421052632,-0.7209407545055853
9116,1,1,55,17,1.0,-1.0040589570999146,1.0,0.7368421052631579,-0.4828334214556524
9117,1,1,55,18,1.0,-0.863705039024353,1.0,0.7894736842105263,-0.5552811935842498
9118,1,1,55,19,1.0,-0.8961176872253418,1.0,0.8421052631578947,-0.6364610170160185
9119,1,1,55,20,1.0,-0.8512738943099976,1.0,0.8947368421052632,-0.7218270048413093
9120,1,1,56,1,1.0,-0.9878997802734375,1.0,0.8947368421052632,-0.7243397921686152
9121,1,1,56,3,1.0,-0.7743663787841797,1.0,0.9473684210526315,-0.8122665159884062
9122,1,1,56,4,1.0,-0.8227658271789551,1.0,0.7894736842105263,-0.5545907657036239
9123,1,1,56,5,1.0,-1.0425828695297241,1.0,0.8947368421052632,-0.7254501228083405
9124,1,1,56,6,1.0,-0.9897828102111816,1.0,0.7894736842105263,-0.5576180297537846
9125,1,1,56,7,1.0,-0.8494179248809814,1.0,0.8421052631578947,-0.6356458560335287
9126,1,1,56,8,1.0,-0.93302321434021,1.0,0.7894736842105263,-0.5565266528248666
9127,1,1,56,9,1.0,-1.9310829639434814,1.0,0.7368421052631579,-0.5100428916986541
9128,1,1,56,10,1.0,-0.9661948680877686,1.0,0.8947368421052632,-0.7239156576411636
9129,1,1,56,11,1.0,-1.0477313995361328,1.0,0.8947368421052632,-0.7255577432657117
9130,1,1,56,14,1.0,-1.093062400817871,1.0,0.6842105263157895,-0.41517084581056796
9131,1,1,56,15,1.0,-1.6791164875030518,1.0,0.6842105263157895,-0.43141731347579654
9132,1,1,56,17,1.0,-0.8963596820831299,1.0,0.8421052631578947,-0.6364653547190793
9133,1,1,56,18,1.0,-0.8616119623184204,1.0,0.8947368421052632,-0.7220040841460742
9134,1,1,56,19,1.0,-0.9254729747772217,1.0,0.8947368421052632,-0.7231453346804022
9135,1,1,57,1,1.0,1.9650769233703613,2.9650769233703613,0.5263157894736842,-0.26845708137293667
9136,1,1,57,2,2.9650769233703613,-1.50715172290802,1.4579252004623413,0.47368421052631576,-0.20368129860841594
9137,1,1,57,3,1.4579252004623413,-0.808621883392334,1.0,0.8421052631578947,-0.6349694414254472
9138,1,1,57,6,1.0,-0.827323317527771,1.0,0.7894736842105263,-0.5546659683571408
9139,1,1,57,8,1.0,-0.9488413333892822,1.0,0.8421052631578947,-0.6374337466819171
9140,1,1,57,9,1.0,-0.937995433807373,1.0,0.7894736842105263,-0.556619683978324
9141,1,1,57,12,1.0,-0.9434459209442139,1.0,0.7894736842105263,-0.5567222316973519
9142,1,1,57,14,1.0,-0.8439276218414307,1.0,0.7368421052631579,-0.47987421587139606
9143,1,1,57,15,1.0,-0.22354698181152344,1.0,0.7368421052631579,-0.47325181009309714
9144,1,1,57,18,1.0,-0.8300110101699829,1.0,0.7894736842105263,-0.5547105124099231
9145,1,1,57,19,1.0,-0.8371117115020752,1.0,0.7894736842105263,-0.5548288898152285
9146,1,1,58,1,1.0,-0.8639490604400635,1.0,0.7894736842105263,-0.5552854094302418
9147,1,1,58,4,1.0,-1.925886631011963,1.0,0.6842105263157895,-0.44031338484485677
9148,1,1,58,6,1.0,-1.6817268133163452,1.0,0.8421052631578947,-0.6567127986687091
9149,1,1,58,8,1.0,-1.1083011627197266,1.0,0.7368421052631579,-0.4850353922351857
9150,1,1,58,9,1.0,-0.8246500492095947,1.0,0.8421052631578947,-0.6352312249590515
9151,1,1,58,10,1.0,-0.8331458568572998,1.0,0.8421052631578947,-0.6353720681104225
9152,1,1,58,11,1.0,-1.0235220193862915,1.0,0.7368421052631579,-0.48322805080401265
9153,1,1,58,17,1.0,-1.0000085830688477,1.0,0.8421052631578947,-0.6384309195845512
9154,1,1,58,19,1.0,-0.9155185222625732,1.0,0.8947368421052632,-0.7229620740560306
9155,1,1,58,20,1.0,-0.8598196506500244,1.0,0.7368421052631579,-0.48014497587876603
9156,1,1,59,1,1.0,-0.8768942356109619,1.0,0.7894736842105263,-0.5555107646443666
9157,1,1,59,2,1.0,-1.4815737009048462,1.0,0.631578947368421,-0.36118467833428936
9158,1,1,59,3,1.0,-1.0865169763565063,1.0,0.9473684210526315,-0.8180752745016018
9159,1,1,59,4,1.0,-1.9991284608840942,1.0,0.7894736842105263,-0.5877864756710572
9160,1,1,59,5,1.0,-0.820319652557373,1.0,0.6842105263157895,-0.40995223501346917
9161,1,1,59,6,1.0,-0.9158363342285156,1.0,0.631578947368421,-0.3476216339330918
9162,1,1,59,8,1.0,-1.1987224817276,1.0,0.9473684210526315,-0.8206394389844847
9163,1,1,59,9,1.0,-0.9964344501495361,1.0,0.7368421052631579,-0.4826808936967748
9164,1,1,59,10,1.0,-0.8506038188934326,1.0,0.7368421052631579,-0.4799873461294876
9165,1,1,59,11,1.0,-0.8473246097564697,1.0,0.8947368421052632,-0.7217599223529617
9166,1,1,59,12,1.0,-1.0462080240249634,1.0,0.7894736842105263,-0.5587668419352313
9167,1,1,59,13,1.0,-0.5691108703613281,1.0,0.8421052631578947,-0.6316696197500719
9168,1,1,59,14,1.0,-0.8967734575271606,1.0,0.7894736842105263,-0.5558633559811413
9169,1,1,59,15,1.0,-1.0201103687286377,1.0,0.7894736842105263,-0.5582275812837659
9170,1,1,59,16,1.0,-1.2593235969543457,1.0,0.7894736842105263,-0.5636802888583495
9171,1,1,59,17,1.0,-0.8223484754562378,1.0,0.8947368421052632,-0.7213429025608242
9172,1,1,59,18,1.0,-0.9324531555175781,1.0,0.7894736842105263,-0.5565160185122361
9173,1,1,59,19,1.0,-1.45108962059021,1.0,0.8421052631578947,-0.649487358792284
9174,1,1,59,20,1.0,-0.9321670532226562,1.0,0.7368421052631579,-0.4814414317134648
9175,1,1,60,2,1.0,-0.8894486427307129,1.0,0.7894736842105263,-0.5557325185204443
9176,1,1,60,3,1.0,-0.9307284355163574,1.0,0.8421052631578947,-0.6370933021292249
9177,1,1,60,5,1.0,-0.8066887855529785,1.0,0.631578947368421,-0.34574153998952994
9178,1,1,60,6,1.0,-1.431600570678711,1.0,0.8947368421052632,-0.7350751343496483
9179,1,1,60,7,1.0,-0.8478024005889893,1.0,0.8947368421052632,-0.7217680215144168
9180,1,1,60,9,1.0,-0.8045780658721924,1.0,0.7894736842105263,-0.5542947882807155
9181,1,1,60,12,1.0,-1.9742255210876465,1.0,0.8421052631578947,-0.6674064120035754
9182,1,1,60,13,1.0,-1.2511413097381592,1.0,0.8421052631578947,-0.6440842936917708
9183,1,1,60,14,1.0,-0.9361680746078491,1.0,0.8947368421052632,-0.7233444390491219
9184,1,1,60,15,1.0,-1.3182936906814575,1.0,0.7368421052631579,-0.49013106011123214
9185,1,1,60,17,1.0,-0.8516541719436646,1.0,0.5789473684210527,-0.2880384668454472
9186,1,1,60,20,1.0,-0.6639306545257568,1.0,0.7894736842105263,-0.5522293687800791
9187,1,1,61,1,1.0,-1.1394864320755005,1.0,0.8947368421052632,-0.7275646256988137
9188,1,1,61,2,1.0,-0.8440554141998291,1.0,0.7368421052631579,-0.4798763729847272
9189,1,1,61,3,1.0,-1.0594357252120972,1.0,0.7368421052631579,-0.48397611812088354
9190,1,1,61,5,1.0,-0.8217483758926392,1.0,0.8947368421052632,-0.7213330363427941
9191,1,1,61,6,1.0,-0.902860164642334,1.0,0.8947368421052632,-0.722731897178952
9192,1,1,61,8,1.0,-0.8459672927856445,1.0,0.9473684210526315,-0.8134266897071236
9193,1,1,61,9,1.0,-1.1490638256072998,1.0,0.7368421052631579,-0.48595555431551957
9194,1,1,61,10,1.0,-0.9352819919586182,1.0,0.6842105263157895,-0.4119705157345715
9195,1,1,61,11,1.0,-0.7674527168273926,1.0,0.9473684210526315,-0.8121599198281504
9196,1,1,61,12,1.0,-1.0588446855545044,1.0,0.7894736842105263,-0.5590328503211593
9197,1,1,61,13,1.0,-0.9150230884552002,1.0,0.5789473684210527,-0.28915799108361767
9198,1,1,61,15,1.0,-1.5094367265701294,1.0,0.7368421052631579,-0.4955360698775142
9199,1,1,61,18,1.0,-0.8290014266967773,1.0,0.8947368421052632,-0.7214527660646252
9200,1,1,61,19,1.0,-0.8847314119338989,1.0,0.6842105263157895,-0.4110504884023762
9201,1,1,61,20,1.0,-0.8319246768951416,1.0,0.631578947368421,-0.3461550587024314
9202,1,1,62,3,1.0,-0.9024670124053955,1.0,0.7894736842105263,-0.5559657967246884
9203,1,1,62,4,1.0,-0.8291060924530029,1.0,0.8947368421052632,-0.721454501535399
9204,1,1,62,5,1.0,-1.7766766548156738,1.0,0.7368421052631579,-0.5043178769199969
9205,1,1,62,8,1.0,-1.7624950408935547,1.0,0.8947368421052632,-0.7456442201017159
9206,1,1,62,9,1.0,-1.0605096817016602,1.0,0.8421052631578947,-0.6396775557722671
9207,1,1,62,11,1.0,-0.8939658403396606,1.0,0.8947368421052632,-0.7225720816469141
9208,1,1,62,12,1.0,-1.028358817100525,1.0,0.6842105263157895,-0.4137982102568346
9209,1,1,62,13,1.0,-0.9033352136611938,1.0,0.8421052631578947,-0.6365908930048407
9210,1,1,62,14,1.0,-0.8692359924316406,1.0,0.8421052631578947,-0.6359864600278238
9211,1,1,62,15,1.0,-1.1142178773880005,1.0,0.7894736842105263,-0.5602361444227993
9212,1,1,62,17,1.0,0.5831401348114014,1.5831401348114014,0.5789473684210527,-0.28476898286264674
9213,1,1,62,18,1.5831401348114014,0.11290550231933594,1.6960456371307373,0.8947368421052632,-0.7154038545716428
9214,1,1,62,20,1.6960456371307373,-0.866077184677124,1.0,0.8947368421052632,-0.7220812293081548
9215,1,1,63,1,1.0,-0.8947489261627197,1.0,0.7894736842105263,-0.5558270860485826
9216,1,1,63,3,1.0,-1.2321901321411133,1.0,0.6842105263157895,-0.41840591690721
9217,1,1,63,4,1.0,-0.8725416660308838,1.0,0.7894736842105263,-0.5554346192294887
9218,1,1,63,5,1.0,-1.1047874689102173,1.0,0.7368421052631579,-0.4849576310769372
9219,1,1,63,7,1.0,-1.044662594795227,1.0,0.8421052631578947,-0.6393439472920805
9220,1,1,63,8,1.0,-1.628921627998352,1.0,0.9473684210526315,-0.832803939804101
9221,1,1,63,9,1.0,-0.9930630922317505,1.0,0.9473684210526315,-0.8161318261540218
9222,1,1,63,10,1.0,-0.80777907371521,1.0,0.6842105263157895,-0.4097480620090727
9223,1,1,63,11,1.0,-1.996069312095642,1.0,0.8421052631578947,-0.6682736749093373
9224,1,1,63,12,1.0,-1.0337475538253784,1.0,0.8421052631578947,-0.6391170879728372
9225,1,1,63,15,1.0,-0.909426212310791,1.0,0.631578947368421,-0.34750463237854007
9226,1,1,63,17,1.0,-1.704407811164856,1.0,0.7894736842105263,-0.576871389507487
9227,1,1,63,18,1.0,-1.139522910118103,1.0,0.7368421052631579,-0.48573720218916705
9228,1,1,63,20,1.0,-1.5841995477676392,1.0,0.8421052631578947,-0.6535276299939095
9229,1,1,64,1,1.0,-0.13332366943359375,1.0,0.7368421052631579,-0.4729298295706391
9230,1,1,64,2,1.0,-0.9264233112335205,1.0,0.7368421052631579,-0.4813346790782955
9231,1,1,64,3,1.0,-1.0820907354354858,1.0,0.8947368421052632,-0.7262895360071253
9232,1,1,64,4,1.0,-0.5661697387695312,1.0,0.8421052631578947,-0.6316362296534211
9233,1,1,64,5,1.0,-1.1288514137268066,1.0,0.7894736842105263,-0.5605643847826193
9234,1,1,64,6,1.0,-0.9858641624450684,1.0,0.8947368421052632,-0.7242996138779074
9235,1,1,64,9,1.0,-0.8670523166656494,1.0,0.7894736842105263,-0.5553391268382418
9236,1,1,64,10,1.0,-0.8797630071640015,1.0,0.7894736842105263,-0.5555611591276316
9237,1,1,64,11,1.0,-0.8737523555755615,1.0,0.8421052631578947,-0.636065179711176
9238,1,1,64,12,1.0,-0.9603664875030518,1.0,0.7894736842105263,-0.5570443675430786
9239,1,1,64,13,1.0,-1.8165661096572876,1.0,0.8421052631578947,-0.6614298722299917
9240,1,1,64,14,1.0,-1.1220771074295044,1.0,0.7368421052631579,-0.48534264791250037
9241,1,1,64,15,1.0,-0.9595440626144409,1.0,0.7368421052631579,-0.481959325643313
9242,1,1,64,17,1.0,-0.9604511260986328,1.0,0.8421052631578947,-0.6376554115786789
9243,1,1,64,18,1.0,-0.928835391998291,1.0,0.7894736842105263,-0.5564486814941754
9244,1,1,64,20,1.0,-0.9608520269393921,1.0,0.631578947368421,-0.34846643819889594
9245,1,1,65,1,1.0,-0.8909077644348145,1.0,0.7368421052631579,-0.48068924400962915
9246,1,1,65,2,1.0,-1.0159156322479248,1.0,0.9473684210526315,-0.81659092882095
9247,1,1,65,3,1.0,-1.3033435344696045,1.0,0.9473684210526315,-0.8232571267909301
9248,1,1,65,5,1.0,-0.8600966930389404,1.0,0.7368421052631579,-0.48014974077609196
9249,1,1,65,6,1.0,-1.943281888961792,1.0,0.7368421052631579,-0.5105155225619958
9250,1,1,65,8,1.0,-0.7777101993560791,1.0,0.8421052631578947,-0.6344790794642623
9251,1,1,65,9,1.0,-0.8480129241943359,1.0,0.7894736842105263,-0.5550125888358954
9252,1,1,65,10,1.0,-0.8873825073242188,1.0,0.8947368421052632,-0.7224548095530223
9253,1,1,65,11,1.0,-1.6940745115280151,1.0,0.7894736842105263,-0.576520214145978
9254,1,1,65,12,1.0,-1.2043331861495972,1.0,0.9473684210526315,-0.8207742673351053
9255,1,1,65,14,1.0,-0.8620996475219727,1.0,0.7368421052631579,-0.4801842355849018
9256,1,1,65,15,1.0,-1.5421481132507324,1.0,0.8421052631578947,-0.6522129559544655
9257,1,1,65,18,1.0,-1.1993567943572998,1.0,0.8947368421052632,-0.7289648996116824
9258,1,1,65,20,1.0,-0.8743876218795776,1.0,0.631578947368421,-0.3468796091551228
9259,1,1,66,1,1.0,-0.9655979871749878,1.0,0.7368421052631579,-0.4820758722906906
9260,1,1,66,3,1.0,-0.8025472164154053,1.0,0.7368421052631579,-0.4791928979080879
9261,1,1,66,5,1.0,-0.8770096302032471,1.0,0.7894736842105263,-0.5555127885545815
9262,1,1,66,6,1.0,-1.0553431510925293,1.0,0.9473684210526315,-0.817407574768072
9263,1,1,66,7,1.0,-0.8174757957458496,1.0,0.7894736842105263,-0.5545039964061923
9264,1,1,66,8,1.0,-1.5211597681045532,1.0,0.7368421052631579,-0.49589134796332573
9265,1,1,66,9,1.0,-0.6994593143463135,1.0,0.7368421052631579,-0.4776445108865849
9266,1,1,66,10,1.0,-0.8272680044174194,1.0,0.7894736842105263,-0.554665053151217
9267,1,1,66,13,1.0,-0.9888725280761719,1.0,0.7894736842105263,-0.5576000184077268
9268,1,1,66,14,1.0,-0.8411048650741577,1.0,0.8421052631578947,-0.6355053218629517
9269,1,1,66,16,1.0,-1.2731224298477173,1.0,0.7894736842105263,-0.5640297368537027
9270,1,1,66,17,1.0,-1.055745244026184,1.0,0.9473684210526315,-0.817416063305332
9271,1,1,66,18,1.0,-1.555174469947815,1.0,0.8947368421052632,-0.7387660087297468
9272,1,1,66,19,1.0,-0.8398191928863525,1.0,0.9473684210526315,-0.8133230458698958
9273,1,1,66,20,1.0,-0.8371756076812744,1.0,0.7894736842105263,-0.5548299596208542
9274,1,1,67,1,1.0,-0.8255746364593506,1.0,0.8421052631578947,-0.6352464827260875
9275,1,1,67,2,1.0,-0.9178410768508911,1.0,0.47368421052631576,-0.1889326326728555
9276,1,1,67,3,1.0,-0.9194648265838623,1.0,0.8947368421052632,-0.7230344880832211
9277,1,1,67,4,1.0,-0.8863874673843384,1.0,0.7894736842105263,-0.5556781570632494
9278,1,1,67,5,1.0,-1.995763897895813,1.0,0.8421052631578947,-0.6682614832838805
9279,1,1,67,7,1.0,-0.9161808490753174,1.0,0.8947368421052632,-0.7229742058920959
9280,1,1,67,8,1.0,0.24544048309326172,1.2454404830932617,0.9473684210526315,-0.8071179338929967
9281,1,1,67,9,1.2454404830932617,-1.7048698663711548,1.0,0.8947368421052632,-0.7436461450225762
9282,1,1,67,10,1.0,-0.6161458492279053,1.0,0.8947368421052632,-0.71837668948518
9283,1,1,67,11,1.0,-0.8955432176589966,1.0,0.8421052631578947,-0.6364507244693879
9284,1,1,67,14,1.0,-0.9159624576568604,1.0,0.7368421052631579,-0.4811419498006947
9285,1,1,67,15,1.0,-0.8394825458526611,1.0,0.7894736842105263,-0.5548686390878018
9286,1,1,67,18,1.0,-0.8306515216827393,1.0,0.9473684210526315,-0.8131699026072314
9287,1,1,67,19,1.0,-0.8826813697814941,1.0,0.7368421052631579,-0.48054334156792006
9288,1,1,67,20,1.0,-0.9326767921447754,1.0,0.8947368421052632,-0.7232791923960269
9289,1,1,68,3,1.0,-1.4048800468444824,1.0,0.8421052631578947,-0.6481676273826551
9290,1,1,68,4,1.0,-1.437348484992981,1.0,0.631578947368421,-0.3598937786952767
9291,1,1,68,5,1.0,-1.0772444009780884,1.0,0.8421052631578947,-0.640035302916824
9292,1,1,68,6,1.0,-1.982796311378479,1.0,0.8421052631578947,-0.6677455600465986
9293,1,1,68,7,1.0,-1.360975980758667,1.0,0.8421052631578947,-0.6469533041244577
9294,1,1,68,9,1.0,-0.8574931621551514,1.0,0.8421052631578947,-0.635783693153866
9295,1,1,68,10,1.0,-0.9745662212371826,1.0,0.8947368421052632,-0.7240781256057374
9296,1,1,68,11,1.0,-1.2946771383285522,1.0,0.8421052631578947,-0.6451926368475437
9297,1,1,68,12,1.0,-1.3348097801208496,1.0,0.9473684210526315,-0.8240872545935556
9298,1,1,68,13,1.0,-0.8443014621734619,1.0,0.7368421052631579,-0.4798805271526092
9299,1,1,68,14,1.0,-0.7944999933242798,1.0,0.7894736842105263,-0.5541336320338119
9300,1,1,68,15,1.0,-0.9621603488922119,1.0,0.7368421052631579,-0.4820096029321306
9301,1,1,68,17,1.0,-1.7230546474456787,1.0,0.8421052631578947,-0.6581199211032791
9302,1,1,69,1,1.0,-0.8280637264251709,1.0,0.8947368421052632,-0.7214372277601836
9303,1,1,69,3,1.0,-0.8387596607208252,1.0,0.8421052631578947,-0.6354659256069627
9304,1,1,69,6,1.0,-1.171101689338684,1.0,0.7894736842105263,-0.5615361213076083
9305,1,1,69,8,1.0,-0.8365322351455688,1.0,0.7894736842105263,-0.5548191914442656
9306,1,1,69,10,1.0,-1.069878339767456,1.0,0.7894736842105263,-0.5592677262589248
9307,1,1,69,11,1.0,-0.9644961357116699,1.0,0.7368421052631579,-0.4820546055203542
9308,1,1,69,12,1.0,-1.4387084245681763,1.0,0.6842105263157895,-0.4239218109989851
9309,1,1,69,13,1.0,-0.23464679718017578,1.0,0.8421052631578947,-0.6289813391167067
9310,1,1,69,14,1.0,-1.1201077699661255,1.0,0.5789473684210527,-0.2933317327229416
9311,1,1,69,15,1.0,-0.905086874961853,1.0,0.8947368421052632,-0.7227721549222543
9312,1,1,69,17,1.0,-0.8261923789978027,1.0,0.7894736842105263,-0.5546472681110296
9313,1,1,69,19,1.0,-1.0101104974746704,1.0,0.7894736842105263,-0.5580245618109744
9314,1,1,69,20,1.0,-1.547432541847229,1.0,0.7368421052631579,-0.4966975522780045
9315,1,1,70,1,1.0,-0.9141566753387451,1.0,0.6842105263157895,-0.41157981596041454
9316,1,1,70,2,1.0,-0.824631929397583,1.0,0.6842105263157895,-0.4100231698795705
9317,1,1,70,3,1.0,-0.8521819114685059,1.0,0.7894736842105263,-0.5550834697422303
9318,1,1,70,4,1.0,-0.8993356227874756,1.0,0.8947368421052632,-0.7226683780341175
9319,1,1,70,5,1.0,-1.6841775178909302,1.0,0.8421052631578947,-0.6567952870401301
9320,1,1,70,6,1.0,-1.0789014101028442,1.0,1.0,-0.915140282527219
9321,1,1,70,8,1.0,-0.9933698177337646,1.0,0.7368421052631579,-0.48261991351017086
9322,1,1,70,9,1.0,-1.0989243984222412,1.0,0.8421052631578947,-0.6405070962569144
9323,1,1,70,10,1.0,-0.8946887254714966,1.0,0.631578947368421,-0.34723875117701863
9324,1,1,70,11,1.0,-1.7362500429153442,1.0,0.8947368421052632,-0.7447259745252075
9325,1,1,70,12,1.0,-0.7874932289123535,1.0,0.7368421052631579,-0.4789535334181548
9326,1,1,70,13,1.0,-1.1525514125823975,1.0,0.7368421052631579,-0.4860358251487835
9327,1,1,70,14,1.0,-1.8484991788864136,1.0,0.7894736842105263,-0.5819908217833266
9328,1,1,70,18,1.0,-1.0089722871780396,1.0,0.7368421052631579,-0.48293232832525956
9329,1,1,70,19,1.0,-1.2053207159042358,1.0,0.7368421052631579,-0.48728005784420575
9330,1,1,71,1,1.0,-0.8053267002105713,1.0,0.7894736842105263,-0.5543068405806096
9331,1,1,71,2,1.0,-0.7637207508087158,1.0,0.7894736842105263,-0.5536540234920474
9332,1,1,71,3,1.0,-1.814060091972351,1.0,0.9473684210526315,-0.8391782232753603
9333,1,1,71,5,1.0,-1.953133463859558,1.0,0.7894736842105263,-0.5859686329163696
9334,1,1,71,7,1.0,-0.9463088512420654,1.0,0.9473684210526315,-0.8152250875218837
9335,1,1,71,9,1.0,-1.0512728691101074,1.0,0.9473684210526315,-0.8173218295557629
9336,1,1,71,10,1.0,-0.9993947744369507,1.0,0.7894736842105263,-0.557809228791608
9337,1,1,71,11,1.0,-0.9301767349243164,1.0,0.9473684210526315,-0.8149223706844375
9338,1,1,71,12,1.0,-1.0872548818588257,1.0,0.631578947368421,-0.35105530380341904
9339,1,1,71,13,1.0,-1.0267601013183594,1.0,0.7894736842105263,-0.558363692696482
9340,1,1,71,14,1.0,-1.0691180229187012,1.0,0.5789473684210527,-0.2922154520288527
9341,1,1,71,15,1.0,-0.5110390186309814,1.0,0.7894736842105263,-0.5504329384255223
9342,1,1,71,16,1.0,-0.8010984659194946,1.0,0.6842105263157895,-0.4096405792107364
9343,1,1,71,19,1.0,-1.1454541683197021,1.0,0.8421052631578947,-0.6415514004396474
9344,1,1,72,1,1.0,-0.8712480068206787,1.0,1.0,-0.91109073089389
9345,1,1,72,2,1.0,-0.3124960660934448,1.0,0.7368421052631579,-0.4737286154755655
9346,1,1,72,3,1.0,-1.0556832551956177,1.0,0.8421052631578947,-0.6395754192754417
9347,1,1,72,4,1.0,-0.8671495914459229,1.0,0.7894736842105263,-0.5553408137793375
9348,1,1,72,5,1.0,-0.9949207305908203,1.0,0.8421052631578947,-0.6383294205240313
9349,1,1,72,6,1.0,-0.9034700393676758,1.0,0.7894736842105263,-0.5559839107602395
9350,1,1,72,7,1.0,-0.8311654329299927,1.0,0.8947368421052632,-0.7214886921789492
9351,1,1,72,8,1.0,-0.8747708797454834,1.0,0.9473684210526315,-0.8139223240229998
9352,1,1,72,9,1.0,0.379474401473999,1.379474401473999,0.7368421052631579,-0.47457156017754126
9353,1,1,72,11,1.379474401473999,-0.8613200187683105,1.0,0.8421052631578947,-0.635849469669748
9354,1,1,72,12,1.0,-1.055511713027954,1.0,0.631578947368421,-0.35037512178555263
9355,1,1,72,13,1.0,-1.076058030128479,1.0,0.8947368421052632,-0.726159341252012
9356,1,1,72,14,1.0,-0.8755178451538086,1.0,0.6842105263157895,-0.4108883066615784
9357,1,1,72,15,1.0,-0.698847770690918,1.0,0.8421052631578947,-0.6333146299884342
9358,1,1,72,18,1.0,0.417205810546875,1.417205810546875,0.6842105263157895,-0.40538080438383833
9359,1,1,72,19,1.417205810546875,-1.2518900632858276,1.0,0.6842105263157895,-0.4188952789952886
9360,1,1,72,20,1.0,-1.1035747528076172,1.0,0.7368421052631579,-0.48493084991267066
9361,1,1,73,1,1.0,-0.8893833160400391,1.0,0.8947368421052632,-0.7224903592384759
9362,1,1,73,2,1.0,-0.9356756210327148,1.0,0.7368421052631579,-0.4815069662402763
9363,1,1,73,3,1.0,-0.8351106643676758,1.0,0.9473684210526315,-0.8132441813198992
9364,1,1,73,4,1.0,-0.8829159736633301,1.0,0.7368421052631579,-0.4805474837278254
9365,1,1,73,5,1.0,-0.980567455291748,1.0,0.8421052631578947,-0.6380458732662109
9366,1,1,73,6,1.0,-1.0492126941680908,1.0,0.8947368421052632,-0.7255888051860069
9367,1,1,73,8,1.0,-0.8353716135025024,1.0,0.7894736842105263,-0.5547997869663469
9368,1,1,73,9,1.0,-1.8438806533813477,1.0,0.631578947368421,-0.3732330306613008
9369,1,1,73,12,1.0,-1.122593641281128,1.0,0.8421052631578947,-0.6410329127568858
9370,1,1,73,13,1.0,-0.9010062217712402,1.0,0.8421052631578947,-0.6365488700391424
9371,1,1,73,14,1.0,-0.8564596176147461,1.0,0.8421052631578947,-0.6357659786884855
9372,1,1,73,15,1.0,-0.5544604063034058,1.0,0.7368421052631579,-0.47582634098390814
9373,1,1,73,18,1.0,-0.8469932079315186,1.0,0.6842105263157895,-0.4103969666325719
9374,1,1,73,20,1.0,-0.9000126123428345,1.0,0.8421052631578947,-0.6365309749461994
9375,1,1,74,1,1.0,-0.8799307346343994,1.0,0.7894736842105263,-0.5555641106174315
9376,1,1,74,4,1.0,-0.9145240783691406,1.0,0.6842105263157895,-0.4115865345889199
9377,1,1,74,5,1.0,-1.3884459733963013,1.0,0.7894736842105263,-0.5670991518502931
9378,1,1,74,8,1.0,-0.8968895673751831,1.0,0.8421052631578947,-0.636474856883102
9379,1,1,74,9,1.0,-0.9096946716308594,1.0,0.8421052631578947,-0.6367061918783734
9380,1,1,74,10,1.0,-0.7919266223907471,1.0,0.8947368421052632,-0.7208518101624843
9381,1,1,74,13,1.0,-0.9154253005981445,1.0,1.0,-0.911880034809752
9382,1,1,74,14,1.0,-0.9143555164337158,1.0,0.8947368421052632,-0.7229407925142999
9383,1,1,74,15,1.0,-0.8482582569122314,1.0,0.8947368421052632,-0.72177575311417
9384,1,1,74,17,1.0,-0.8451144695281982,1.0,0.7894736842105263,-0.5549635143059485
9385,1,1,74,18,1.0,-1.3825615644454956,1.0,0.8947368421052632,-0.733695097204792
9386,1,1,75,1,1.0,-0.9108271598815918,1.0,0.631578947368421,-0.3475301331739402
9387,1,1,75,3,1.0,-0.7930591106414795,1.0,0.7894736842105263,-0.5541107571696037
9388,1,1,75,5,1.0,-0.6894214153289795,1.0,0.7368421052631579,-0.4775050964414689
9389,1,1,75,6,1.0,-0.8898208141326904,1.0,0.6842105263157895,-0.4111408025023883
9390,1,1,75,7,1.0,-0.9112832546234131,1.0,0.631578947368421,-0.34753844372373094
9391,1,1,75,8,1.0,-0.9689812660217285,1.0,0.8947368421052632,-0.7239695793489829
9392,1,1,75,9,1.0,-1.1627305746078491,1.0,0.631578947368421,-0.3527534959134395
9393,1,1,75,10,1.0,-0.7806538343429565,1.0,0.7368421052631579,-0.47884628165307036
9394,1,1,75,11,1.0,-1.9993294477462769,1.0,0.9473684210526315,-0.8462432655087473
9395,1,1,75,12,1.0,-0.754691481590271,1.0,0.7368421052631579,-0.47844766988617593
9396,1,1,75,14,1.0,-0.8409765958786011,1.0,0.631578947368421,-0.34630648837031613
9397,1,1,75,18,1.0,-0.8712307214736938,1.0,0.8421052631578947,-0.6360211776228333
9398,1,1,75,19,1.0,-0.930904746055603,1.0,0.7368421052631579,-0.4814179140246152
9399,1,1,75,20,1.0,-0.8405458927154541,1.0,0.8947368421052632,-0.7216455063875804
9400,1,1,76,1,1.0,-1.5860790014266968,1.0,0.7894736842105263,-0.5729777956275562
9401,1,1,76,3,1.0,-1.0562732219696045,1.0,0.8947368421052632,-0.7257374636044727
9402,1,1,76,4,1.0,-1.3853462934494019,1.0,0.7894736842105263,-0.5670131731676291
9403,1,1,76,6,1.0,-1.2050025463104248,1.0,0.8421052631578947,-0.6429510592885836
9404,1,1,76,7,1.0,-0.8410050868988037,1.0,0.7894736842105263,-0.5548942252017858
9405,1,1,76,8,1.0,-0.9199733734130859,1.0,0.7894736842105263,-0.5562848397177796
9406,1,1,76,9,1.0,-1.0445902347564697,1.0,0.7894736842105263,-0.5587330172253749
9407,1,1,76,10,1.0,-0.9395235776901245,1.0,0.631578947368421,-0.34806111755251706
9408,1,1,76,11,1.0,-0.8399741649627686,1.0,0.8947368421052632,-0.7216358983880212
9409,1,1,76,13,1.0,-1.210397720336914,1.0,0.7894736842105263,-0.5624719560538571
9410,1,1,76,15,1.0,-1.5805988311767578,1.0,0.8947368421052632,-0.7395632590611455
9411,1,1,76,16,1.0,-0.8290073871612549,1.0,0.7368421052631579,-0.479624610042006
9412,1,1,76,19,1.0,-0.29368698596954346,1.0,0.9473684210526315,-0.8071326035597717
9413,1,1,77,3,1.0,-0.8249826431274414,1.0,0.7894736842105263,-0.5546272932545045
9414,1,1,77,4,1.0,-0.8115324974060059,1.0,0.7894736842105263,-0.5544071795833495
9415,1,1,77,6,1.0,-0.9881434440612793,1.0,0.7894736842105263,-0.557585604300302
9416,1,1,77,8,1.0,-0.8476395606994629,1.0,0.7368421052631579,-0.4799370058109545
9417,1,1,77,11,1.0,-0.730269193649292,1.0,0.6842105263157895,-0.40855592264168256
9418,1,1,77,12,1.0,-1.1398178339004517,1.0,0.9473684210526315,-0.8192619300472681
9419,1,1,77,14,1.0,-0.8476274013519287,1.0,0.6842105263157895,-0.4104077138049769
9420,1,1,77,15,1.0,-0.7814509868621826,1.0,0.8947368421052632,-0.720686988858651
9421,1,1,77,18,1.0,-0.8263294696807861,1.0,0.8947368421052632,-0.7214085363346014
9422,1,1,78,1,1.0,-0.9881740808486938,1.0,0.8947368421052632,-0.7243452125505838
9423,1,1,78,3,1.0,-1.5960265398025513,1.0,0.6842105263157895,-0.4286959988472917
9424,1,1,78,5,1.0,-0.813733696937561,1.0,0.5789473684210527,-0.2874069438548734
9425,1,1,78,6,1.0,-0.6821122169494629,1.0,0.6842105263157895,-0.4078757624548678
9426,1,1,78,8,1.0,-0.8386256694793701,1.0,0.7368421052631579,-0.47978500769742394
9427,1,1,78,9,1.0,-0.7789319753646851,1.0,0.6842105263157895,-0.409290341912206
9428,1,1,78,12,1.0,-0.8350294828414917,1.0,0.7894736842105263,-0.5547940720120345
9429,1,1,78,13,1.0,-1.0661050081253052,1.0,0.8421052631578947,-0.6397965468059361
9430,1,1,78,14,1.0,-0.9771616458892822,1.0,0.7894736842105263,-0.5573697784618596
9431,1,1,78,15,1.0,-0.8434696197509766,1.0,0.8947368421052632,-0.7216947424044008
9432,1,1,78,17,1.0,-0.8137907981872559,1.0,0.8947368421052632,-0.7212028870421148
9433,1,1,78,18,1.0,-0.8965829610824585,1.0,0.8421052631578947,-0.6364693579834715
9434,1,1,78,20,1.0,-0.9072847366333008,1.0,0.5789473684210527,-0.2890169744928343
9435,1,1,79,1,1.0,-0.3707396984100342,1.0,0.7368421052631579,-0.47412655680209836
9436,1,1,79,5,1.0,-0.9369068145751953,1.0,0.6842105263157895,-0.41200093548172506
9437,1,1,79,6,1.0,-0.8834257125854492,1.0,0.7894736842105263,-0.5556257395364602
9438,1,1,79,8,1.0,-0.8617535829544067,1.0,0.8947368421052632,-0.7220065247873197
9439,1,1,79,11,1.0,-1.8630781173706055,1.0,0.8421052631578947,-0.6631413486366896
9440,1,1,79,12,1.0,-1.1081557273864746,1.0,0.7894736842105263,-0.5601014208012837
9441,1,1,79,13,1.0,-0.9130003452301025,1.0,0.8947368421052632,-0.7229160287138751
9442,1,1,79,15,1.0,-1.3411955833435059,1.0,0.8947368421052632,-0.7325683883377735
9443,1,1,79,17,1.0,-0.8163251876831055,1.0,0.7368421052631579,-0.4794159456827853
9444,1,1,79,18,1.0,-0.8342106342315674,1.0,0.7894736842105263,-0.5547804034625395
9445,1,1,79,20,1.0,-0.5786703824996948,1.0,0.8421052631578947,-0.631779342038261
9446,1,1,80,1,1.0,-0.7318069934844971,1.0,0.7894736842105263,-0.5531767443970174
9447,1,1,80,4,1.0,-1.4692494869232178,1.0,0.7894736842105263,-0.5694082701881306
9448,1,1,80,5,1.0,-0.8896441459655762,1.0,0.5263157894736842,-0.23579139836644722
9449,1,1,80,6,1.0,0.4829063415527344,1.4829063415527344,0.8421052631578947,-0.6312456396111087
9450,1,1,80,10,1.4829063415527344,-0.7928555011749268,1.0,0.8947368421052632,-0.7208665308674056
9451,1,1,80,11,1.0,-1.0270147323608398,1.0,0.7894736842105263,-0.5583689222447512
9452,1,1,80,12,1.0,-1.20736563205719,1.0,0.7368421052631579,-0.4873293952570553
9453,1,1,80,14,1.0,-0.8541980981826782,1.0,0.7894736842105263,-0.5551178735492782
9454,1,1,80,15,1.0,-1.6872649192810059,1.0,0.6842105263157895,-0.43169162076811407
9455,1,1,80,16,1.0,-0.8050687313079834,1.0,0.631578947368421,-0.345715428643459
9456,1,1,80,17,1.0,-1.552921175956726,1.0,0.8947368421052632,-0.7386959741973205
9457,1,1,80,18,1.0,-0.8769071102142334,1.0,0.47368421052631576,-0.18819797104875025
9458,1,1,81,1,1.0,-0.8715536594390869,1.0,0.6842105263157895,-0.4108190495025673
9459,1,1,81,2,1.0,-0.8275146484375,1.0,0.8947368421052632,-0.7214281373437585
9460,1,1,81,5,1.0,-0.9055949449539185,1.0,0.9473684210526315,-0.8144711051457538
9461,1,1,81,8,1.0,-0.9076451063156128,1.0,0.7368421052631579,-0.48099027395251354
9462,1,1,81,9,1.0,-0.8365013599395752,1.0,0.8421052631578947,-0.6354280931742452
9463,1,1,81,10,1.0,-0.8968405723571777,1.0,0.8947368421052632,-0.7226235625322317
9464,1,1,81,11,1.0,-1.8208688497543335,1.0,0.7894736842105263,-0.5809769633199459
9465,1,1,81,15,1.0,-1.1816291809082031,1.0,0.7368421052631579,-0.48671455277406467
9466,1,1,81,16,1.0,-0.984208345413208,1.0,0.7894736842105263,-0.5575079903116992
9467,1,1,81,18,1.0,-0.9498862028121948,1.0,0.9473684210526315,-0.8152929210854226
9468,1,1,81,20,1.0,-0.8816492557525635,1.0,0.8421052631578947,-0.6362038020241281
9469,1,1,82,1,1.0,-0.8374221324920654,1.0,0.8947368421052632,-0.7215930906898478
9470,1,1,82,3,1.0,-0.8336403369903564,1.0,0.7368421052631579,-0.47970163967690066
9471,1,1,82,4,1.0,-0.8700950145721436,1.0,0.8421052631578947,-0.6360014012662706
9472,1,1,82,6,1.0,-1.0285587310791016,1.0,0.8947368421052632,-0.7251596630427627
9473,1,1,82,7,1.0,-1.2510428428649902,1.0,0.7894736842105263,-0.5634724115867263
9474,1,1,82,8,1.0,-0.8289616107940674,1.0,0.8947368421052632,-0.7214521059316752
9475,1,1,82,9,1.0,-0.9275079965591431,1.0,0.8421052631578947,-0.6370334587592491
9476,1,1,82,10,1.0,-0.8431966304779053,1.0,0.7894736842105263,-0.554931135216382
9477,1,1,82,12,1.0,-1.0241038799285889,1.0,0.9473684210526315,-0.8167579706713408
9478,1,1,82,13,1.0,-0.8644893169403076,1.0,0.631578947368421,-0.34670748981319977
9479,1,1,82,18,1.0,-0.9720110893249512,1.0,0.631578947368421,-0.34868212759986733
9480,1,1,82,19,1.0,0.06399297714233398,1.063992977142334,0.8421052631578947,-0.6285356919108153
9481,1,1,83,1,1.063992977142334,-0.8394986391067505,1.0,0.9473684210526315,-0.8133176627531138
9482,1,1,83,2,1.0,-0.8483363389968872,1.0,0.6842105263157895,-0.4104197371303771
9483,1,1,83,5,1.0,-0.9130574464797974,1.0,0.9473684210526315,-0.814606822108215
9484,1,1,83,6,1.0,-0.8973114490509033,1.0,0.7368421052631579,-0.48080375592830504
9485,1,1,83,8,1.0,-0.7954400777816772,1.0,0.8421052631578947,-0.6347579970958508
9486,1,1,83,9,1.0,-1.2413944005966187,1.0,0.8947368421052632,-0.7299909329882985
9487,1,1,83,10,1.0,-1.3419758081436157,1.0,0.8947368421052632,-0.7325893231063993
9488,1,1,83,11,1.0,-0.944690465927124,1.0,0.8421052631578947,-0.6373551486865736
9489,1,1,83,12,1.0,-1.0223101377487183,1.0,0.8947368421052632,-0.7250315125874103
9490,1,1,83,13,1.0,-0.95067298412323,1.0,0.9473684210526315,-0.8153078743299106
9491,1,1,83,15,1.0,-0.9008275270462036,1.0,0.9473684210526315,-0.8143849854373347
9492,1,1,83,16,1.0,-0.8459053039550781,1.0,0.8421052631578947,-0.635586305755031
9493,1,1,83,17,1.0,-0.9600763320922852,1.0,0.7894736842105263,-0.5570387952743269
9494,1,1,83,18,1.0,1.8762593269348145,2.8762593269348145,0.5263157894736842,-0.26495648124797266
9495,1,1,83,20,2.8762593269348145,-0.997700572013855,1.8785587549209595,0.7368421052631579,-0.4835847006312154
9496,1,1,84,2,1.8785587549209595,-0.8685307502746582,1.0100280046463013,0.8421052631578947,-0.6359842325688105
9497,1,1,84,3,1.0100280046463013,-0.8168444633483887,1.0,0.7894736842105263,-0.5544936784129183
9498,1,1,84,4,1.0,-0.9146064519882202,1.0,0.8421052631578947,-0.6367957975426224
9499,1,1,84,6,1.0,-1.047399878501892,1.0,0.6842105263157895,-0.41419345674460845
9500,1,1,84,7,1.0,-0.9568321704864502,1.0,0.8421052631578947,-0.6375860259472157
9501,1,1,84,8,1.0,-0.9919648170471191,1.0,0.8947368421052632,-0.7244202743925654
9502,1,1,84,10,1.0,-1.1640496253967285,1.0,1.0,-0.9170501153038626
9503,1,1,84,12,1.0,-0.9177168607711792,1.0,0.7894736842105263,-0.5562433720053263
9504,1,1,84,13,1.0,-0.8138977289199829,1.0,0.7894736842105263,-0.5544456247713002
9505,1,1,84,18,1.0,-1.1181992292404175,1.0,0.7894736842105263,-0.5603250248026278
9506,1,1,85,1,1.0,-0.9650228023529053,1.0,0.7368421052631579,-0.48206476765293726
9507,1,1,85,3,1.0,-0.8299169540405273,1.0,0.7894736842105263,-0.5547089511459282
9508,1,1,85,6,1.0,-0.8176262378692627,1.0,0.8421052631578947,-0.63511587457096
9509,1,1,85,7,1.0,-0.8244271278381348,1.0,0.9473684210526315,-0.8130668839936472
9510,1,1,85,9,1.0,-0.9230570793151855,1.0,0.6842105263157895,-0.4117433354064895
9511,1,1,85,12,1.0,-0.8456382751464844,1.0,0.8421052631578947,-0.6355817888463648
9512,1,1,85,13,1.0,-0.8615767955780029,1.0,0.5789473684210527,-0.28820846430634134
9513,1,1,85,15,1.0,-1.6329560279846191,1.0,0.8947368421052632,-0.7412457863032853
9514,1,1,85,17,1.0,-0.7490713596343994,1.0,0.7894736842105263,-0.5534324086581345
9515,1,1,85,19,1.0,-1.018589735031128,1.0,0.8421052631578947,-0.6388059984055454
9516,1,1,85,20,1.0,-1.8972930908203125,1.0,0.8947368421052632,-0.7505775431347171
9517,1,1,86,1,1.0,-0.8845000267028809,1.0,0.7894736842105263,-0.5556447326122631
9518,1,1,86,3,1.0,-0.8357274532318115,1.0,0.631578947368421,-0.34621847578301385
9519,1,1,86,4,1.0,-0.8357357978820801,1.0,0.7894736842105263,-0.5548058728785051
9520,1,1,86,5,1.0,-1.0532195568084717,1.0,0.9473684210526315,-0.8173627974509312
9521,1,1,86,8,1.0,-1.352092981338501,1.0,0.8421052631578947,-0.646712302224286
9522,1,1,86,11,1.0,-0.8423693180084229,1.0,0.7894736842105263,-0.5549171903191089
9523,1,1,86,12,1.0,-1.0875349044799805,1.0,0.8947368421052632,-0.726407654094595
9524,1,1,86,14,1.0,-0.8489842414855957,1.0,0.7894736842105263,-0.5550290720627978
9525,1,1,86,15,1.0,-0.8724980354309082,1.0,0.6842105263157895,-0.4108355199080586
9526,1,1,86,17,1.0,-1.541211485862732,1.0,0.6842105263157895,-0.42697632013130277
9527,1,1,86,18,1.0,-0.8239431381225586,1.0,0.7894736842105263,-0.5546101525884817
9528,1,1,86,20,1.0,-0.624835729598999,1.0,0.7894736842105263,-0.5517255265297243
9529,1,1,87,1,1.0,-1.9192588329315186,1.0,0.8421052631578947,-0.6652662926002941
9530,1,1,87,2,1.0,-0.8751199245452881,1.0,0.8947368421052632,-0.7222386812333337
9531,1,1,87,5,1.0,-0.9542348384857178,1.0,0.9473684210526315,-0.8153757243722916
9532,1,1,87,6,1.0,-1.0047672986984253,1.0,0.8947368421052632,-0.7246759056553095
9533,1,1,87,8,1.0,-1.0686442852020264,1.0,0.6842105263157895,-0.4146429977727002
9534,1,1,87,9,1.0,-0.5742030143737793,1.0,0.7368421052631579,-0.4760491685794861
9535,1,1,87,10,1.0,-0.8179333209991455,1.0,0.6842105263157895,-0.4099131408657576
9536,1,1,87,11,1.0,-0.9441157579421997,1.0,0.7368421052631579,-0.4816656232062745
9537,1,1,87,14,1.0,-1.0301839113235474,1.0,0.6842105263157895,-0.4138357806012495
9538,1,1,87,15,1.0,-1.2202707529067993,1.0,0.6842105263157895,-0.41811359879374793
9539,1,1,87,16,1.0,-1.124100685119629,1.0,0.8947368421052632,-0.7272163559128364
9540,1,1,87,18,1.0,-0.9811300039291382,1.0,0.9473684210526315,-0.8158962439485928
9541,1,1,88,1,1.0,-0.8386175632476807,1.0,0.631578947368421,-0.3462668661960353
9542,1,1,88,3,1.0,-1.0668601989746094,1.0,0.631578947368421,-0.350615978863722
9543,1,1,88,4,1.0,-1.8343850374221802,1.0,0.7894736842105263,-0.5814710142950729
9544,1,1,88,5,1.0,-1.0199799537658691,1.0,0.7894736842105263,-0.5582249207007314
9545,1,1,88,6,1.0,-0.8929877281188965,1.0,0.8421052631578947,-0.636405018748147
9546,1,1,88,7,1.0,-0.8057467937469482,1.0,0.8421052631578947,-0.6349230268787724
9547,1,1,88,8,1.0,-0.7943542003631592,1.0,0.8421052631578947,-0.6347407338787835
9548,1,1,88,9,1.0,-1.1149982213974,1.0,0.7894736842105263,-0.5602535399770828
9549,1,1,88,11,1.0,-0.7794064283370972,1.0,0.8947368421052632,-0.7206550762153041
9550,1,1,88,12,1.0,-1.1631804704666138,1.0,0.7368421052631579,-0.48628196563107606
9551,1,1,88,13,1.0,-1.1445566415786743,1.0,0.5789473684210527,-0.2938854176173753
9552,1,1,88,14,1.0,-1.1347600221633911,1.0,0.7894736842105263,-0.5606981327188918
9553,1,1,88,15,1.0,-0.20665156841278076,1.0,0.8421052631578947,-0.6288577966297122
9554,1,1,88,17,1.0,-0.9660711288452148,1.0,0.8421052631578947,-0.6377636821823203
9555,1,1,88,19,1.0,-1.0013446807861328,1.0,0.6842105263157895,-0.4132499033871375
9556,1,1,88,20,1.0,-0.8387830257415771,1.0,0.9473684210526315,-0.8133056527452149
9557,1,1,89,4,1.0,-0.8312509059906006,1.0,0.8947368421052632,-0.7214901130970741
9558,1,1,89,5,1.0,-0.8973648548126221,1.0,0.8421052631578947,-0.6364833847489664
9559,1,1,89,6,1.0,-1.2368497848510742,1.0,0.8421052631578947,-0.643728721825299
9560,1,1,89,8,1.0,-0.8523877859115601,1.0,1.0,-0.9107656493757121
9561,1,1,89,9,1.0,-0.8561403751373291,1.0,0.8421052631578947,-0.6357605113418404
9562,1,1,89,10,1.0,-0.9883033037185669,1.0,0.7894736842105263,-0.5575887638412995
9563,1,1,89,11,1.0,-0.896621584892273,1.0,0.7894736842105263,-0.5558606323048365
9564,1,1,89,12,1.0,-0.8812417984008789,1.0,0.8421052631578947,-0.6361966189949257
9565,1,1,89,15,1.0,-0.8427999019622803,1.0,0.6842105263157895,-0.41032610843722694
9566,1,1,89,17,1.0,-0.8380422592163086,1.0,0.6842105263157895,-0.41024613997207443
9567,1,1,89,18,1.0,-0.8323090076446533,1.0,0.7894736842105263,-0.5547487124819535
9568,1,1,89,19,1.0,-0.6922144889831543,1.0,0.5789473684210527,-0.2855769275471388
9569,1,1,89,20,1.0,-0.8541944026947021,1.0,0.8421052631578947,-0.6357272286983872
9570,1,1,90,1,1.0,-1.387876272201538,1.0,0.7368421052631579,-0.4920140830317271
9571,1,1,90,4,1.0,-1.1615697145462036,1.0,0.5789473684210527,-0.2942777605770662
9572,1,1,90,7,1.0,-0.8443479537963867,1.0,0.9473684210526315,-0.8133993177732943
9573,1,1,90,8,1.0,-0.9074907302856445,1.0,0.8421052631578947,-0.6366661421779813
9574,1,1,90,9,1.0,-0.9398729801177979,1.0,0.6842105263157895,-0.4120566038773058
9575,1,1,90,11,1.0,-0.8208284378051758,1.0,0.8421052631578947,-0.6351683411655344
9576,1,1,90,12,1.0,-1.5073697566986084,1.0,0.8947368421052632,-0.7373019682440685
9577,1,1,90,13,1.0,-1.3352000713348389,1.0,0.631578947368421,-0.35706166432708614
9578,1,1,90,15,1.0,-1.0439635515213013,1.0,0.7894736842105263,-0.5587199286089388
9579,1,1,90,19,1.0,-1.2666008472442627,1.0,0.7368421052631579,-0.48879485462472555
9580,1,1,90,20,1.0,-1.555385947227478,1.0,0.8947368421052632,-0.7387725868582994
9581,1,1,91,1,1.0,-1.0211395025253296,1.0,0.8947368421052632,-0.725007591246149
9582,1,1,91,3,1.0,-0.8303003311157227,1.0,0.631578947368421,-0.34612805842066935
9583,1,1,91,4,1.0,-0.8556389808654785,1.0,0.631578947368421,-0.3465552526779257
9584,1,1,91,6,1.0,-1.0316461324691772,1.0,0.8947368421052632,-0.7252232698363583
9585,1,1,91,8,1.0,-0.8001501560211182,1.0,0.7368421052631579,-0.47915448028413293
9586,1,1,91,9,1.0,-0.8106608390808105,1.0,0.8421052631578947,-0.6350024578826297
9587,1,1,91,12,1.0,-0.7564637660980225,1.0,0.8421052631578947,-0.6341531222166297
9588,1,1,91,13,1.0,-0.8624281883239746,1.0,0.9473684210526315,-0.8137079069026507
9589,1,1,91,14,1.0,-0.878307580947876,1.0,0.9473684210526315,-0.8139843251699981
9590,1,1,91,15,1.0,-0.9155137538909912,1.0,0.9473684210526315,-0.8146517374381287
9591,1,1,91,17,1.0,-0.8231422901153564,1.0,0.9473684210526315,-0.8130457154002565
9592,1,1,91,19,1.0,-0.8789495229721069,1.0,0.8421052631578947,-0.6361562705617665
9593,1,1,92,1,1.0,-0.8532613515853882,1.0,0.8947368421052632,-0.7218608817510654
9594,1,1,92,2,1.0,-0.764216423034668,1.0,0.7368421052631579,-0.4785923449746858
9595,1,1,92,3,1.0,-0.81071937084198,1.0,0.8421052631578947,-0.6350034069050218
9596,1,1,92,4,1.0,-1.9633034467697144,1.0,0.7368421052631579,-0.5112976818033051
9597,1,1,92,5,1.0,-1.1329936981201172,1.0,0.7368421052631579,-0.4855888247621257
9598,1,1,92,6,1.0,-1.0018631219863892,1.0,0.5263157894736842,-0.23791402845390217
9599,1,1,92,8,1.0,-0.6615266799926758,1.0,0.7368421052631579,-0.4771282530457481
9600,1,1,92,9,1.0,-0.8629887104034424,1.0,0.8947368421052632,-0.7220278275528101
9601,1,1,92,10,1.0,-0.9391143321990967,1.0,0.8421052631578947,-0.6372501052118551
9602,1,1,92,11,1.0,-0.924930214881897,1.0,0.8947368421052632,-0.7231352914339869
9603,1,1,92,12,1.0,-1.3259069919586182,1.0,0.7368421052631579,-0.49033237107557426
9604,1,1,92,13,1.0,-1.003817081451416,1.0,0.7894736842105263,-0.5578978169700256
9605,1,1,92,14,1.0,-0.9006469249725342,1.0,0.7894736842105263,-0.555932978474514
9606,1,1,92,15,1.0,-0.8295818567276001,1.0,0.6842105263157895,-0.4101050522598668
9607,1,1,92,16,1.0,-1.3040783405303955,1.0,0.8947368421052632,-0.7315865355923773
9608,1,1,92,19,1.0,-0.9547207355499268,1.0,0.9473684210526315,-0.8153849999313829
9609,1,1,92,20,1.0,-0.8695234060287476,1.0,0.8421052631578947,-0.635991457458756
9610,1,1,93,1,1.0,-0.8025012016296387,1.0,0.7894736842105263,-0.5542614114260593
9611,1,1,93,3,1.0,-0.8239884376525879,1.0,0.8421052631578947,-0.6352203173762891
9612,1,1,93,5,1.0,-0.8844640254974365,1.0,0.7894736842105263,-0.5556440957638805
9613,1,1,93,6,1.0,-0.9021192789077759,1.0,0.6842105263157895,-0.41136118362352153
9614,1,1,93,8,1.0,-0.8442448377609253,1.0,0.7368421052631579,-0.47987957102318646
9615,1,1,93,10,1.0,-0.8318312168121338,1.0,0.7894736842105263,-0.5547407613725207
9616,1,1,93,11,1.0,-1.3439817428588867,1.0,0.8421052631578947,-0.6464936171738177
9617,1,1,93,12,1.0,-1.129235863685608,1.0,0.8947368421052632,-0.72733206876831
9618,1,1,93,13,1.0,-1.0074068307876587,1.0,0.7368421052631579,-0.48290076278950306
9619,1,1,93,14,1.0,-0.8610742092132568,1.0,0.8421052631578947,-0.63584523586016
9620,1,1,93,15,1.0,-0.8435424566268921,1.0,0.8947368421052632,-0.7216959711712936
9621,1,1,93,16,1.0,-0.8228667974472046,1.0,0.7894736842105263,-0.5545924273032994
9622,1,1,93,17,1.0,-0.8348042964935303,1.0,0.7894736842105263,-0.5547903117743297
9623,1,1,93,18,1.0,-1.0257632732391357,1.0,0.8947368421052632,-0.7251022353372348
9624,1,1,93,19,1.0,-0.9088070392608643,1.0,0.7368421052631579,-0.48101137990842774
9625,1,1,93,20,1.0,-0.925156831741333,1.0,0.8421052631578947,-0.6369898995556142
9626,1,1,94,1,1.0,-0.8441681861877441,1.0,0.8947368421052632,-0.7217065316756872
9627,1,1,94,2,1.0,-0.8551062345504761,1.0,0.6842105263157895,-0.41053505841342164
9628,1,1,94,3,1.0,-0.9350264072418213,1.0,1.0,-0.9122427438223955
9629,1,1,94,4,1.0,-1.2503632307052612,1.0,0.8421052631578947,-0.6440648300094346
9630,1,1,94,5,1.0,-1.011236548423767,1.0,0.8421052631578947,-0.6386567414911177
9631,1,1,94,7,1.0,-0.8356783390045166,1.0,0.8947368421052632,-0.7215639152727857
9632,1,1,94,8,1.0,-0.7735826969146729,1.0,0.9473684210526315,-0.8122543849921507
9633,1,1,94,9,1.0,-0.9240543842315674,1.0,0.7894736842105263,-0.556360094690065
9634,1,1,94,10,1.0,-0.9599766731262207,1.0,0.8947368421052632,-0.7237958845394371
9635,1,1,94,11,1.0,-0.9151111841201782,1.0,0.7368421052631579,-0.48112636235534506
9636,1,1,94,13,1.0,-1.0174988508224487,1.0,0.7894736842105263,-0.5581743687541392
9637,1,1,94,14,1.0,-0.8877241611480713,1.0,0.631578947368421,-0.347114613885021
9638,1,1,94,15,1.0,-0.7543051242828369,1.0,0.9473684210526315,-0.8119598453076864
9639,1,1,94,17,1.0,-1.4128892421722412,1.0,0.7894736842105263,-0.5677838897463496
9640,1,1,94,18,1.0,-0.8715415000915527,1.0,0.8947368421052632,-0.7221761782737905
9641,1,1,94,19,1.0,-0.8799397945404053,1.0,0.631578947368421,-0.34697701244231866
9642,1,1,94,20,1.0,-0.8510024547576904,1.0,0.8421052631578947,-0.6356727997024737
9643,1,1,95,1,1.0,-1.9362481832504272,1.0,0.7894736842105263,-0.585311899911295
9644,1,1,95,3,1.0,-0.7891759872436523,1.0,0.7368421052631579,-0.4789800649507467
9645,1,1,95,4,1.0,-1.2554110288619995,1.0,0.7368421052631579,-0.4885126460762102
9646,1,1,95,6,1.0,-1.0221816301345825,1.0,0.8421052631578947,-0.6388793007722835
9647,1,1,95,8,1.0,-0.8468403816223145,1.0,0.7368421052631579,-0.479923463881789
9648,1,1,95,9,1.0,-0.7152609825134277,1.0,0.8421052631578947,-0.6335467306534983
9649,1,1,95,10,1.0,-0.7352731227874756,1.0,0.7894736842105263,-0.5532275952908257
9650,1,1,95,11,1.0,-1.9262962341308594,1.0,1.0,-0.9406061718162673
9651,1,1,95,12,1.0,-1.059956669807434,1.0,0.7368421052631579,-0.4839871589810194
9652,1,1,95,13,1.0,-0.9701600074768066,1.0,0.7894736842105263,-0.5572334340409631
9653,1,1,95,14,1.0,-1.004561424255371,1.0,0.7368421052631579,-0.48284351411334653
9654,1,1,95,18,1.0,-1.7032197713851929,1.0,0.8947368421052632,-0.7435899083063465
9655,1,1,95,19,1.0,-0.831153154373169,1.0,0.8947368421052632,-0.7214884880702169
9656,1,1,95,20,1.0,-0.8435993194580078,1.0,0.8421052631578947,-0.6355473460403377
9657,1,1,96,3,1.0,-0.7713582515716553,1.0,0.8421052631578947,-0.6343806834451144
9658,1,1,96,4,1.0,-0.8927261829376221,1.0,0.8947368421052632,-0.722549932786996
9659,1,1,96,5,1.0,-1.0091452598571777,1.0,0.8421052631578947,-0.6386144894773597
9660,1,1,96,6,1.0,-1.0093544721603394,1.0,0.8947368421052632,-0.7247682969146729
9661,1,1,96,8,1.0,-0.840618371963501,1.0,0.8421052631578947,-0.6354971403952633
9662,1,1,96,9,1.0,-0.8062691688537598,1.0,0.7368421052631579,-0.4792527772887681
9663,1,1,96,11,1.0,-1.7200881242752075,1.0,0.7894736842105263,-0.5774083611926152
9664,1,1,96,12,1.0,-1.0673646926879883,1.0,0.6842105263157895,-0.4146156655617199
9665,1,1,96,13,1.0,-0.8611829280853271,1.0,0.8421052631578947,-0.6358471082786937
9666,1,1,96,14,1.0,-1.4377906322479248,1.0,0.7368421052631579,-0.4934244965841256
9667,1,1,96,15,1.0,-0.8620283603668213,1.0,0.6842105263157895,-0.41065392063051775
9668,1,1,96,17,1.0,-0.8479595184326172,1.0,0.6842105263157895,-0.41041334513875544
9669,1,1,96,18,1.0,-0.9895966053009033,1.0,0.6842105263157895,-0.4130160061019814
9670,1,1,96,19,1.0,-1.0800148248672485,1.0,0.7368421052631579,-0.48441639778165707
9671,1,1,96,20,1.0,-1.4622892141342163,1.0,0.7894736842105263,-0.5692042270976218
9672,1,1,97,4,1.0,-0.14417755603790283,1.0,0.8947368421052632,-0.7147882040866228
9673,1,1,97,5,1.0,-1.025402545928955,1.0,0.7368421052631579,-0.48326658137430256
9674,1,1,97,6,1.0,-1.0493985414505005,1.0,0.7894736842105263,-0.5588337026278736
9675,1,1,97,7,1.0,-0.7022420167922974,1.0,0.9473684210526315,-0.8112015216039781
9676,1,1,97,8,1.0,-0.9785044193267822,1.0,0.7368421052631579,-0.48232678654874717
9677,1,1,97,9,1.0,-0.9621222019195557,1.0,0.8421052631578947,-0.637687539236703
9678,1,1,97,10,1.0,-0.8673053979873657,1.0,0.8421052631578947,-0.6359529344562178
9679,1,1,97,12,1.0,-1.653031349182129,1.0,0.7368421052631579,-0.5000772039761157
9680,1,1,97,13,1.0,-0.7759993076324463,1.0,0.7894736842105263,-0.5538430788943495
9681,1,1,97,14,1.0,-1.0741701126098633,1.0,0.9473684210526315,-0.8178084974107358
9682,1,1,97,18,1.0,-0.769408106803894,1.0,0.6842105263157895,-0.4091428800379062
9683,1,1,97,19,1.0,-0.9021313190460205,1.0,0.7894736842105263,-0.5559597388079263
9684,1,1,97,20,1.0,-0.5755226612091064,1.0,0.6842105263157895,-0.4065352550254028
9685,1,1,98,3,1.0,-1.9990134239196777,1.0,0.7894736842105263,-0.5877818763299999
9686,1,1,98,4,1.0,-0.8251872062683105,1.0,0.6842105263157895,-0.41003233094363967
9687,1,1,98,5,1.0,-1.010598063468933,1.0,0.8421052631578947,-0.6386438323813092
9688,1,1,98,7,1.0,-0.9186382293701172,1.0,0.8421052631578947,-0.6368697098870402
9689,1,1,98,8,1.0,-0.8391202688217163,1.0,0.8947368421052632,-0.7216215606654465
9690,1,1,98,10,1.0,-0.8392646312713623,1.0,0.8947368421052632,-0.7216239836230027
9691,1,1,98,12,1.0,-0.9397029876708984,1.0,0.8947368421052632,-0.7234107494603483
9692,1,1,98,13,1.0,-1.4017727375030518,1.0,0.7368421052631579,-0.49240174563839473
9693,1,1,98,17,1.0,-1.053266167640686,1.0,0.631578947368421,-0.35032776822112555
9694,1,1,98,18,1.0,-0.9098984003067017,1.0,0.7894736842105263,-0.5561004806286961
9695,1,1,98,19,1.0,-0.8799108266830444,1.0,0.5789473684210527,-0.2885277491886971
9696,1,1,98,20,1.0,-1.1078053712844849,1.0,0.8421052631578947,-0.6407030753289051
9697,1,1,99,5,1.0,-0.8411922454833984,1.0,0.631578947368421,-0.34631011596077454
9698,1,1,99,8,1.0,-0.6757073402404785,1.0,0.7894736842105263,-0.5523871337364378
9699,1,1,99,9,1.0,0.06605052947998047,1.0660505294799805,0.7894736842105263,-0.547931006893815
9700,1,1,99,10,1.0660505294799805,-1.7208988666534424,1.0,0.7894736842105263,-0.5774362587323802
9701,1,1,99,11,1.0,-1.025550127029419,1.0,0.9473684210526315,-0.8167876137329935
9702,1,1,99,13,1.0,-1.1100587844848633,1.0,0.8421052631578947,-0.6407530529725577
9703,1,1,99,15,1.0,-0.9094339609146118,1.0,0.6842105263157895,-0.4114936929823991
9704,1,1,99,18,1.0,-0.7955780029296875,1.0,0.8947368421052632,-0.7209097759974281
9705,1,1,99,19,1.0,-0.8538768291473389,1.0,0.7894736842105263,-0.5551123860334363
9706,1,1,99,20,1.0,-0.6736236810684204,1.0,0.8947368421052632,-0.7191180210469339
9707,1,1,100,1,1.0,-0.7608523368835449,1.0,0.8947368421052632,-0.7203692951953837
9708,1,1,100,2,1.0,-0.9180099964141846,1.0,0.6842105263157895,-0.4116504152249144
9709,1,1,100,4,1.0,-0.8999862670898438,1.0,0.9473684210526315,-0.8143698359119961
9710,1,1,100,5,1.0,-1.139185905456543,1.0,0.7368421052631579,-0.48572952283423515
9711,1,1,100,6,1.0,-0.9211839437484741,1.0,0.8947368421052632,-0.7230661309921721
9712,1,1,100,7,1.0,-1.3918225765228271,1.0,0.8947368421052632,-0.7339520332551586
9713,1,1,100,8,1.0,-1.351113200187683,1.0,0.7894736842105263,-0.5660763984371032
9714,1,1,100,9,1.0,-0.9825634956359863,1.0,0.6842105263157895,-0.41287730191931477
9715,1,1,100,10,1.0,-1.0122267007827759,1.0,0.7368421052631579,-0.48299810650010255
9716,1,1,100,11,1.0,-0.8466401100158691,1.0,0.9473684210526315,-0.8134380778613698
9717,1,1,100,12,1.0,-1.9517254829406738,1.0,0.7894736842105263,-0.5859136532474892
9718,1,1,100,13,1.0,-0.8543742895126343,1.0,0.8421052631578947,-0.6357303021882398
9719,1,1,100,14,1.0,-1.088114857673645,1.0,0.7894736842105263,-0.5596612690747905
9720,1,1,100,15,1.0,-1.015811800956726,1.0,0.8421052631578947,-0.6387494840720671
9721,1,1,100,18,1.0,-0.9935863018035889,1.0,0.8421052631578947,-0.6383028853137549
9722,1,1,100,19,1.0,-0.8670828342437744,1.0,0.631578947368421,-0.3467523984365627
9723,1,1,100,20,1.0,-1.2551604509353638,1.0,0.9473684210526315,-0.8220243606784156
9724,1,1,101,1,1.0,-0.8337743282318115,1.0,0.7894736842105263,-0.5547731259440732
9725,1,1,101,4,1.0,-1.1240397691726685,1.0,0.631578947368421,-0.351868726048978
9726,1,1,101,5,1.0,-0.979478120803833,1.0,0.7894736842105263,-0.5574151035312233
9727,1,1,101,8,1.0,-0.8708263635635376,1.0,0.8421052631578947,-0.6360141334772105
9728,1,1,101,12,1.0,-0.8011112213134766,1.0,0.7894736842105263,-0.5542391215290329
9729,1,1,101,13,1.0,-0.8524906635284424,1.0,0.8421052631578947,-0.6356981512364692
9730,1,1,101,17,1.0,-0.9063196182250977,1.0,0.8421052631578947,-0.6366449004262345
9731,1,1,101,19,1.0,-0.812559962272644,1.0,0.8947368421052632,-0.7211828693328575
9732,1,1,102,1,1.0,-1.0019488334655762,1.0,0.631578947368421,-0.34927308667099083
9733,1,1,102,3,1.0,-0.5984610319137573,1.0,0.6842105263157895,-0.40680454775694347
9734,1,1,102,5,1.0,-2.0,1.0,0.8947368421052632,-0.7545803324099722
9735,1,1,102,6,1.0,-0.9235209226608276,1.0,0.7368421052631579,-0.4812809865082498
9736,1,1,102,7,1.0,-0.8345422744750977,1.0,0.9473684210526315,-0.8132346911813536
9737,1,1,102,8,1.0,-0.8466193675994873,1.0,0.9473684210526315,-0.8134377266384385
9738,1,1,102,10,1.0,-1.196481704711914,1.0,0.6842105263157895,-0.41753867638685394
9739,1,1,102,11,1.0,-1.0935488939285278,1.0,0.8947368421052632,-0.7265388242440953
9740,1,1,102,13,1.0,-0.9746212959289551,1.0,0.7368421052631579,-0.48225094426710907
9741,1,1,102,14,1.0,-0.8804957866668701,1.0,0.9473684210526315,-0.8140228114058741
9742,1,1,102,16,1.0,-0.874591588973999,1.0,0.8947368421052632,-0.7222294368850128
9743,1,1,102,17,1.0,-0.9853100776672363,1.0,0.9473684210526315,-0.8159784425940191
9744,1,1,102,18,1.0,-0.8413745164871216,1.0,0.8947368421052632,-0.7216594431799116
9745,1,1,102,20,1.0,-0.8668675422668457,1.0,0.631578947368421,-0.3467486653805182
9746,1,1,103,1,1.0,-0.9013912677764893,1.0,0.8421052631578947,-0.6365558100986747
9747,1,1,103,3,1.0,-1.836014986038208,1.0,0.7894736842105263,-0.581530839929458
9748,1,1,103,4,1.0,-1.5677692890167236,1.0,0.7368421052631579,-0.49733108299816675
9749,1,1,103,5,1.0,-1.0373303890228271,1.0,0.8947368421052632,-0.7253408757698747
9750,1,1,103,8,1.0,-0.8744802474975586,1.0,0.8421052631578947,-0.6360779049550715
9751,1,1,103,9,1.0,-0.9476499557495117,1.0,0.7368421052631579,-0.48173248194864726
9752,1,1,103,11,1.0,-0.9262704849243164,1.0,0.7368421052631579,-0.481331847674746
9753,1,1,103,13,1.0,-1.0193451642990112,1.0,0.8421052631578947,-0.6388213935622353
9754,1,1,103,14,1.0,-0.9010471105575562,1.0,0.631578947368421,-0.34735293097660175
9755,1,1,103,17,1.0,-1.026173710823059,1.0,0.8947368421052632,-0.7251106572578159
9756,1,1,103,18,1.0,-1.4869292974472046,1.0,0.8947368421052632,-0.7366899197660406
9757,1,1,103,19,1.0,-1.0263409614562988,1.0,0.7368421052631579,-0.48328583525395713
9758,1,1,103,20,1.0,-0.833275556564331,1.0,0.7368421052631579,-0.4796955590940027
9759,1,1,104,1,1.0,-0.8639264106750488,1.0,0.8947368421052632,-0.7220440208405909
9760,1,1,104,3,1.0,-1.821425199508667,1.0,0.6842105263157895,-0.43639888926380255
9761,1,1,104,4,1.0,-0.8981058597564697,1.0,0.7894736842105263,-0.5558872709931783
9762,1,1,104,7,1.0,-1.3854495286941528,1.0,0.5263157894736842,-0.24707143526752753
9763,1,1,104,9,1.0,-0.9152369499206543,1.0,0.8421052631578947,-0.6368073346674382
9764,1,1,104,10,1.0,-0.8182110786437988,1.0,0.9473684210526315,-0.8129647767946474
9765,1,1,104,12,1.0,-0.9235503673553467,1.0,0.8947368421052632,-0.7231097852203942
9766,1,1,104,13,1.0,-0.8757890462875366,1.0,0.8421052631578947,-0.6361008124584099
9767,1,1,104,14,1.0,-0.8822884559631348,1.0,0.7368421052631579,-0.48053640675758486
9768,1,1,104,15,1.0,-0.8443751335144043,1.0,0.8421052631578947,-0.6355604415834123
9769,1,1,104,17,1.0,-1.1980458498001099,1.0,0.8421052631578947,-0.6427838865046702
9770,1,1,104,19,1.0,-0.8146758079528809,1.0,0.7894736842105263,-0.5544582963605259
9771,1,1,104,20,1.0,-1.7659800052642822,1.0,0.6842105263157895,-0.43440984547968303
9772,1,1,105,2,1.0,-1.022419810295105,1.0,0.6842105263157895,-0.41367641437458946
9773,1,1,105,3,1.0,-0.9352502822875977,1.0,0.8421052631578947,-0.6371776788276279
9774,1,1,105,4,1.0,-0.797358512878418,1.0,0.8421052631578947,-0.6347885539030345
9775,1,1,105,5,1.0,-1.638503909111023,1.0,0.8947368421052632,-0.7414272830116933
9776,1,1,105,6,1.0,-0.9647603034973145,1.0,0.7368421052631579,-0.48205970199436904
9777,1,1,105,7,1.0,-0.8082497119903564,1.0,0.5789473684210527,-0.2873179945288817
9778,1,1,105,8,1.0,-0.8669586181640625,1.0,0.8421052631578947,-0.635946920378527
9779,1,1,105,9,1.0,-0.9809987545013428,1.0,0.7368421052631579,-0.4823756631256586
9780,1,1,105,10,1.0,-0.6498247385025024,1.0,0.6842105263157895,-0.40744571359744913
9781,1,1,105,12,1.0,-0.9616515636444092,1.0,0.9473684210526315,-0.8155178204010903
9782,1,1,105,13,1.0,-1.0172432661056519,1.0,0.7368421052631579,-0.4830999161866997
9783,1,1,105,14,1.0,-0.8708319664001465,1.0,0.8421052631578947,-0.6360142310594811
9784,1,1,105,15,1.0,-0.6586399078369141,1.0,0.6842105263157895,-0.40756105697170486
9785,1,1,105,17,1.0,-0.819995641708374,1.0,0.631578947368421,-0.3459580005463678
9786,1,1,105,18,1.0,-0.4724428653717041,1.0,0.8421052631578947,-0.6306627705328438
9787,1,1,105,19,1.0,-1.8440842628479004,1.0,0.7894736842105263,-0.581827797324722
9788,1,1,105,20,1.0,-0.855701208114624,1.0,0.8947368421052632,-0.7219025779856605
9789,1,1,106,1,1.0,-0.8159009218215942,1.0,0.9473684210526315,-0.8129270262447862
9790,1,1,106,3,1.0,-0.8374459743499756,1.0,0.8947368421052632,-0.721593490009522
9791,1,1,106,4,1.0,-1.9360095262527466,1.0,0.6842105263157895,-0.4407043205471645
9792,1,1,106,5,1.0,-0.9033074378967285,1.0,0.8421052631578947,-0.6365903911960331
9793,1,1,106,10,1.0,-0.8877111673355103,1.0,0.9473684210526315,-0.8141503942686147
9794,1,1,106,12,1.0,-1.07245934009552,1.0,0.6842105263157895,-0.41472468205133184
9795,1,1,106,14,1.0,-0.8740265369415283,1.0,0.8421052631578947,-0.6360699717952176
9796,1,1,106,15,1.0,-0.8443207740783691,1.0,0.7368421052631579,-0.4798808532577297
9797,1,1,106,19,1.0,-0.9335854053497314,1.0,0.6842105263157895,-0.4119388087805709
9798,1,1,106,20,1.0,-0.8348410129547119,1.0,0.7368421052631579,-0.47972167273143923
9799,1,1,107,1,1.0,-0.8515157699584961,1.0,0.6842105263157895,-0.41047378275463076
9800,1,1,107,3,1.0,-1.0628353357315063,1.0,0.7368421052631579,-0.48404826707112175
9801,1,1,107,4,1.0,-0.8459715843200684,1.0,0.8947368421052632,-0.7217370116247422
9802,1,1,107,6,1.0,-0.8291585445404053,1.0,0.8947368421052632,-0.7214553713298159
9803,1,1,107,8,1.0,-0.8502309322357178,1.0,0.7894736842105263,-0.5550502560211933
9804,1,1,107,9,1.0,-0.9352757930755615,1.0,0.9473684210526315,-0.8150174911936241
9805,1,1,107,10,1.0,-1.0059863328933716,1.0,0.7894736842105263,-0.5579414146595717
9806,1,1,107,11,1.0,-0.845285177230835,1.0,0.7894736842105263,-0.5549663999483508
9807,1,1,107,12,1.0,-1.0008643865585327,1.0,0.631578947368421,-0.3492513672249724
9808,1,1,107,14,1.0,-0.6410149335861206,1.0,0.7894736842105263,-0.5519303310906933
9809,1,1,107,15,1.0,-1.109544277191162,1.0,0.631578947368421,-0.3515449570526371
9810,1,1,107,17,1.0,-0.9180197715759277,1.0,0.8947368421052632,-0.7230079354200154
9811,1,1,107,18,1.0,1.7888145446777344,2.7888145446777344,0.3684210526315789,-0.13617935605618658
9812,1,1,107,19,2.7888145446777344,0.4147782325744629,3.2035927772521973,0.2631578947368421,-0.05036029068807081
9813,1,1,108,1,3.2035927772521973,-1.996958613395691,1.2066341638565063,0.7894736842105263,-0.587906400839898
9814,1,1,108,3,1.2066341638565063,-0.9505116939544678,1.0,0.6842105263157895,-0.4122577164931926
9815,1,1,108,4,1.0,-0.8378137350082397,1.0,0.9473684210526315,-0.8132894016481775
9816,1,1,108,7,1.0,-0.8774271011352539,1.0,0.8421052631578947,-0.6361295311005037
9817,1,1,108,8,1.0,-0.9185559749603271,1.0,0.7894736842105263,-0.5562587804312423
9818,1,1,108,9,1.0,-0.8516761064529419,1.0,0.7368421052631579,-0.48000559946535515
9819,1,1,108,12,1.0,-0.6335813999176025,1.0,0.9473684210526315,-0.8102843370057085
9820,1,1,108,13,1.0,-0.9149477481842041,1.0,0.6842105263157895,-0.41159428550882415
9821,1,1,108,15,1.0,-0.8370894193649292,1.0,0.8421052631578947,-0.6354379348825647
9822,1,1,108,16,1.0,-0.9365954399108887,1.0,0.7894736842105263,-0.5565934398205079
9823,1,1,108,18,1.0,-1.1024092435836792,1.0,0.8947368421052632,-0.7267333938133596
9824,1,1,108,19,1.0,-0.899054765701294,1.0,0.7368421052631579,-0.4808350722796288
9825,1,1,108,20,1.0,-0.8523837327957153,1.0,0.9473684210526315,-0.8135356633818405
9826,1,1,109,1,1.0,-0.9213380813598633,1.0,0.6842105263157895,-0.4117116302913894
9827,1,1,109,3,1.0,-1.04555082321167,1.0,0.6842105263157895,-0.41415475692893666
9828,1,1,109,4,1.0,-1.6758440732955933,1.0,0.8421052631578947,-0.6565152815024372
9829,1,1,109,5,1.0,-1.0299164056777954,1.0,0.6842105263157895,-0.41383026971659337
9830,1,1,109,6,1.0,-0.8962901830673218,1.0,0.7368421052631579,-0.48078543848495525
9831,1,1,109,7,1.0,-0.9191375970840454,1.0,0.8947368421052632,-0.7230284716337065
9832,1,1,109,11,1.0,-0.9327003955841064,1.0,0.8947368421052632,-0.7232796326891997
9833,1,1,109,12,1.0,-1.0607329607009888,1.0,0.631578947368421,-0.3504856161613354
9834,1,1,109,14,1.0,-0.8413959741592407,1.0,0.7894736842105263,-0.554900801493203
9835,1,1,109,15,1.0,-0.8682987689971924,1.0,0.631578947368421,-0.3467734995445809
9836,1,1,109,16,1.0,-1.5486537218093872,1.0,0.5789473684210527,-0.30476860206029743
9837,1,1,109,17,1.0,-0.8284709453582764,1.0,0.9473684210526315,-0.8131337241755213
9838,1,1,109,18,1.0,-0.8161220550537109,1.0,0.8421052631578947,-0.6350913000098886
9839,1,1,109,19,1.0,-1.0445168018341064,1.0,0.7368421052631579,-0.48366223105546424
9840,1,1,109,20,1.0,-1.8857430219650269,1.0,0.7894736842105263,-0.5833815970887871
9841,1,1,110,1,1.0,-0.8437619209289551,1.0,0.7368421052631579,-0.47987141935442396
9842,1,1,110,3,1.0,-0.8422822952270508,1.0,0.6842105263157895,-0.4103173863382802
9843,1,1,110,4,1.0,-0.849090576171875,1.0,0.8947368421052632,-0.721789880475411
9844,1,1,110,6,1.0,-1.0448678731918335,1.0,0.7894736842105263,-0.5587388183641734
9845,1,1,110,9,1.0,-0.8271937370300293,1.0,0.9473684210526315,-0.8131125778883099
9846,1,1,110,10,1.0,-0.8215993642807007,1.0,0.7894736842105263,-0.5545715847937537
9847,1,1,110,11,1.0,-0.9219992160797119,1.0,0.7894736842105263,-0.5563221551844052
9848,1,1,110,12,1.0,-1.133397102355957,1.0,0.6842105263157895,-0.4160688816060395
9849,1,1,110,13,1.0,-1.0197468996047974,1.0,0.7894736842105263,-0.5582201670324252
9850,1,1,110,14,1.0,-0.9658467769622803,1.0,0.7894736842105263,-0.5571499296055734
9851,1,1,110,16,1.0,1.9294943809509277,2.9294943809509277,0.42105263157894735,-0.17783903544382498
9852,1,1,110,17,2.9294943809509277,-1.295183539390564,1.6343108415603638,0.7368421052631579,-0.4901613924109698
9853,1,1,110,18,1.6343108415603638,-1.107051134109497,1.0,0.7894736842105263,-0.5600769517752204
9854,1,1,110,20,1.0,-0.8123469352722168,1.0,0.7368421052631579,-0.47935115299478837
9855,1,1,111,1,1.0,-0.9038677215576172,1.0,0.7368421052631579,-0.4809218461430643
9856,1,1,111,3,1.0,-0.7601261138916016,1.0,0.8421052631578947,-0.6342086650126371
9857,1,1,111,5,1.0,-0.8487350940704346,1.0,0.7894736842105263,-0.5550248422389567
9858,1,1,111,6,1.0,-0.9159712791442871,1.0,0.8421052631578947,-0.6368207817646098
9859,1,1,111,7,1.0,-1.2528270483016968,1.0,0.8421052631578947,-0.644126504052001
9860,1,1,111,8,1.0,-0.8223428726196289,1.0,0.8947368421052632,-0.7213428104114552
9861,1,1,111,9,1.0,-1.8847811222076416,1.0,0.7368421052631579,-0.5082760763486297
9862,1,1,111,10,1.0,-0.9557549953460693,1.0,0.8947368421052632,-0.7237150085212618
9863,1,1,111,11,1.0,-0.9180786609649658,1.0,0.8947368421052632,-0.7230090166871644
9864,1,1,111,12,1.0,-1.040432095527649,1.0,0.7894736842105263,-0.5586463190939297
9865,1,1,111,13,1.0,-0.8730841875076294,1.0,0.8947368421052632,-0.7222030923947308
9866,1,1,111,14,1.0,-0.8864622116088867,1.0,0.8421052631578947,-0.6362889004485428
9867,1,1,111,15,1.0,-0.839524507522583,1.0,0.8421052631578947,-0.635478761909748
9868,1,1,111,16,1.0,-0.8826117515563965,1.0,0.7894736842105263,-0.5556113646797437
9869,1,1,111,18,1.0,-1.0020512342453003,1.0,0.8947368421052632,-0.7246213991704975
9870,1,1,111,19,1.0,-0.849421501159668,1.0,0.6842105263157895,-0.4104381605560741
9871,1,1,111,20,1.0,-0.867568850517273,1.0,0.8947368421052632,-0.7221070895138508
9872,1,1,112,3,1.0,-0.8230533599853516,1.0,0.8421052631578947,-0.6352049162562694
9873,1,1,112,4,1.0,-0.8522129058837891,1.0,0.8947368421052632,-0.7218430007795211
9874,1,1,112,5,1.0,-1.0173381567001343,1.0,0.8947368421052632,-0.7249301016607524
9875,1,1,112,6,1.0,-0.9271001815795898,1.0,0.8421052631578947,-0.6370258953892867
9876,1,1,112,7,1.0,-1.9042991399765015,1.0,0.8421052631578947,-0.66469430006759
9877,1,1,112,8,1.0,-0.842647910118103,1.0,0.9473684210526315,-0.813370638106757
9878,1,1,112,9,1.0,-1.6033499240875244,1.0,0.8947368421052632,-0.7402876422006869
9879,1,1,112,10,1.0,0.39340853691101074,1.3934085369110107,0.8421052631578947,-0.6303718592284933
9880,1,1,112,11,1.3934085369110107,-1.1050028800964355,1.0,0.8947368421052632,-0.7267906460601864
9881,1,1,112,12,1.0,-1.1221824884414673,1.0,0.7894736842105263,-0.560414265013536
9882,1,1,112,13,1.0,-0.8415474891662598,1.0,0.7368421052631579,-0.4798340993275471
9883,1,1,112,14,1.0,-1.0382782220840454,1.0,0.7368421052631579,-0.4835322942268668
9884,1,1,112,17,1.0,-1.4864635467529297,1.0,0.8421052631578947,-0.6505264866806906
9885,1,1,112,18,1.0,-0.9147031307220459,1.0,0.7894736842105263,-0.5561881478134163
9886,1,1,112,20,1.0,-0.8390517234802246,1.0,0.8421052631578947,-0.6354708258691889
9887,1,1,113,1,1.0,-0.8195663690567017,1.0,0.9473684210526315,-0.8129869734353807
9888,1,1,113,2,1.0,-0.8519959449768066,1.0,0.8947368421052632,-0.7218393033125414
9889,1,1,113,3,1.0,0.5659976005554199,1.56599760055542,0.6842105263157895,-0.406992522128651
9890,1,1,113,6,1.56599760055542,-0.8743772506713867,1.0,0.6842105263157895,-0.4108683474546672
9891,1,1,113,7,1.0,-0.8526382446289062,1.0,0.7368421052631579,-0.48002199732436535
9892,1,1,113,8,1.0,-0.8500648736953735,1.0,0.9473684210526315,-0.8134961859974003
9893,1,1,113,10,1.0,-0.858443021774292,1.0,0.8947368421052632,-0.721949576626302
9894,1,1,113,12,1.0,-0.9258458614349365,1.0,0.9473684210526315,-0.8148419886938549
9895,1,1,113,13,1.0,-0.7973413467407227,1.0,0.631578947368421,-0.3455916042543836
9896,1,1,113,14,1.0,-0.8996102809906006,1.0,0.9473684210526315,-0.8143630696791329
9897,1,1,113,15,1.0,-0.9309051036834717,1.0,0.8947368421052632,-0.7232461755306115
9898,1,1,113,17,1.0,-0.9179143905639648,1.0,0.8421052631578947,-0.6368564162064817
9899,1,1,113,20,1.0,0.16726326942443848,1.1672632694244385,0.7894736842105263,-0.5482683629222991
9900,1,1,114,1,1.1672632694244385,-1.6511194705963135,1.0,0.631578947368421,-0.36649602708398304
9901,1,1,114,3,1.0,0.07095837593078613,1.0709583759307861,0.9473684210526315,-0.806391392389571
9902,1,1,114,5,1.0709583759307861,-1.942293643951416,1.0,0.8947368421052632,-0.7523053784033129
9903,1,1,114,7,1.0,-1.7183096408843994,1.0,0.9473684210526315,-0.8357959633220556
9904,1,1,114,8,1.0,-0.7682516574859619,1.0,0.9473684210526315,-0.8121721891947922
9905,1,1,114,9,1.0,-0.8895144462585449,1.0,0.631578947368421,-0.347146431523187
9906,1,1,114,11,1.0,-0.9132022857666016,1.0,0.8421052631578947,-0.636770132069731
9907,1,1,114,12,1.0,-1.1202877759933472,1.0,0.8421052631578947,-0.6409811949328388
9908,1,1,114,13,1.0,-0.8545567989349365,1.0,0.7894736842105263,-0.5551240028659484
9909,1,1,114,14,1.0,-1.3292920589447021,1.0,0.7894736842105263,-0.5654915034196236
9910,1,1,114,16,1.0,-1.0501189231872559,1.0,0.8421052631578947,-0.6394582454507972
9911,1,1,114,17,1.0,-0.9772388935089111,1.0,0.8421052631578947,-0.6379807064723028
9912,1,1,114,18,1.0,-0.8753335475921631,1.0,0.7894736842105263,-0.555483417835292
9913,1,1,114,19,1.0,-0.9302603006362915,1.0,0.7894736842105263,-0.5564751719092884
9914,1,1,114,20,1.0,-0.8468949794769287,1.0,0.8421052631578947,-0.6356030589850699
9915,1,1,115,1,1.0,-1.7694998979568481,1.0,0.8947368421052632,-0.7458916312986652
9916,1,1,115,3,1.0,-0.8450326919555664,1.0,0.7894736842105263,-0.5549621321446259
9917,1,1,115,4,1.0,-0.835283637046814,1.0,0.8421052631578947,-0.6354077354656191
9918,1,1,115,5,1.0,-1.1684964895248413,1.0,0.7368421052631579,-0.4864059180226455
9919,1,1,115,8,1.0,-0.8337879180908203,1.0,0.8947368421052632,-0.7215323553335145
9920,1,1,115,10,1.0,-1.160388469696045,1.0,0.7894736842105263,-0.5612863436459244
9921,1,1,115,11,1.0,-0.8247082233428955,1.0,0.8421052631578947,-0.6352321844589315
9922,1,1,115,12,1.0,-1.0544289350509644,1.0,0.7368421052631579,-0.4838702813530538
9923,1,1,115,17,1.0,-1.0138798952102661,1.0,0.7894736842105263,-0.558100854059005
9924,1,1,115,18,1.0,-0.9017541408538818,1.0,0.7368421052631579,-0.480883682867798
9925,1,1,115,19,1.0,-0.8985522985458374,1.0,0.7368421052631579,-0.4808260398945468
9926,1,1,116,1,1.0,-1.9767913818359375,1.0,0.631578947368421,-0.3783111136951689
9927,1,1,116,2,1.0,-0.6769404411315918,1.0,0.7894736842105263,-0.5524038132482835
9928,1,1,116,3,1.0,-0.9495601654052734,1.0,1.0,-0.9125166450772448
9929,1,1,116,4,1.0,-0.8271191120147705,1.0,0.8421052631578947,-0.6352720081770387
9930,1,1,116,6,1.0,-1.4304760694503784,1.0,0.8947368421052632,-0.7350429502626743
9931,1,1,116,8,1.0,-0.96541428565979,1.0,0.7894736842105263,-0.5571415770694492
9932,1,1,116,9,1.0,-0.8040547370910645,1.0,0.7894736842105263,-0.554286369842275
9933,1,1,116,10,1.0,-1.031700611114502,1.0,0.8947368421052632,-0.7252243939197126
9934,1,1,116,12,1.0,0.39854907989501953,1.3985490798950195,0.8421052631578947,-0.6304177106931843
9935,1,1,116,13,1.3985490798950195,-0.8968062400817871,1.0,0.6842105263157895,-0.411265606012247
9936,1,1,116,14,1.0,-1.0612046718597412,1.0,0.7894736842105263,-0.5590828831956586
9937,1,1,116,17,1.0,-0.3032186031341553,1.0,0.7894736842105263,-0.5487407448527555
9938,1,1,116,18,1.0,-0.8102602958679199,1.0,0.8421052631578947,-0.6349959653930373
9939,1,1,116,19,1.0,-0.908240795135498,1.0,0.8947368421052632,-0.7228293458294558
9940,1,1,116,20,1.0,-0.8632427453994751,1.0,0.8421052631578947,-0.6358826282972858
9941,1,1,117,3,1.0,-0.8913586139678955,1.0,0.7368421052631579,-0.4806972793492744
9942,1,1,117,4,1.0,-1.7728406190872192,1.0,0.7894736842105263,-0.5792509682467447
9943,1,1,117,5,1.0,-1.1554473638534546,1.0,0.7894736842105263,-0.5611719157462481
9944,1,1,117,6,1.0,-1.0391490459442139,1.0,0.7894736842105263,-0.5586196370367569
9945,1,1,117,7,1.0,-0.9941058158874512,1.0,0.6842105263157895,-0.41310545542156324
9946,1,1,117,8,1.0,-1.2759007215499878,1.0,0.9473684210526315,-0.8225493096150107
9947,1,1,117,10,1.0,-1.5290000438690186,1.0,0.7894736842105263,-0.5711997409814038
9948,1,1,117,13,1.0,-1.1551307439804077,1.0,0.9473684210526315,-0.8196133534593802
9949,1,1,117,14,1.0,-1.552325963973999,1.0,0.7368421052631579,-0.4968492365466048
9950,1,1,117,15,1.0,-0.8392949104309082,1.0,0.7894736842105263,-0.5548654891066415
9951,1,1,117,16,1.0,-0.675223708152771,1.0,0.8421052631578947,-0.6329900184829533
9952,1,1,117,17,1.0,-0.958345890045166,1.0,0.7894736842105263,-0.5570055980895537
9953,1,1,117,18,1.0,-1.8648546934127808,1.0,0.8421052631578947,-0.6632075781978743
9954,1,1,117,20,1.0,-1.2207149267196655,1.0,0.7368421052631579,-0.48765352688548874
9955,1,1,118,1,1.0,-0.8393588066101074,1.0,0.7368421052631579,-0.47979730962466616
9956,1,1,118,2,1.0,-0.09075486660003662,1.0,0.7894736842105263,-0.5479036940980051
9957,1,1,118,5,1.0,-1.0870081186294556,1.0,0.8421052631578947,-0.6402466144221011
9958,1,1,118,6,1.0,-1.111688494682312,1.0,0.6842105263157895,-0.4155815047818409
9959,1,1,118,8,1.0,-0.678957462310791,1.0,0.7368421052631579,-0.47736190991860183
9960,1,1,118,9,1.0,-1.2293552160263062,1.0,0.7894736842105263,-0.5629344721116
9961,1,1,118,10,1.0,-0.930323600769043,1.0,0.7894736842105263,-0.5564763496613679
9962,1,1,118,12,1.0,-1.0479286909103394,1.0,0.6842105263157895,-0.41420453710208127
9963,1,1,118,13,1.0,-1.08773672580719,1.0,0.7368421052631579,-0.4845837894090242
9964,1,1,118,15,1.0,-0.8724408149719238,1.0,0.6842105263157895,-0.41083452144603944
9965,1,1,118,17,1.0,-1.619552493095398,1.0,0.7894736842105263,-0.5740508324188044
9966,1,1,118,19,1.0,-0.8087620735168457,1.0,0.8947368421052632,-0.7211212933255648
9967,1,1,118,20,1.0,-0.8625085353851318,1.0,0.8947368421052632,-0.7220195421460942
9968,1,1,119,2,1.0,-0.9231810569763184,1.0,0.631578947368421,-0.3477567046617597
9969,1,1,119,5,1.0,-0.8046543598175049,1.0,0.8947368421052632,-0.7210550187977054
9970,1,1,119,7,1.0,-0.09170913696289062,1.0,0.7894736842105263,-0.5479054352979139
9971,1,1,119,8,1.0,-0.9214019775390625,1.0,0.7894736842105263,-0.5563111456820181
9972,1,1,119,9,1.0,-1.234401822090149,1.0,0.7894736842105263,-0.5630588082236839
9973,1,1,119,10,1.0,-0.8093850612640381,1.0,0.7368421052631579,-0.47930311933630065
9974,1,1,119,11,1.0,-0.9290571212768555,1.0,0.7894736842105263,-0.5564528009858415
9975,1,1,119,14,1.0,-1.0168510675430298,1.0,0.8421052631578947,-0.6387706088580716
9976,1,1,119,16,1.0,1.4175920486450195,2.4175920486450195,0.42105263157894735,-0.1601933196141229
9977,1,1,119,18,2.4175920486450195,-0.9021220207214355,1.515470027923584,0.8421052631578947,-0.6370844593530665
9978,1,1,119,19,1.515470027923584,-1.9063122272491455,1.0,1.0,-0.9398402630775959
9979,1,1,119,20,1.0,-0.8535196781158447,1.0,0.8421052631578947,-0.6357157063317473
9980,1,1,120,1,1.0,-1.3438167572021484,1.0,0.631578947368421,-0.3572925067915335
9981,1,1,120,2,1.0,-0.9175987243652344,1.0,0.8421052631578947,-0.6368506221120046
9982,1,1,120,3,1.0,-0.8687180280685425,1.0,0.8421052631578947,-0.6359774580453506
9983,1,1,120,5,1.0,-1.02759850025177,1.0,0.8421052631578947,-0.6389903346996344
9984,1,1,120,6,1.0,-1.6651005744934082,1.0,0.9473684210526315,-0.8339956823342757
9985,1,1,120,9,1.0,-0.6269739866256714,1.0,0.9473684210526315,-0.8102010469015458
9986,1,1,120,10,1.0,-0.9551653861999512,1.0,0.631578947368421,-0.3483574811721056
9987,1,1,120,11,1.0,-1.0669108629226685,1.0,0.7368421052631579,-0.48413506545655066
9988,1,1,120,12,1.0,-0.878936767578125,1.0,0.8947368421052632,-0.722305630823979
9989,1,1,120,13,1.0,-1.6940463781356812,1.0,0.8421052631578947,-0.6571286792351838
9990,1,1,120,14,1.0,-1.0849227905273438,1.0,0.7368421052631579,-0.48452265217638313
9991,1,1,120,15,1.0,-1.0405265092849731,1.0,0.7894736842105263,-0.5586482838051369
9992,1,1,120,17,1.0,-0.832646369934082,1.0,0.7894736842105263,-0.5547543294135332
9993,1,1,120,18,1.0,-0.6848186254501343,1.0,0.7368421052631579,-0.47744184305996085
9994,1,1,120,19,1.0,-0.8388481140136719,1.0,0.7894736842105263,-0.5548579912237321
9995,1,1,120,20,1.0,-1.932824969291687,1.0,0.7368421052631579,-0.5101102011815009
9996,1,2,1,1,1.0,-0.9177112579345703,1.0,0.8421052631578947,-0.6368526874518361
9997,1,2,1,3,1.0,-0.8140796422958374,1.0,0.6842105263157895,-0.40985024832975586
9998,1,2,1,6,1.0,-0.8382037878036499,1.0,0.8421052631578947,-0.6354566038213214
9999,1,2,1,7,1.0,-0.8323819637298584,1.0,0.8947368421052632,-0.7215089297453999
10000,1,2,1,8,1.0,-0.9253253936767578,1.0,0.8421052631578947,-0.6369930187642681
10001,1,2,1,9,1.0,-0.8810243606567383,1.0,0.7894736842105263,-0.5555833688805953
10002,1,2,1,18,1.0,-0.9344308376312256,1.0,0.7894736842105263,-0.5565529395430511
10003,1,2,1,20,1.0,-0.8116374015808105,1.0,0.7894736842105263,-0.5544088823563377
10004,1,2,2,1,1.0,-0.8409805297851562,1.0,0.8947368421052632,-0.7216528149247494
10005,1,2,2,3,1.0,-0.8342766761779785,1.0,0.7894736842105263,-0.5547815053640349
10006,1,2,2,6,1.0,-0.7677938938140869,1.0,0.7894736842105263,-0.5537164042736712
10007,1,2,2,10,1.0,-0.7339409589767456,1.0,0.9473684210526315,-0.81165677641513
10008,1,2,2,12,1.0,-0.832665205001831,1.0,0.6842105263157895,-0.4101563051259581
10009,1,2,2,13,1.0,-0.9565514326095581,1.0,0.9473684210526315,-0.8154199895347669
10010,1,2,2,16,1.0,-0.9768674373626709,1.0,0.7894736842105263,-0.5573640295416843
10011,1,2,2,18,1.0,-0.812930703163147,1.0,0.8947368421052632,-0.7211888956914255
10012,1,2,3,2,1.0,-0.7986932992935181,1.0,0.8947368421052632,-0.7209594422733359
10013,1,2,3,5,1.0,-0.9605004787445068,1.0,0.8421052631578947,-0.6376563596191218
10014,1,2,3,6,1.0,-0.7889642715454102,1.0,1.0,-0.9097246462177517
10015,1,2,3,10,1.0,-0.7910599708557129,1.0,0.6842105263157895,-0.4094807504646531
10016,1,2,3,13,1.0,-1.177696704864502,1.0,0.8421052631578947,-0.6423004432089247
10017,1,2,3,16,1.0,-0.7763898372650146,1.0,0.7368421052631579,-0.4787798893564107
10018,1,2,4,2,1.0,-1.7102339267730713,1.0,0.6842105263157895,-0.43247199253260704
10019,1,2,4,5,1.0,-0.8214186429977417,1.0,0.7894736842105263,-0.5545686155105317
10020,1,2,4,7,1.0,-0.7955365180969238,1.0,0.7368421052631579,-0.4790808610785845
10021,1,2,4,10,1.0,-0.9759252071380615,1.0,0.8421052631578947,-0.6379550480217122
10022,1,2,4,12,1.0,-0.8179895877838135,1.0,0.8421052631578947,-0.6351218175796649
10023,1,2,5,1,1.0,-0.8578226566314697,1.0,0.6842105263157895,-0.4105815887920534
10024,1,2,5,2,1.0,-0.9104042053222656,1.0,0.8421052631578947,-0.6367191060931222
10025,1,2,5,4,1.0,-0.8879997730255127,1.0,0.7894736842105263,-0.5557067656088228
10026,1,2,5,6,1.0,-0.7945303916931152,1.0,0.7894736842105263,-0.5541341150731293
10027,1,2,5,7,1.0,-0.8604574203491211,1.0,0.7368421052631579,-0.4801559472846654
10028,1,2,5,9,1.0,-0.9463512897491455,1.0,0.8421052631578947,-0.6373865555585363
10029,1,2,5,12,1.0,-0.766899585723877,1.0,0.8421052631578947,-0.6343120976682721
10030,1,2,5,15,1.0,-0.8026540279388428,1.0,0.7368421052631579,-0.4791946124479912
10031,1,2,5,16,1.0,-0.66941237449646,1.0,0.6842105263157895,-0.4077041209610406
10032,1,2,5,17,1.0,-0.8618667125701904,1.0,0.7368421052631579,-0.4801802198646922
10033,1,2,5,18,1.0,-0.800875186920166,1.0,0.8421052631578947,-0.6348447585726817
10034,1,2,5,19,1.0,-0.7846689224243164,1.0,0.8421052631578947,-0.634587801100623
10035,1,2,6,4,1.0,-0.8224210739135742,1.0,0.8947368421052632,-0.7213440966381438
10036,1,2,6,6,1.0,-0.8118718862533569,1.0,0.7894736842105263,-0.554412689236775
10037,1,2,6,10,1.0,-0.8795220851898193,1.0,0.7368421052631579,-0.4804876685456932
10038,1,2,6,12,1.0,-0.8454968929290771,1.0,0.7368421052631579,-0.479900727521854
10039,1,2,6,15,1.0,-0.8175005912780762,1.0,0.7894736842105263,-0.5545044018072892
10040,1,2,6,17,1.0,-0.7380609512329102,1.0,0.8947368421052632,-0.7200276720873204
10041,1,2,6,20,1.0,-0.7739522457122803,1.0,0.7368421052631579,-0.4787420983487575
10042,1,2,7,3,1.0,-0.8518856763839722,1.0,0.9473684210526315,-0.8135271751587747
10043,1,2,7,5,1.0,-0.9228914976119995,1.0,0.9473684210526315,-0.8147873702661381
10044,1,2,7,6,1.0,-0.8379894495010376,1.0,0.8421052631578947,-0.6354530110971881
10045,1,2,7,8,1.0,-0.8351314067840576,1.0,0.8947368421052632,-0.7215547770759434
10046,1,2,7,11,1.0,-0.8881521224975586,1.0,0.7368421052631579,-0.4806402194892959
10047,1,2,7,13,1.0,-0.7723522186279297,1.0,0.7894736842105263,-0.553786609136084
10048,1,2,7,16,1.0,-0.8076711893081665,1.0,0.7368421052631579,-0.47927540506271143
10049,1,2,7,20,1.0,-1.0337718725204468,1.0,0.8947368421052632,-0.7252671752541165
10050,1,2,8,2,1.0,-0.7852284908294678,1.0,0.7368421052631579,-0.47891791539043
10051,1,2,8,3,1.0,-0.8649368286132812,1.0,0.7894736842105263,-0.5553024868148052
10052,1,2,8,6,1.0,-0.9667036533355713,1.0,0.8947368421052632,-0.7239254919436956
10053,1,2,8,7,1.0,-0.7965103387832642,1.0,0.8947368421052632,-0.7209246196078585
10054,1,2,8,8,1.0,-0.838829517364502,1.0,0.9473684210526315,-0.8133064326945125
10055,1,2,8,13,1.0,-0.8236968517303467,1.0,0.9473684210526315,-0.8130548481379978
10056,1,2,8,15,1.0,-0.8063232898712158,1.0,0.9473684210526315,-0.8127716555803803
10057,1,2,8,18,1.0,-1.0172770023345947,1.0,0.8947368421052632,-0.7249288574047608
10058,1,2,8,19,1.0,-1.9250444173812866,1.0,0.8947368421052632,-0.7516382924988808
10059,1,2,9,1,1.0,-0.8009743690490723,1.0,1.0,-0.9099155993987356
10060,1,2,9,2,1.0,-0.8285171985626221,1.0,0.7894736842105263,-0.5546857371230297
10061,1,2,9,3,1.0,-0.7225441932678223,1.0,0.8421052631578947,-0.6336514490346881
10062,1,2,9,5,1.0,-0.8130310773849487,1.0,0.6842105263157895,-0.409833187017688
10063,1,2,9,7,1.0,-0.8756930828094482,1.0,0.8947368421052632,-0.7222487161627753
10064,1,2,9,8,1.0,-0.9431812763214111,1.0,0.7368421052631579,-0.4816479867623596
10065,1,2,9,11,1.0,-1.5743190050125122,1.0,0.7894736842105263,-0.572606132935325
10066,1,2,9,16,1.0,-0.8539131879806519,1.0,0.9473684210526315,-0.8135617604285658
10067,1,2,9,17,1.0,-0.9803884029388428,1.0,0.8947368421052632,-0.724191946616142
10068,1,2,9,19,1.0,-0.8376038074493408,1.0,0.7368421052631579,-0.47976787894486306
10069,1,2,10,1,1.0,-0.8427759408950806,1.0,0.8421052631578947,-0.6355334607879535
10070,1,2,10,6,1.0,-0.9075663089752197,1.0,0.8421052631578947,-0.6366675139743067
10071,1,2,10,9,1.0,-0.7786257266998291,1.0,0.6842105263157895,-0.40928557191253906
10072,1,2,10,10,1.0,-0.6730326414108276,1.0,0.8421052631578947,-0.632960477286482
10073,1,2,10,12,1.0,-0.7305501699447632,1.0,0.631578947368421,-0.3445711075302238
10074,1,2,10,13,1.0,-0.7337241172790527,1.0,0.8947368421052632,-0.7199638432127414
10075,1,2,10,18,1.0,-0.9019029140472412,1.0,0.7368421052631579,-0.4808863662259958
10076,1,2,10,20,1.0,-0.8403592109680176,1.0,0.7368421052631579,-0.4798141135969146
10077,1,2,11,4,1.0,-0.7598526477813721,1.0,0.7368421052631579,-0.47852583802573034
10078,1,2,11,7,1.0,-0.7801991701126099,1.0,0.7894736842105263,-0.5539084370903332
10079,1,2,11,8,1.0,-0.7437425851821899,1.0,0.7894736842105263,-0.553352859970024
10080,1,2,11,9,1.0,-0.16678309440612793,1.0,0.7894736842105263,-0.548099495645686
10081,1,2,12,1,1.0,-0.7941057682037354,1.0,0.8421052631578947,-0.634736787633382
10082,1,2,12,2,1.0,-0.7718631029129028,1.0,0.7368421052631579,-0.47870980405871005
10083,1,2,12,9,1.0,-0.8537343740463257,1.0,0.9473684210526315,-0.8135587069167757
10084,1,2,12,11,1.0,-0.7964762449264526,1.0,0.7894736842105263,-0.5541650737272106
10085,1,2,12,14,1.0,-1.1862126588821411,1.0,0.7894736842105263,-0.5618923343608115
10086,1,2,12,17,1.0,-0.8186709880828857,1.0,0.8421052631578947,-0.6351329697897237
10087,1,2,12,18,1.0,-0.8167309761047363,1.0,0.7368421052631579,-0.4794225724356167
10088,1,2,12,20,1.0,-0.840945839881897,1.0,0.8421052631578947,-0.6355026469785843
10089,1,2,13,1,1.0,-0.829979419708252,1.0,0.5789473684210527,-0.2876739769309492
10090,1,2,13,4,1.0,-0.7806910276412964,1.0,0.7894736842105263,-0.5539161144462854
10091,1,2,13,5,1.0,-0.7835166454315186,1.0,0.631578947368421,-0.34537305535884316
10092,1,2,13,6,1.0,-0.8039915561676025,1.0,0.9473684210526315,-0.812734107326381
10093,1,2,13,8,1.0,-1.4732370376586914,1.0,0.7368421052631579,-0.4944563512536203
10094,1,2,13,12,1.0,-0.7714388370513916,1.0,0.8421052631578947,-0.6343819267155496
10095,1,2,13,13,1.0,-1.0054244995117188,1.0,0.8421052631578947,-0.6385395321646214
10096,1,2,13,18,1.0,-1.0646408796310425,1.0,0.8947368421052632,-0.7259149344357878
10097,1,2,13,19,1.0,-0.7957266569137573,1.0,0.7368421052631579,-0.4790838866875582
10098,1,2,14,1,1.0,-0.7827855348587036,1.0,0.7368421052631579,-0.478879609498167
10099,1,2,14,2,1.0,-0.7396335601806641,1.0,0.9473684210526315,-0.8117406611359481
10100,1,2,14,3,1.0,-0.723127007484436,1.0,0.8421052631578947,-0.6336598746119715
10101,1,2,14,4,1.0,-0.7952777147293091,1.0,0.6842105263157895,-0.4095476581252014
10102,1,2,14,6,1.0,-0.7533382177352905,1.0,0.8947368421052632,-0.7202555171129781
10103,1,2,14,7,1.0,-0.8023030757904053,1.0,0.8421052631578947,-0.634867650176665
10104,1,2,14,8,1.0,-0.8252310752868652,1.0,0.8947368421052632,-0.7213903956861634
10105,1,2,14,9,1.0,-0.80784010887146,1.0,0.9473684210526315,-0.8127961395175074
10106,1,2,14,20,1.0,-0.8479336500167847,1.0,0.7894736842105263,-0.555011244388197
10107,1,2,15,1,1.0,-0.8216071128845215,1.0,0.7368421052631579,-0.4795024600417511
10108,1,2,15,6,1.0,-0.752955436706543,1.0,0.7368421052631579,-0.47842149645898613
10109,1,2,15,11,1.0,-0.9882028102874756,1.0,0.8947368421052632,-0.7243457803525728
10110,1,2,15,14,1.0,0.01684427261352539,1.0168442726135254,0.7368421052631579,-0.472771759130139
10111,1,2,15,15,1.0168442726135254,-0.7220144271850586,1.0,0.8421052631578947,-0.6336437962530712
10112,1,2,15,16,1.0,-0.9273394346237183,1.0,0.47368421052631576,-0.18910789451938984
10113,1,2,15,18,1.0,-0.7749977111816406,1.0,0.7894736842105263,-0.553827544163257
10114,1,2,16,1,1.0,-0.8562644720077515,1.0,0.7894736842105263,-0.5551532181001163
10115,1,2,16,2,1.0,-0.8076014518737793,1.0,0.8421052631578947,-0.6349529489731239
10116,1,2,16,5,1.0,-0.7237200736999512,1.0,0.7368421052631579,-0.47798978501308936
10117,1,2,16,6,1.0,-0.6098750829696655,1.0,0.9473684210526315,-0.8099895592707655
10118,1,2,16,7,1.0,-0.9571990966796875,1.0,0.5789473684210527,-0.2899476196664008
10119,1,2,16,9,1.0,-1.4724910259246826,1.0,0.6842105263157895,-0.4249052899040379
10120,1,2,17,2,1.0,-1.3480039834976196,1.0,0.8947368421052632,-0.7327514798052267
10121,1,2,17,3,1.0,-0.7425253391265869,1.0,1.0,-0.9090134387924504
10122,1,2,17,4,1.0,-0.7614411115646362,1.0,0.8421052631578947,-0.6342286735862455
10123,1,2,17,5,1.0,-0.7825021743774414,1.0,0.8421052631578947,-0.6345538444514918
10124,1,2,17,6,1.0,-1.9881364107131958,1.0,0.7894736842105263,-0.5873481935159246
10125,1,2,17,7,1.0,-0.785024881362915,1.0,0.7368421052631579,-0.4789147182059153
10126,1,2,17,11,1.0,-0.8041907548904419,1.0,0.6842105263157895,-0.40969021939226324
10127,1,2,17,13,1.0,-1.989556074142456,1.0,0.8947368421052632,-0.7541636661315436
10128,1,2,17,15,1.0,-1.9999732971191406,1.0,0.8947368421052632,-0.7545792643018683
10129,1,2,17,19,1.0,-0.8717813491821289,1.0,0.7368421052631579,-0.48035210477014484
10130,1,2,18,8,1.0,-0.7440891265869141,1.0,0.9473684210526315,-0.8118067693855417
10131,1,2,18,11,1.0,-0.8038299083709717,1.0,0.9473684210526315,-0.8127315083184098
10132,1,2,18,12,1.0,-0.9945755004882812,1.0,0.8947368421052632,-0.7244721366716873
10133,1,2,18,15,1.0,-0.869598388671875,1.0,0.7894736842105263,-0.5553833432156964
10134,1,2,19,4,1.0,-0.8148589134216309,1.0,0.7368421052631579,-0.4793920280501535
10135,1,2,19,6,1.0,-1.0087825059890747,1.0,0.8947368421052632,-0.7247567538538682
10136,1,2,19,9,1.0,-1.833885908126831,1.0,0.7894736842105263,-0.5814527048801509
10137,1,2,19,11,1.0,-0.8085360527038574,1.0,0.631578947368421,-0.3457713775073799
10138,1,2,19,13,1.0,-0.9189746379852295,1.0,0.8421052631578947,-0.6368758917750384
10139,1,2,19,19,1.0,-0.695955753326416,1.0,0.7368421052631579,-0.4775956216682081
10140,1,2,20,3,1.0,-0.8210873603820801,1.0,0.7368421052631579,-0.47949392209611885
10141,1,2,20,4,1.0,-0.9276719093322754,1.0,0.8421052631578947,-0.6370364996360794
10142,1,2,20,5,1.0,-0.8355720043182373,1.0,0.8421052631578947,-0.6354125536664416
10143,1,2,20,8,1.0,-1.8121130466461182,1.0,0.9473684210526315,-0.8391076200407437
10144,1,2,20,9,1.0,-1.9887864589691162,1.0,0.7368421052631579,-0.5123047933561159
10145,1,2,20,14,1.0,-1.4910101890563965,1.0,0.7368421052631579,-0.49498319140102665
10146,1,2,21,4,1.0,-0.7325987815856934,1.0,0.631578947368421,-0.34460108176996895
10147,1,2,21,5,1.0,-1.8717182874679565,1.0,0.8947368421052632,-0.749613625886392
10148,1,2,21,6,1.0,-0.8265657424926758,1.0,0.8947368421052632,-0.7214124416765969
10149,1,2,21,12,1.0,-0.8365957736968994,1.0,0.7894736842105263,-0.5548202545255643
10150,1,2,21,13,1.0,-0.8684861660003662,1.0,0.8947368421052632,-0.7221230146153124
10151,1,2,21,14,1.0,-0.8244462013244629,1.0,0.8421052631578947,-0.6352278633112209
10152,1,2,21,15,1.0,-0.782986044883728,1.0,0.8947368421052632,-0.7207110038747988
10153,1,2,21,18,1.0,1.1687040328979492,2.168704032897949,0.631578947368421,-0.3540614672201778
10154,1,2,22,1,2.168704032897949,-0.8901807069778442,1.278523325920105,0.6842105263157895,-0.4114257319264265
10155,1,2,22,3,1.278523325920105,-0.7789899110794067,1.0,0.8421052631578947,-0.6344990007380726
10156,1,2,22,4,1.0,-1.4358166456222534,1.0,0.9473684210526315,-0.8268857775009524
10157,1,2,22,5,1.0,-0.8146548271179199,1.0,0.8421052631578947,-0.6350673727959029
10158,1,2,22,6,1.0,-0.810297966003418,1.0,0.7894736842105263,-0.554387157576982
10159,1,2,22,7,1.0,-0.8868993520736694,1.0,0.7894736842105263,-0.5556872342469761
10160,1,2,22,9,1.0,-0.6101388931274414,1.0,0.8947368421052632,-0.71830302709904
10161,1,2,22,10,1.0,-0.7714581489562988,1.0,0.9473684210526315,-0.8122215598584037
10162,1,2,22,13,1.0,-0.7289330959320068,1.0,0.8421052631578947,-0.6337441825058878
10163,1,2,22,14,1.0,-0.7632467746734619,1.0,0.8421052631578947,-0.6342562043129321
10164,1,2,22,16,1.0,-0.8090615272521973,1.0,0.7894736842105263,-0.5543671351886857
10165,1,2,22,17,1.0,-0.90397047996521,1.0,0.9473684210526315,-0.8144417093889782
10166,1,2,22,19,1.0,-1.0164934396743774,1.0,0.7368421052631579,-0.4830846666913372
10167,1,2,23,5,1.0,-0.7967913150787354,1.0,0.7368421052631579,-0.47910084156017574
10168,1,2,23,6,1.0,-0.8102248907089233,1.0,0.8947368421052632,-0.7211449761452151
10169,1,2,23,7,1.0,-0.9847452640533447,1.0,0.8947368421052632,-0.7242775647607271
10170,1,2,23,8,1.0,-0.7998071908950806,1.0,0.6842105263157895,-0.40961990711582547
10171,1,2,23,10,1.0,-0.8233916759490967,1.0,0.8947368421052632,-0.7213600709301948
10172,1,2,23,12,1.0,-0.7552249431610107,1.0,0.7368421052631579,-0.47845572471005227
10173,1,2,23,13,1.0,-0.8320238590240479,1.0,1.0,-0.9104226370198527
10174,1,2,23,16,1.0,-0.8677518367767334,1.0,1.0,-0.9110299325022939
10175,1,2,23,17,1.0,-0.989450216293335,1.0,0.9473684210526315,-0.8160602004077222
10176,1,2,23,18,1.0,-0.9700379371643066,1.0,0.8421052631578947,-0.6378404839178174
10177,1,2,23,20,1.0,-0.948258638381958,1.0,0.8947368421052632,-0.7235722768626323
10178,1,2,24,3,1.0,-0.841776967048645,1.0,0.8947368421052632,-0.7216662170325083
10179,1,2,24,5,1.0,-0.7433630228042603,1.0,0.7368421052631579,-0.4782779633990536
10180,1,2,24,8,1.0,-0.8206839561462402,1.0,1.0,-0.9102352215587584
10181,1,2,24,10,1.0,-0.8357781171798706,1.0,0.7894736842105263,-0.5548065802514565
10182,1,2,24,16,1.0,-1.0244194269180298,1.0,0.8421052631578947,-0.6389250995449083
10183,1,2,24,17,1.0,-0.8171854019165039,1.0,0.9473684210526315,-0.8129480029135473
10184,1,2,24,18,1.0,-0.9128310680389404,1.0,0.8421052631578947,-0.6367633535102087
10185,1,2,24,19,1.0,-0.8157222270965576,1.0,0.7368421052631579,-0.47940610508012044
10186,1,2,25,4,1.0,-0.8817107677459717,1.0,0.7368421052631579,-0.48052621634191867
10187,1,2,25,6,1.0,-0.8629809617996216,1.0,1.0,-0.910947361404286
10188,1,2,25,9,1.0,-0.797147274017334,1.0,0.9473684210526315,-0.8126245208672256
10189,1,2,25,10,1.0,-0.7196269035339355,1.0,0.7894736842105263,-0.5529999584427876
10190,1,2,25,16,1.0,-0.7371673583984375,1.0,0.8421052631578947,-0.6338649050653189
10191,1,2,25,17,1.0,-0.7646851539611816,1.0,0.7894736842105263,-0.5536687634867755
10192,1,2,26,1,1.0,-0.7941784858703613,1.0,0.7894736842105263,-0.5541285243140825
10193,1,2,26,2,1.0,-0.9147225618362427,1.0,0.8947368421052632,-0.7229475060612948
10194,1,2,26,3,1.0,-1.8474596738815308,1.0,0.8421052631578947,-0.6625618203886221
10195,1,2,26,5,1.0,-0.8103599548339844,1.0,0.8421052631578947,-0.634997580486423
10196,1,2,26,6,1.0,-0.8215305805206299,1.0,0.8421052631578947,-0.6351798728697432
10197,1,2,26,7,1.0,-0.85622239112854,1.0,0.7894736842105263,-0.5551524974705879
10198,1,2,26,8,1.0,-1.193576693534851,1.0,0.8421052631578947,-0.6426770011559335
10199,1,2,26,9,1.0,-0.7629283666610718,1.0,0.8947368421052632,-0.7204009293365335
10200,1,2,26,12,1.0,-0.6947128772735596,1.0,0.7368421052631579,-0.47757833738082384
10201,1,2,26,16,1.0,-0.8070831298828125,1.0,0.6842105263157895,-0.40973682347516505
10202,1,2,27,2,1.0,-0.8839473724365234,1.0,0.7894736842105263,-0.5556349592122635
10203,1,2,27,7,1.0,-0.8332642316818237,1.0,0.7368421052631579,-0.4796953703603297
10204,1,2,27,8,1.0,-1.9938751459121704,1.0,0.8421052631578947,-0.6681861288973003
10205,1,2,27,9,1.0,-0.732957124710083,1.0,0.8947368421052632,-0.7199525938766049
10206,1,2,27,13,1.0,-1.8130252361297607,1.0,0.7894736842105263,-0.5806919347083229
10207,1,2,27,14,1.0,-1.0115412473678589,1.0,0.7894736842105263,-0.5580534865911544
10208,1,2,27,18,1.0,-0.9067350625991821,1.0,0.7894736842105263,-0.5560430143773566
10209,1,2,27,20,1.0,-0.8462469577789307,1.0,0.7894736842105263,-0.5549826687753902
10210,1,2,28,3,1.0,-1.9622009992599487,1.0,0.7894736842105263,-0.5863236572548566
10211,1,2,28,6,1.0,-0.7919197082519531,1.0,0.6842105263157895,-0.40949435993292926
10212,1,2,28,7,1.0,-0.762967586517334,1.0,0.8421052631578947,-0.6342519433031985
10213,1,2,28,14,1.0,-1.0081180334091187,1.0,1.0,-0.9136630196928467
10214,1,2,28,18,1.0,-0.8362523317337036,1.0,0.8421052631578947,-0.6354239275457382
10215,1,2,29,1,1.0,-0.8316619396209717,1.0,0.8947368421052632,-0.7214969482281134
10216,1,2,29,5,1.0,-0.8849058151245117,1.0,0.8421052631578947,-0.6362613309388494
10217,1,2,29,8,1.0,-0.823270320892334,1.0,0.8421052631578947,-0.6352084881350593
10218,1,2,29,13,1.0,-0.7974934577941895,1.0,0.8947368421052632,-0.7209402905622175
10219,1,2,29,18,1.0,-0.7550818920135498,1.0,0.8421052631578947,-0.6341322345589052
10220,1,2,29,19,1.0,-0.8285698890686035,1.0,0.8947368421052632,-0.7214456130206838
10221,1,2,30,1,1.0,-0.6725171804428101,1.0,0.7894736842105263,-0.5523441232197966
10222,1,2,30,2,1.0,-0.862682580947876,1.0,0.8421052631578947,-0.6358729602771465
10223,1,2,30,4,1.0,-0.7486515045166016,1.0,0.7894736842105263,-0.5534261203920389
10224,1,2,30,5,1.0,-0.8337962627410889,1.0,0.8421052631578947,-0.6353829100000477
10225,1,2,30,8,1.0,-0.30968010425567627,1.0,0.8421052631578947,-0.6293897655921556
10226,1,2,30,10,1.0,-1.2871909141540527,1.0,0.7894736842105263,-0.5643899341346966
10227,1,2,30,11,1.0,-0.8786838054656982,1.0,1.0,-0.9112208522998768
10228,1,2,30,12,1.0,-0.9049422740936279,1.0,0.7368421052631579,-0.4809412827567442
10229,1,2,30,15,1.0,-1.9993607997894287,1.0,0.8947368421052632,-0.7545547684873184
10230,1,2,30,16,1.0,-0.9464612007141113,1.0,0.8421052631578947,-0.6373886359670096
10231,1,2,30,17,1.0,-0.8127946853637695,1.0,0.7368421052631579,-0.4793584295678826
10232,1,2,30,18,1.0,-0.8085014820098877,1.0,0.7368421052631579,-0.47928882402644857
10233,1,2,31,1,1.0,-0.9477581977844238,1.0,0.6842105263157895,-0.41220544770442646
10234,1,2,31,3,1.0,-0.8066601753234863,1.0,0.8947368421052632,-0.7210873387945014
10235,1,2,31,4,1.0,-1.3635512590408325,1.0,0.8947368421052632,-0.7331730527702907
10236,1,2,31,5,1.0,-0.8691580295562744,1.0,0.631578947368421,-0.34678842882558203
10237,1,2,31,6,1.0,-0.8313909769058228,1.0,0.7368421052631579,-0.47966418712713094
10238,1,2,31,7,1.0,-0.9072738885879517,1.0,0.8421052631578947,-0.6366622070115726
10239,1,2,31,8,1.0,-0.8184709548950195,1.0,0.6842105263157895,-0.4099219387298183
10240,1,2,31,10,1.0,-0.8368198871612549,1.0,0.9473684210526315,-0.8132727583379786
10241,1,2,31,14,1.0,-0.8045699596405029,1.0,0.7894736842105263,-0.5542946578394484
10242,1,2,31,16,1.0,-1.9999979734420776,1.0,0.8947368421052632,-0.7545802513476964
10243,1,2,31,17,1.0,-0.7946666479110718,1.0,0.9473684210526315,-0.8125850339155152
10244,1,2,31,19,1.0,-0.8933804035186768,1.0,0.8421052631578947,-0.6364120333763496
10245,1,2,32,1,1.0,-1.0302611589431763,1.0,1.0,-0.9141143805562694
10246,1,2,32,3,1.0,-0.7815647125244141,1.0,0.7894736842105263,-0.5539297636385229
10247,1,2,32,4,1.0,-0.8445918560028076,1.0,0.6842105263157895,-0.41035634572201335
10248,1,2,32,7,1.0,-0.7809878587722778,1.0,0.7894736842105263,-0.5539207499953862
10249,1,2,32,8,1.0,0.41565561294555664,1.4156556129455566,0.5263157894736842,-0.23002008280061603
10250,1,2,32,9,1.4156556129455566,-0.8785468339920044,1.0,0.8421052631578947,-0.6361491933176113
10251,1,2,32,10,1.0,-0.8823298215866089,1.0,0.8421052631578947,-0.6362158070630481
10252,1,2,32,11,1.0,-0.7872574329376221,1.0,0.7894736842105263,-0.5540190722970445
10253,1,2,32,20,1.0,-1.9999827146530151,1.0,0.9473684210526315,-0.8462693916916013
10254,1,2,33,1,1.0,-0.7468857765197754,1.0,0.8421052631578947,-0.6340091315541131
10255,1,2,33,3,1.0,-0.921011209487915,1.0,0.8421052631578947,-0.6369133644024615
10256,1,2,33,5,1.0,-0.7292723655700684,1.0,1.0,-0.9088183818318416
10257,1,2,33,8,1.0,-1.9663952589035034,1.0,0.7894736842105263,-0.5864884327822709
10258,1,2,33,9,1.0,-0.8864095211029053,1.0,0.6842105263157895,-0.4110802100807695
10259,1,2,33,12,1.0,-0.9740583896636963,1.0,0.8421052631578947,-0.6379186453871799
10260,1,2,33,17,1.0,-1.0033044815063477,1.0,0.631578947368421,-0.34930027084826776
10261,1,2,33,19,1.0,-1.9995890855789185,1.0,0.7894736842105263,-0.5878048947515525
10262,1,2,34,1,1.0,-0.740959882736206,1.0,0.6842105263157895,-0.4087132071679952
10263,1,2,34,2,1.0,-0.8013277053833008,1.0,0.7368421052631579,-0.4791733384764754
10264,1,2,34,4,1.0,-0.8500487804412842,1.0,0.9473684210526315,-0.81349591239379
10265,1,2,34,5,1.0,-0.8030858039855957,1.0,0.8421052631578947,-0.6348802160080695
10266,1,2,34,6,1.0,-0.8158043622970581,1.0,0.7368421052631579,-0.47940744513775585
10267,1,2,34,8,1.0,-1.087866187095642,1.0,1.0,-0.9153345284102601
10268,1,2,34,9,1.0,-1.9260228872299194,1.0,0.7368421052631579,-0.5098477191836615
10269,1,2,34,13,1.0,-1.898087501525879,1.0,0.7894736842105263,-0.5838486912743767
10270,1,2,35,1,1.0,-0.7373850345611572,1.0,0.8947368421052632,-0.7200176993019198
10271,1,2,35,3,1.0,-0.7372431755065918,1.0,0.7368421052631579,-0.47818735256063716
10272,1,2,35,4,1.0,-0.7345657348632812,1.0,0.9473684210526315,-0.8116659512908453
10273,1,2,35,5,1.0,-0.8185521364212036,1.0,0.8421052631578947,-0.6351310239228347
10274,1,2,35,7,1.0,-1.9885634183883667,1.0,0.8947368421052632,-0.7541241770994964
10275,1,2,35,9,1.0,-0.8678808212280273,1.0,0.7368421052631579,-0.4802842487608811
10276,1,2,35,12,1.0,-0.8094371557235718,1.0,0.7368421052631579,-0.4793039626529854
10277,1,2,35,15,1.0,-0.9029276371002197,1.0,0.6842105263157895,-0.41137577486814453
10278,1,2,35,16,1.0,-0.8162211179733276,1.0,0.9473684210526315,-0.8129322522367493
10279,1,2,36,4,1.0,-0.955368161201477,1.0,0.8421052631578947,-0.6375580311568125
10280,1,2,36,5,1.0,-0.862235426902771,1.0,0.7894736842105263,-0.5552558289539512
10281,1,2,36,6,1.0,-0.8027949333190918,1.0,0.8421052631578947,-0.6348755449720657
10282,1,2,36,8,1.0,-0.7338681221008301,1.0,0.7894736842105263,-0.5532069538462472
10283,1,2,36,9,1.0,-0.90662682056427,1.0,0.7894736842105263,-0.5560410515575539
10284,1,2,36,10,1.0,-0.8091353178024292,1.0,0.7894736842105263,-0.5543683292650415
10285,1,2,36,13,1.0,-0.7675437927246094,1.0,0.7894736842105263,-0.5537125643773899
10286,1,2,36,17,1.0,-0.8176159858703613,1.0,0.6842105263157895,-0.4099079506932583
10287,1,2,37,1,1.0,-0.7849088907241821,1.0,0.8421052631578947,-0.6345915675898163
10288,1,2,37,2,1.0,-0.738910436630249,1.0,0.8947368421052632,-0.7200402187435833
10289,1,2,37,3,1.0,-1.9979056119918823,1.0,0.8421052631578947,-0.6683470162667242
10290,1,2,37,4,1.0,-1.9011590480804443,1.0,0.8421052631578947,-0.664574805183419
10291,1,2,37,6,1.0,-1.7246215343475342,1.0,1.0,-0.9332431943673524
10292,1,2,37,7,1.0,-0.8167352676391602,1.0,0.6842105263157895,-0.4098935566638068
10293,1,2,37,11,1.0,-0.8552002906799316,1.0,0.7894736842105263,-0.5551350050116796
10294,1,2,37,12,1.0,-2.0,1.0,0.8421052631578947,-0.6684307479224376
10295,1,2,37,19,1.0,-0.7010595798492432,1.0,0.8421052631578947,-0.6333455932674216
10296,1,2,38,3,1.0,-0.7114983797073364,1.0,0.6842105263157895,-0.4082852911330123
10297,1,2,38,5,1.0,-0.8927335739135742,1.0,0.9473684210526315,-0.814239815442418
10298,1,2,38,6,1.0,-0.8353931903839111,1.0,0.7368421052631579,-0.47973089538772484
10299,1,2,38,7,1.0,-0.8239092826843262,1.0,0.7368421052631579,-0.47954034262326073
10300,1,2,38,8,1.0,-0.8000848293304443,1.0,0.8947368421052632,-0.7209816897512195
10301,1,2,38,14,1.0,-0.7892470359802246,1.0,0.9473684210526315,-0.8124991919405287
10302,1,2,38,18,1.0,-0.8032910823822021,1.0,0.8421052631578947,-0.6348835135527853
10303,1,2,39,2,1.0,-0.8257265090942383,1.0,1.0,-0.9103182426782095
10304,1,2,39,10,1.0,-1.014449119567871,1.0,0.7894736842105263,-0.5581123998018095
10305,1,2,39,11,1.0,-0.7676271200180054,1.0,0.7368421052631579,-0.4786445915161981
10306,1,2,39,13,1.0,-0.808483362197876,1.0,0.9473684210526315,-0.8128065365720007
10307,1,2,39,17,1.0,-0.7022557258605957,1.0,0.8421052631578947,-0.6333623789674775
10308,1,2,40,2,1.0,-0.7279611825942993,1.0,0.7894736842105263,-0.5531206044735301
10309,1,2,40,5,1.0,-0.9127054214477539,1.0,0.7368421052631579,-0.48108238942572795
10310,1,2,40,6,1.0,-1.860970139503479,1.0,0.7368421052631579,-0.5073841761635627
10311,1,2,40,10,1.0,-0.8332481384277344,1.0,0.7894736842105263,-0.554764354241822
10312,1,2,40,18,1.0,-0.8255190849304199,1.0,0.6842105263157895,-0.41003780928559425
10313,1,2,40,19,1.0,-1.1155844926834106,1.0,0.7894736842105263,-0.5602666172430462
10314,1,2,41,1,1.0,-0.7989561557769775,1.0,0.5789473684210527,-0.287168627948096
10315,1,2,41,3,1.0,-0.740210771560669,1.0,0.6842105263157895,-0.4087021115530951
10316,1,2,41,4,1.0,-0.845858097076416,1.0,0.6842105263157895,-0.41037775089364803
10317,1,2,41,5,1.0,-0.8213620185852051,1.0,0.8947368421052632,-0.7213266880657159
10318,1,2,41,6,1.0,-0.7077481746673584,1.0,0.7894736842105263,-0.552830404427339
10319,1,2,41,8,1.0,-0.7672317028045654,1.0,0.8421052631578947,-0.6343171927803215
10320,1,2,41,9,1.0,-0.8220242261886597,1.0,0.7894736842105263,-0.5545785679242998
10321,1,2,41,18,1.0,-0.6901639699935913,1.0,0.7368421052631579,-0.4775153406170999
10322,1,2,42,2,1.0,-0.7974569797515869,1.0,0.8947368421052632,-0.7209397087555174
10323,1,2,42,3,1.0,-0.8847005367279053,1.0,0.8947368421052632,-0.7224072828068386
10324,1,2,42,4,1.0,-0.6840112209320068,1.0,0.7894736842105263,-0.5525000431434981
10325,1,2,42,6,1.0,-1.551406741142273,1.0,0.7894736842105263,-0.5718899584045061
10326,1,2,42,7,1.0,-1.0819429159164429,1.0,0.7894736842105263,-0.5595273343729069
10327,1,2,42,8,1.0,-0.7596175670623779,1.0,0.7368421052631579,-0.4785222660442244
10328,1,2,42,9,1.0,-0.7924783229827881,1.0,0.6842105263157895,-0.4095032106137268
10329,1,2,42,10,1.0,-0.7328939437866211,1.0,0.7368421052631579,-0.4781234128907178
10330,1,2,42,11,1.0,-0.8155829906463623,1.0,0.8421052631578947,-0.6350825040687542
10331,1,2,42,12,1.0,-0.8383481502532959,1.0,0.8947368421052632,-0.7216086086203034
10332,1,2,42,13,1.0,-1.9965078830718994,1.0,0.5263157894736842,-0.2677371685736214
10333,1,2,42,16,1.0,-1.008283019065857,1.0,0.8421052631578947,-0.6385970943878032
10334,1,2,42,19,1.0,-0.9005663394927979,1.0,0.8947368421052632,-0.7226905297282468
10335,1,2,42,20,1.0,-0.7185235023498535,1.0,0.8947368421052632,-0.7197430926442632
10336,1,2,43,1,1.0,-0.8596851825714111,1.0,0.8947368421052632,-0.7219709185413006
10337,1,2,43,3,1.0,-0.8656376600265503,1.0,0.9473684210526315,-0.8137633686870553
10338,1,2,43,5,1.0,-0.738090991973877,1.0,0.7894736842105263,-0.553269112764219
10339,1,2,43,6,1.0,-0.5915050506591797,1.0,0.8947368421052632,-0.7180791146595253
10340,1,2,43,8,1.0,-0.9605162143707275,1.0,0.8421052631578947,-0.6376566619031283
10341,1,2,43,10,1.0,-0.7235585451126099,1.0,0.8421052631578947,-0.6336661176044923
10342,1,2,43,11,1.0,-0.8443472385406494,1.0,0.7368421052631579,-0.4798813001546389
10343,1,2,43,12,1.0,-0.8114113807678223,1.0,0.7368421052631579,-0.4793359618507222
10344,1,2,43,16,1.0,-0.7655823230743408,1.0,0.7894736842105263,-0.5536824925739282
10345,1,2,43,18,1.0,-0.9442752599716187,1.0,0.8947368421052632,-0.7234968900759169
10346,1,2,44,5,1.0,-0.6953316926956177,1.0,0.8947368421052632,-0.7194151940386417
10347,1,2,44,10,1.0,-0.8502364158630371,1.0,0.8421052631578947,-0.6356597675510338
10348,1,2,44,15,1.0,-0.8783398866653442,1.0,0.7368421052631579,-0.48046688712739966
10349,1,2,44,19,1.0,-0.9257222414016724,1.0,0.8947368421052632,-0.7231499490922295
10350,1,2,45,1,1.0,-0.9459254741668701,1.0,0.7368421052631579,-0.4816998275891049
10351,1,2,45,2,1.0,-0.7956480979919434,1.0,0.631578947368421,-0.3455646309805425
10352,1,2,45,4,1.0,-0.7799580097198486,1.0,0.7894736842105263,-0.5539046746091506
10353,1,2,45,6,1.0,-0.8077075481414795,1.0,0.6842105263157895,-0.4097469065229979
10354,1,2,45,8,1.0,-0.8035457134246826,1.0,0.7368421052631579,-0.47920893469795856
10355,1,2,45,10,1.0,-0.7938427925109863,1.0,0.8421052631578947,-0.634732611714654
10356,1,2,45,11,1.0,-0.8189098834991455,1.0,0.9473684210526315,-0.8129762170754188
10357,1,2,45,13,1.0,-1.9999676942825317,1.0,0.7894736842105263,-0.587820037421627
10358,1,2,45,14,1.0,-0.7223261594772339,1.0,0.8421052631578947,-0.6336482987290889
10359,1,2,45,15,1.0,-0.9897418022155762,1.0,0.7894736842105263,-0.5576172179904185
10360,1,2,46,1,1.0,-1.3033756017684937,1.0,0.8421052631578947,-0.6454186275152914
10361,1,2,46,4,1.0,-0.886713981628418,1.0,0.9473684210526315,-0.8141326999546461
10362,1,2,46,6,1.0,-0.7712407112121582,1.0,0.7368421052631579,-0.4787001999086371
10363,1,2,46,8,1.0,-1.964103102684021,1.0,0.9473684210526315,-0.8448470930822229
10364,1,2,46,11,1.0,-0.8634161949157715,1.0,0.9473684210526315,-0.8137249583589212
10365,1,2,46,13,1.0,-0.7694077491760254,1.0,0.7368421052631579,-0.4786719604072479
10366,1,2,46,15,1.0,-1.0467158555984497,1.0,0.6842105263157895,-0.41417913251336264
10367,1,2,46,17,1.0,-0.9235172271728516,1.0,0.7894736842105263,-0.5563501703287395
10368,1,2,46,18,1.0,-1.6125138998031616,1.0,0.7894736842105263,-0.5738233404104732
10369,1,2,46,19,1.0,-0.7852271795272827,1.0,1.0,-0.9096658172346836
10370,1,2,46,20,1.0,-0.7858374118804932,1.0,1.0,-0.9096754043791103
10371,1,2,47,2,1.0,-0.7962969541549683,1.0,0.8421052631578947,-0.6347716363144024
10372,1,2,47,3,1.0,-0.707294225692749,1.0,0.7368421052631579,-0.4777547287793098
10373,1,2,47,4,1.0,-0.7283935546875,1.0,0.7368421052631579,-0.47805764926742966
10374,1,2,47,5,1.0,-1.9043751955032349,1.0,0.7894736842105263,-0.584087778492369
10375,1,2,47,7,1.0,-0.9092428684234619,1.0,0.6842105263157895,-0.4114902176275399
10376,1,2,47,8,1.0,-0.7836244106292725,1.0,0.8421052631578947,-0.6345714200917784
10377,1,2,47,9,1.0,-0.8411264419555664,1.0,0.6842105263157895,-0.410297928603319
10378,1,2,47,10,1.0,-0.8837141990661621,1.0,0.631578947368421,-0.347043579878472
10379,1,2,47,14,1.0,-0.8129900693893433,1.0,0.7894736842105263,-0.5544308581691461
10380,1,2,47,18,1.0,-1.8586698770523071,1.0,0.8947368421052632,-0.7491268695285886
10381,1,2,47,19,1.0,-0.6876246929168701,1.0,0.7368421052631579,-0.47748035474541695
10382,1,2,47,20,1.0,-0.8490657806396484,1.0,0.8947368421052632,-0.7217894594085044
10383,1,2,48,10,1.0,-0.7418848276138306,1.0,0.9473684210526315,-0.811774014076929
10384,1,2,48,14,1.0,-0.9561741352081299,1.0,0.7368421052631579,-0.4818947673307369
10385,1,2,48,16,1.0,-1.7314897775650024,1.0,0.7894736842105263,-0.5778018981380102
10386,1,2,49,2,1.0,-1.8414011001586914,1.0,0.7368421052631579,-0.5066596576789831
10387,1,2,49,5,1.0,-0.7254548072814941,1.0,0.8421052631578947,-0.6336935946965159
10388,1,2,49,6,1.0,-0.8084807395935059,1.0,0.6842105263157895,-0.4097594027526873
10389,1,2,49,7,1.0,-0.9573187828063965,1.0,0.8421052631578947,-0.6375953404415768
10390,1,2,49,8,1.0,-0.8366316556930542,1.0,0.9473684210526315,-0.8132696083755699
10391,1,2,49,10,1.0,1.998309850692749,2.998309850692749,0.5263157894736842,-0.26980746374638853
10392,1,2,49,11,2.998309850692749,-0.8287447690963745,2.1695650815963745,0.5789473684210527,-0.28882306256419915
10393,1,2,49,13,2.1695650815963745,-0.8615562915802002,1.3080087900161743,0.631578947368421,-0.346964873247791
10394,1,2,49,15,1.3080087900161743,-0.7302284240722656,1.0,0.7368421052631579,-0.4780844130755574
10395,1,2,49,19,1.0,-0.8273392915725708,1.0,0.8421052631578947,-0.6352756509562356
10396,1,2,49,20,1.0,-1.2396739721298218,1.0,0.6842105263157895,-0.418590907261512
10397,1,2,50,2,1.0,-1.003914475440979,1.0,0.7368421052631579,-0.4828305203023261
10398,1,2,50,4,1.0,-0.8397583961486816,1.0,0.8947368421052632,-0.7216322740489942
10399,1,2,50,5,1.0,-0.7263549566268921,1.0,0.7368421052631579,-0.47802799279249125
10400,1,2,50,7,1.0,-0.866468071937561,1.0,0.7894736842105263,-0.5553289988367611
10401,1,2,50,10,1.0,-0.8164553642272949,1.0,0.7894736842105263,-0.5544873232576444
10402,1,2,50,11,1.0,-0.7680069208145142,1.0,0.8421052631578947,-0.6343290942266275
10403,1,2,50,20,1.0,-1.8972594738006592,1.0,0.7894736842105263,-0.5838172647491527
10404,1,2,51,4,1.0,-0.8204362392425537,1.0,0.7894736842105263,-0.5545524858665138
10405,1,2,51,5,1.0,-0.9763543605804443,1.0,0.8421052631578947,-0.637963426296682
10406,1,2,51,7,1.0,-0.788245677947998,1.0,0.7368421052631579,-0.4789653900503637
10407,1,2,51,8,1.0,-0.8176305294036865,1.0,0.7894736842105263,-0.5545065264660187
10408,1,2,51,11,1.0,-0.7939271926879883,1.0,0.8421052631578947,-0.6347339517953319
10409,1,2,51,14,1.0,-1.0323277711868286,1.0,0.9473684210526315,-0.8169270893741286
10410,1,2,51,16,1.0,-1.9987657070159912,1.0,0.7894736842105263,-0.5877719731553205
10411,1,2,51,17,1.0,-0.8431687355041504,1.0,0.9473684210526315,-0.8133794182678096
10412,1,2,51,18,1.0,-0.7134108543395996,1.0,0.7368421052631579,-0.47784162803322233
10413,1,2,51,20,1.0,-1.1638797521591187,1.0,0.7368421052631579,-0.48629823833718644
10414,1,2,52,3,1.0,-0.8676642179489136,1.0,0.7894736842105263,-0.5553497415909782
10415,1,2,52,7,1.0,-0.8216540813446045,1.0,0.9473684210526315,-0.8130212373963954
10416,1,2,52,8,1.0,-0.8428187370300293,1.0,0.7894736842105263,-0.5549247638747781
10417,1,2,52,10,1.0,-0.831163763999939,1.0,0.7894736842105263,-0.5547296616657547
10418,1,2,52,11,1.0,-0.9066500663757324,1.0,0.8421052631578947,-0.6366508913510288
10419,1,2,52,12,1.0,0.08095216751098633,1.0809521675109863,0.9473684210526315,-0.8064165678042512
10420,1,2,52,15,1.0809521675109863,-0.776641845703125,1.0,0.8947368421052632,-0.7206120579749438
10421,1,2,52,17,1.0,-0.9372806549072266,1.0,0.9473684210526315,-0.8150550333631261
10422,1,2,52,20,1.0,-0.8597354888916016,1.0,0.8947368421052632,-0.721971783518569
10423,1,2,53,1,1.0,-0.8130226135253906,1.0,0.7894736842105263,-0.5544313873409258
10424,1,2,53,3,1.0,-0.8058257102966309,1.0,0.7894736842105263,-0.5543148803936399
10425,1,2,53,4,1.0,-0.7988321781158447,1.0,0.8947368421052632,-0.7209616608979053
10426,1,2,53,6,1.0,-0.7382341623306274,1.0,0.7894736842105263,-0.5532712264242092
10427,1,2,53,7,1.0,-0.6306562423706055,1.0,0.7894736842105263,-0.5517986026002993
10428,1,2,53,9,1.0,-0.8464674949645996,1.0,0.8947368421052632,-0.7217454046102887
10429,1,2,53,10,1.0,-0.7682405710220337,1.0,0.7894736842105263,-0.5537232653895318
10430,1,2,53,13,1.0,-0.791776180267334,1.0,0.8421052631578947,-0.6346998431188249
10431,1,2,53,17,1.0,-0.825667142868042,1.0,0.8947368421052632,-0.721397594718091
10432,1,2,53,19,1.0,-0.7712500095367432,1.0,0.8947368421052632,-0.7205285981820765
10433,1,2,54,1,1.0,-0.9118940830230713,1.0,0.8421052631578947,-0.6367462561089625
10434,1,2,54,2,1.0,-0.8792517185211182,1.0,0.7368421052631579,-0.4804829134075501
10435,1,2,54,6,1.0,-1.0171828269958496,1.0,0.8947368421052632,-0.7249269414453249
10436,1,2,54,7,1.0,-0.7258124351501465,1.0,0.9473684210526315,-0.8115381200126788
10437,1,2,54,10,1.0,-0.7341518402099609,1.0,0.8421052631578947,-0.6338205371672743
10438,1,2,55,2,1.0,-0.753887414932251,1.0,0.631578947368421,-0.34491753436609285
10439,1,2,55,3,1.0,-0.8972479104995728,1.0,0.8947368421052632,-0.7226308705389307
10440,1,2,55,4,1.0,-0.8059291839599609,1.0,0.7894736842105263,-0.5543165481354728
10441,1,2,55,5,1.0,-0.8262519836425781,1.0,0.7368421052631579,-0.4795790009670597
10442,1,2,55,6,1.0,-1.999999761581421,1.0,0.8947368421052632,-0.7545803228732296
10443,1,2,55,7,1.0,-0.8483585119247437,1.0,0.8421052631578947,-0.6356278695699893
10444,1,2,55,17,1.0,-0.8537285327911377,1.0,0.9473684210526315,-0.81355860717951
10445,1,2,55,19,1.0,-1.2591869831085205,1.0,0.8947368421052632,-0.7304358509942716
10446,1,2,56,1,1.0,-0.756890058517456,1.0,0.8421052631578947,-0.6341595735292631
10447,1,2,56,2,1.0,-0.7852792739868164,1.0,0.9473684210526315,-0.8124367184840255
10448,1,2,56,3,1.0,-0.8030431270599365,1.0,0.7368421052631579,-0.47920086020150876
10449,1,2,56,4,1.0,-0.8453176021575928,1.0,0.8421052631578947,-0.6355763664076122
10450,1,2,56,5,1.0,-0.8261308670043945,1.0,0.7368421052631579,-0.4795769996565011
10451,1,2,56,8,1.0,-1.7507494688034058,1.0,0.8421052631578947,-0.6590819849475916
10452,1,2,56,9,1.0,-1.998099684715271,1.0,0.7894736842105263,-0.5877453531404818
10453,1,2,56,13,1.0,-0.8356239795684814,1.0,0.8947368421052632,-0.7215630067622709
10454,1,2,56,16,1.0,-0.8122051954269409,1.0,0.8421052631578947,-0.6350275207172227
10455,1,2,56,17,1.0,-0.9494590759277344,1.0,0.7368421052631579,-0.4817668029309422
10456,1,2,56,18,1.0,-1.3637845516204834,1.0,0.7894736842105263,-0.5664204126722759
10457,1,2,56,20,1.0,-0.9397308826446533,1.0,0.6842105263157895,-0.41205393300771165
10458,1,2,57,1,1.0,-1.5533087253570557,1.0,0.8421052631578947,-0.6525584278851412
10459,1,2,57,7,1.0,-0.9028215408325195,1.0,0.7894736842105263,-0.5559721969858012
10460,1,2,57,8,1.0,-0.8033993244171143,1.0,0.7894736842105263,-0.5542758343846279
10461,1,2,57,10,1.0,-0.747312068939209,1.0,0.7368421052631579,-0.47833683084614875
10462,1,2,57,12,1.0,-1.2349579334259033,1.0,0.7894736842105263,-0.563072540613205
10463,1,2,57,14,1.0,-0.7894245386123657,1.0,0.8947368421052632,-0.7208122434316057
10464,1,2,58,2,1.0,-0.7355837821960449,1.0,0.8421052631578947,-0.6338415829287359
10465,1,2,58,4,1.0,-0.8959712982177734,1.0,0.7894736842105263,-0.5558489753121896
10466,1,2,58,5,1.0,-0.7699193954467773,1.0,0.8947368421052632,-0.7205080911648235
10467,1,2,58,7,1.0,-0.741356611251831,1.0,0.8947368421052632,-0.7200764286604402
10468,1,2,58,10,1.0,-0.9696884155273438,1.0,0.8947368421052632,-0.7239832886420515
10469,1,2,58,12,1.0,-1.9966360330581665,1.0,1.0,-0.9433655544850625
10470,1,2,58,14,1.0,-0.9377119541168213,1.0,1.0,-0.9122930370889358
10471,1,2,59,4,1.0,-0.7618207931518555,1.0,0.7894736842105263,-0.5536250388486744
10472,1,2,59,5,1.0,-1.0836206674575806,1.0,0.9473684210526315,-0.818012420611905
10473,1,2,59,6,1.0,-0.7730695009231567,1.0,0.9473684210526315,-0.8122464476350687
10474,1,2,59,7,1.0,-0.9178047180175781,1.0,0.8947368421052632,-0.7230039874141254
10475,1,2,59,9,1.0,-0.793787956237793,1.0,0.8421052631578947,-0.6347317411171193
10476,1,2,59,11,1.0,-0.8106790781021118,1.0,0.8947368421052632,-0.7211523380866971
10477,1,2,59,14,1.0,-0.8972256183624268,1.0,0.8421052631578947,-0.6364808860248959
10478,1,2,59,20,1.0,-0.8540525436401367,1.0,0.7368421052631579,-0.48004613503530863
10479,1,2,60,3,1.0,-0.8365507125854492,1.0,0.9473684210526315,-0.8132682540497651
10480,1,2,60,5,1.0,-0.8004618883132935,1.0,0.7894736842105263,-0.55422872198631
10481,1,2,60,6,1.0,0.3242311477661133,1.3242311477661133,0.8947368421052632,-0.7159558219295556
10482,1,2,60,8,1.3242311477661133,-1.1347951889038086,1.0,0.7368421052631579,-0.485629678769919
10483,1,2,60,9,1.0,-0.7466037273406982,1.0,0.7894736842105263,-0.5533955008966794
10484,1,2,60,10,1.0,-0.8147244453430176,1.0,0.8421052631578947,-0.6350685071408324
10485,1,2,60,12,1.0,-1.8120999336242676,1.0,0.8421052631578947,-0.6612678096168483
10486,1,2,60,17,1.0,-0.7304774522781372,1.0,0.8421052631578947,-0.6337667210053052
10487,1,2,61,2,1.0,-0.8635354042053223,1.0,0.7894736842105263,-0.5552782635830497
10488,1,2,61,16,1.0,-0.9621462821960449,1.0,0.8421052631578947,-0.6376880026058743
10489,1,2,61,18,1.0,-0.9040542840957642,1.0,0.7894736842105263,-0.5559944711258082
10490,1,2,61,19,1.0,-0.7877993583679199,1.0,0.8947368421052632,-0.7207866107004213
10491,1,2,61,20,1.0,-0.8035573959350586,1.0,0.6842105263157895,-0.40968003657537
10492,1,2,62,2,1.0,-0.7924396991729736,1.0,0.8421052631578947,-0.6347103546906911
10493,1,2,62,6,1.0,-0.7414798736572266,1.0,0.8947368421052632,-0.7200782564403596
10494,1,2,62,8,1.0,-0.7913503646850586,1.0,0.8947368421052632,-0.720842686406844
10495,1,2,62,13,1.0,-0.7835259437561035,1.0,1.0,-0.9096391290453889
10496,1,2,62,19,1.0,-1.3169622421264648,1.0,0.7894736842105263,-0.5651652251117568
10497,1,2,62,20,1.0,-0.7993059158325195,1.0,0.8947368421052632,-0.7209692318808208
10498,1,2,63,1,1.0,-0.8652865886688232,1.0,0.8421052631578947,-0.6359179567277389
10499,1,2,63,4,1.0,-0.7157353162765503,1.0,0.7894736842105263,-0.5529441000695441
10500,1,2,63,5,1.0,-0.7774507999420166,1.0,0.8947368421052632,-0.720624629873277
10501,1,2,63,6,1.0,-0.7757067680358887,1.0,1.0,-0.9095172098997668
10502,1,2,63,11,1.0,-1.4483869075775146,1.0,0.7368421052631579,-0.4937303239027463
10503,1,2,63,13,1.0,-0.768641471862793,1.0,0.7368421052631579,-0.4786601746850007
10504,1,2,63,14,1.0,-0.8127048015594482,1.0,0.6842105263157895,-0.4098278826345285
10505,1,2,63,16,1.0,-0.7613825798034668,1.0,0.8947368421052632,-0.720377366738254
10506,1,2,63,19,1.0,-1.993085265159607,1.0,0.8947368421052632,-0.7543042211519356
10507,1,2,63,20,1.0,-0.7919598817825317,1.0,0.8421052631578947,-0.6347027524659676
10508,1,2,64,1,1.0,-0.931104302406311,1.0,0.7894736842105263,-0.5564908818594846
10509,1,2,64,2,1.0,-0.7917296886444092,1.0,0.8421052631578947,-0.6346991069212473
10510,1,2,64,3,1.0,-1.1165053844451904,1.0,0.7368421052631579,-0.4852179202972778
10511,1,2,64,5,1.0,-1.8850003480911255,1.0,0.8421052631578947,-0.6639630110454742
10512,1,2,64,6,1.0,-0.8029929399490356,1.0,0.7894736842105263,-0.5542693062559692
10513,1,2,64,10,1.0,-0.7532775402069092,1.0,0.9473684210526315,-0.8119443536282946
10514,1,2,64,19,1.0,-1.0168123245239258,1.0,0.7894736842105263,-0.5581604026729267
10515,1,2,64,20,1.0,-1.0040092468261719,1.0,0.8421052631578947,-0.6385110935995622
10516,1,2,65,3,1.0,-0.7895371913909912,1.0,0.8421052631578947,-0.6346644376883334
10517,1,2,65,4,1.0,-0.9996373653411865,1.0,0.9473684210526315,-0.8162628317243557
10518,1,2,65,6,1.0,-0.08694195747375488,1.0,0.8421052631578947,-0.6285063369621313
10519,1,2,65,8,1.0,-0.8101866245269775,1.0,0.8421052631578947,-0.6349947715880617
10520,1,2,65,10,1.0,-0.8173298835754395,1.0,0.7894736842105263,-0.5545016110257436
10521,1,2,65,11,1.0,-0.845797061920166,1.0,0.6842105263157895,-0.4103767183892785
10522,1,2,65,15,1.0,-1.0136804580688477,1.0,0.8947368421052632,-0.7248558131206789
10523,1,2,65,20,1.0,-0.7704341411590576,1.0,0.7368421052631579,-0.4786877652209617
10524,1,2,66,2,1.0,-0.7969906330108643,1.0,0.8947368421052632,-0.7209322731010428
10525,1,2,66,5,1.0,-0.9297680854797363,1.0,0.8421052631578947,-0.6370754348502041
10526,1,2,66,6,1.0,-0.8419334888458252,1.0,0.7894736842105263,-0.5549098496362902
10527,1,2,66,7,1.0,-0.8590269088745117,1.0,0.8421052631578947,-0.6358100202241426
10528,1,2,66,8,1.0,-0.8487370014190674,1.0,0.9473684210526315,-0.8134736280782713
10529,1,2,66,10,1.0,-0.7970703840255737,1.0,0.5789473684210527,-0.2871385305304635
10530,1,2,66,11,1.0,-0.7938574552536011,1.0,0.8421052631578947,-0.6347328445150549
10531,1,2,66,12,1.0,-0.9106318950653076,1.0,0.5789473684210527,-0.28907782304265905
10532,1,2,66,15,1.0,-0.865159273147583,1.0,0.7368421052631579,-0.48023708324145925
10533,1,2,67,1,1.0,-0.7149510383605957,1.0,0.7894736842105263,-0.5529328795124181
10534,1,2,67,4,1.0,-0.8073060512542725,1.0,0.7894736842105263,-0.5543387602438068
10535,1,2,67,6,1.0,-0.8196549415588379,1.0,0.8421052631578947,-0.6351490901546558
10536,1,2,67,10,1.0,-0.8298945426940918,1.0,0.8947368421052632,-0.7214675819299066
10537,1,2,67,19,1.0,-0.8103060722351074,1.0,0.8421052631578947,-0.6349967072294485
10538,1,2,68,1,1.0,-0.7698535919189453,1.0,0.7894736842105263,-0.5537480751697942
10539,1,2,68,3,1.0,-0.7877665758132935,1.0,1.0,-0.909705761779686
10540,1,2,68,5,1.0,-1.0045398473739624,1.0,0.7368421052631579,-0.48284308061194775
10541,1,2,68,7,1.0,-0.8160929679870605,1.0,1.0,-0.9101600773239793
10542,1,2,68,8,1.0,-0.9344354867935181,1.0,0.9473684210526315,-0.8150017798922833
10543,1,2,68,9,1.0,-0.8106875419616699,1.0,0.8421052631578947,-0.6350028908293561
10544,1,2,68,10,1.0,-1.5921669006347656,1.0,0.7368421052631579,-0.4981020319570959
10545,1,2,68,15,1.0,-0.7606513500213623,1.0,0.8947368421052632,-0.7203662371728654
10546,1,2,68,16,1.0,-0.8866969347000122,1.0,0.7894736842105263,-0.5556836441799532
10547,1,2,68,17,1.0,-1.0100346803665161,1.0,0.9473684210526315,-0.8164717836579238
10548,1,2,68,19,1.0,-0.7597329616546631,1.0,0.8947368421052632,-0.7203522741402179
10549,1,2,68,20,1.0,-0.8199015855789185,1.0,0.8947368421052632,-0.7213027185103205
10550,1,2,69,2,1.0,-0.8352260589599609,1.0,0.8947368421052632,-0.7215563581056301
10551,1,2,69,3,1.0,-0.9829802513122559,1.0,0.7368421052631579,-0.4824145793070258
10552,1,2,69,5,1.0,-0.9233665466308594,1.0,0.9473684210526315,-0.8147961408968629
10553,1,2,69,6,1.0,-0.6552779674530029,1.0,0.7894736842105263,-0.5521152217861826
10554,1,2,69,7,1.0,-0.8684914112091064,1.0,0.7894736842105263,-0.555364102953329
10555,1,2,69,8,1.0,-0.8909111022949219,1.0,0.7894736842105263,-0.5557585555618126
10556,1,2,69,9,1.0,-0.793810248374939,1.0,0.8421052631578947,-0.6347320950266884
10557,1,2,69,10,1.0,-0.961357831954956,1.0,0.7368421052631579,-0.48199416637293807
10558,1,2,69,11,1.0,-0.793818473815918,1.0,0.9473684210526315,-0.8125715607962073
10559,1,2,69,13,1.0,-0.6999657154083252,1.0,0.6842105263157895,-0.4081225117172216
10560,1,2,69,15,1.0,-0.8137128353118896,1.0,0.8421052631578947,-0.6350520337059508
10561,1,2,69,18,1.0,-0.9272123575210571,1.0,0.6842105263157895,-0.41182021924914824
10562,1,2,69,19,1.0,-0.7843360900878906,1.0,1.0,-0.9096518310221435
10563,1,2,69,20,1.0,-0.7902052402496338,1.0,0.7894736842105263,-0.554065572857069
10564,1,2,70,2,1.0,-1.821853756904602,1.0,0.7368421052631579,-0.5059435886778009
10565,1,2,70,5,1.0,-0.8940207958221436,1.0,0.7894736842105263,-0.5558140614735138
10566,1,2,70,6,1.0,-0.8269634246826172,1.0,0.7368421052631579,-0.47959076261995476
10567,1,2,70,10,1.0,-0.8111271858215332,1.0,0.8947368421052632,-0.7211596055257599
10568,1,2,70,12,1.0,-0.7384179830551147,1.0,0.9473684210526315,-0.8117226942794847
10569,1,2,70,14,1.0,-0.8437707424163818,1.0,0.8421052631578947,-0.6355502385800165
10570,1,2,70,18,1.0,-0.7101433277130127,1.0,0.8947368421052632,-0.7196233678689253
10571,1,2,71,2,1.0,-0.6948962211608887,1.0,0.7894736842105263,-0.552650137221726
10572,1,2,71,3,1.0,-0.9790830612182617,1.0,0.7894736842105263,-0.5574073660475344
10573,1,2,71,5,1.0,-0.876359224319458,1.0,0.8947368421052632,-0.7222603873104703
10574,1,2,71,6,1.0,-0.8261063098907471,1.0,0.8421052631578947,-0.6352552642748507
10575,1,2,71,8,1.0,-1.140080213546753,1.0,0.8947368421052632,-0.7275781613431803
10576,1,2,71,11,1.0,-0.76552414894104,1.0,0.6842105263157895,-0.4090832639158697
10577,1,2,71,12,1.0,-0.7954446077346802,1.0,0.6842105263157895,-0.40955031292949245
10578,1,2,71,14,1.0,-0.8182858228683472,1.0,0.7368421052631579,-0.4794479944414
10579,1,2,71,16,1.0,-1.0124492645263672,1.0,0.7368421052631579,-0.48300261269472655
10580,1,2,71,18,1.0,-1.9999990463256836,1.0,0.9473684210526315,-0.8462700449555294
10581,1,2,71,20,1.0,-0.8233157396316528,1.0,0.8421052631578947,-0.6352092359936897
10582,1,2,72,1,1.0,-0.81221604347229,1.0,0.7894736842105263,-0.5544182786526269
10583,1,2,72,4,1.0,-0.8000435829162598,1.0,0.631578947368421,-0.3456347693678154
10584,1,2,72,5,1.0,-1.226847767829895,1.0,0.7368421052631579,-0.4878036320166187
10585,1,2,72,6,1.0,-0.8059675693511963,1.0,0.7894736842105263,-0.5543171668683479
10586,1,2,72,7,1.0,-0.9860546588897705,1.0,0.8421052631578947,-0.6381537858256198
10587,1,2,72,8,1.0,-1.8986101150512695,1.0,0.7894736842105263,-0.5838685333296392
10588,1,2,72,9,1.0,-0.7801129817962646,1.0,0.8947368421052632,-0.7206660950536428
10589,1,2,72,10,1.0,-1.996890902519226,1.0,0.6842105263157895,-0.44309872445539117
10590,1,2,72,11,1.0,-0.7863922119140625,1.0,0.7368421052631579,-0.47893620467191766
10591,1,2,72,12,1.0,-0.8210053443908691,1.0,0.7894736842105263,-0.5545618273950729
10592,1,2,72,13,1.0,-0.7886340618133545,1.0,0.9473684210526315,-0.8124895199370152
10593,1,2,72,15,1.0,-0.927573561668396,1.0,0.8421052631578947,-0.6370346750454995
10594,1,2,72,16,1.0,-0.7646466493606567,1.0,0.7894736842105263,-0.5536681746236739
10595,1,2,72,18,1.0,-0.7001786231994629,1.0,0.9473684210526315,-0.8111725841463479
10596,1,2,72,19,1.0,-1.9981716871261597,1.0,0.7368421052631579,-0.5126789784746528
10597,1,2,73,1,1.0,-0.8225839138031006,1.0,0.8947368421052632,-0.7213467753624485
10598,1,2,73,2,1.0,-0.8273568153381348,1.0,0.7368421052631579,-0.47959727056119134
10599,1,2,73,3,1.0,-0.8968658447265625,1.0,0.7894736842105263,-0.5558650130742601
10600,1,2,73,5,1.0,-0.8381102085113525,1.0,0.6842105263157895,-0.4102472789058601
10601,1,2,73,7,1.0,0.7533209323883057,1.7533209323883057,0.5789473684210527,-0.2872135637636889
10602,1,2,73,9,1.7533209323883057,-0.7967169284820557,1.0,0.8421052631578947,-0.6347783265637363
10603,1,2,73,10,1.0,-0.6821787357330322,1.0,0.8947368421052632,-0.7192340106848354
10604,1,2,73,11,1.0,-1.9383997917175293,1.0,0.7894736842105263,-0.5853952671651947
10605,1,2,73,12,1.0,-0.7220072746276855,1.0,0.8947368421052632,-0.7197932774561252
10606,1,2,73,13,1.0,-1.406899094581604,1.0,0.8421052631578947,-0.648224398545783
10607,1,2,73,16,1.0,-0.24251365661621094,1.0,0.8947368421052632,-0.7151684611464258
10608,1,2,73,17,1.0,-0.8897314071655273,1.0,0.8421052631578947,-0.6363469676914051
10609,1,2,73,19,1.0,-0.7562950849533081,1.0,0.8421052631578947,-0.6341505704776829
10610,1,2,73,20,1.0,-0.8319261074066162,1.0,0.8947368421052632,-0.7215013428918194
10611,1,2,74,2,1.0,-1.9937880039215088,1.0,0.7894736842105263,-0.5875732356857023
10612,1,2,74,4,1.0,-0.8643341064453125,1.0,0.7894736842105263,-0.5552920641155353
10613,1,2,74,5,1.0,-0.7367631196975708,1.0,0.9473684210526315,-0.8116982820479579
10614,1,2,74,6,1.0,-0.7991445064544678,1.0,0.7368421052631579,-0.4791383969842903
10615,1,2,74,7,1.0,-0.7711255550384521,1.0,0.8421052631578947,-0.6343770941387712
10616,1,2,74,8,1.0,-1.8557616472244263,1.0,0.9473684210526315,-0.8407085960155841
10617,1,2,74,12,1.0,-0.7295969724655151,1.0,0.7894736842105263,-0.5531444470621977
10618,1,2,74,13,1.0,-0.8727567195892334,1.0,0.7368421052631579,-0.48036912047820834
10619,1,2,74,14,1.0,-1.9972896575927734,1.0,0.8947368421052632,-0.7544719921732428
10620,1,2,74,19,1.0,-0.9407583475112915,1.0,0.8421052631578947,-0.6372810106065594
10621,1,2,75,6,1.0,-0.8115427494049072,1.0,0.8947368421052632,-0.721166348751089
10622,1,2,75,7,1.0,-0.7750499248504639,1.0,0.8947368421052632,-0.7205873562700793
10623,1,2,75,8,1.0,-0.8019548654556274,1.0,0.7894736842105263,-0.5542526457021687
10624,1,2,75,16,1.0,-0.7922650575637817,1.0,0.5263157894736842,-0.23415357051630445
10625,1,2,76,3,1.0,-0.7938508987426758,1.0,0.7894736842105263,-0.5541233221342347
10626,1,2,76,6,1.0,-0.7308542728424072,1.0,0.5789473684210527,-0.2861267982408768
10627,1,2,76,7,1.0,-1.043081283569336,1.0,0.5789473684210527,-0.2916655042008833
10628,1,2,76,13,1.0,-1.1297856569290161,1.0,0.8947368421052632,-0.7273444887159974
10629,1,2,76,15,1.0,-1.0450913906097412,1.0,0.7368421052631579,-0.4836742377095928
10630,1,2,76,16,1.0,-1.135249376296997,1.0,0.8421052631578947,-0.6413186593862648
10631,1,2,76,18,1.0,-0.9216206073760986,1.0,0.9473684210526315,-0.8147639285418958
10632,1,2,76,20,1.0,-0.793484091758728,1.0,0.5789473684210527,-0.28708148859829846
10633,1,2,77,5,1.0,-1.6584992408752441,1.0,0.8947368421052632,-0.7420865297298098
10634,1,2,77,7,1.0,-0.7265756130218506,1.0,0.7894736842105263,-0.55310045085427
10635,1,2,77,10,1.0,-0.6832964420318604,1.0,0.8947368421052632,-0.7192492726869062
10636,1,2,77,12,1.0,-0.6961039304733276,1.0,0.7894736842105263,-0.5526669364600933
10637,1,2,77,14,1.0,-1.0407084226608276,1.0,0.7368421052631579,-0.4835828177722986
10638,1,2,77,16,1.0,-0.7654576301574707,1.0,0.8421052631578947,-0.6342900017581005
10639,1,2,78,4,1.0,-0.8134646415710449,1.0,0.631578947368421,-0.34585131925302365
10640,1,2,78,5,1.0,-0.874971866607666,1.0,0.631578947368421,-0.3468898296957096
10641,1,2,78,7,1.0,-0.8001313209533691,1.0,0.7368421052631579,-0.4791541788700326
10642,1,2,78,9,1.0,-0.8067202568054199,1.0,0.8421052631578947,-0.6349387236498396
10643,1,2,78,12,1.0,-1.6610233783721924,1.0,0.7368421052631579,-0.5003420641973164
10644,1,2,78,17,1.0,-0.9328367710113525,1.0,0.8947368421052632,-0.7232821768234811
10645,1,2,78,18,1.0,-0.6847484111785889,1.0,0.6842105263157895,-0.4079117955558667
10646,1,2,78,19,1.0,-0.7496135234832764,1.0,0.7894736842105263,-0.5534405339857793
10647,1,2,79,1,1.0,-0.7944293022155762,1.0,0.5263157894736842,-0.2341879104641263
10648,1,2,79,5,1.0,-0.8822307586669922,1.0,0.8947368421052632,-0.7223636435253535
10649,1,2,79,6,1.0,-0.8166840076446533,1.0,0.8947368421052632,-0.7212500600933975
10650,1,2,79,15,1.0,-1.191954493522644,1.0,0.8421052631578947,-0.6426383030687258
10651,1,2,79,20,1.0,-1.9361547231674194,1.0,0.7894736842105263,-0.5853082807603243
10652,1,2,80,2,1.0,-0.8493485450744629,1.0,0.9473684210526315,-0.813484012612694
10653,1,2,80,5,1.0,-0.7379727363586426,1.0,0.7894736842105263,-0.5532673672359758
10654,1,2,80,6,1.0,-0.7976260185241699,1.0,0.7894736842105263,-0.5541834022941564
10655,1,2,80,7,1.0,-0.7770569324493408,1.0,0.6842105263157895,-0.4092611664524265
10656,1,2,80,10,1.0,-1.5301240682601929,1.0,0.8421052631578947,-0.6518435445651288
10657,1,2,80,11,1.0,-0.9279065132141113,1.0,0.7368421052631579,-0.4813621825349784
10658,1,2,80,12,1.0,-1.9164562225341797,1.0,0.8421052631578947,-0.6651587924513374
10659,1,2,80,18,1.0,-0.8198349475860596,1.0,0.8421052631578947,-0.6351520413352719
10660,1,2,80,19,1.0,-0.9084091186523438,1.0,0.7368421052631579,-0.48100414883083403
10661,1,2,80,20,1.0,-0.8457231521606445,1.0,0.8421052631578947,-0.635583224423443
10662,1,2,81,1,1.0,-0.7622498273849487,1.0,0.7894736842105263,-0.553631577633373
10663,1,2,81,3,1.0,-0.7973437309265137,1.0,0.7368421052631579,-0.47910964781480486
10664,1,2,81,6,1.0,-1.9296995401382446,1.0,0.8947368421052632,-0.7518177355620698
10665,1,2,81,7,1.0,-1.9736639261245728,1.0,0.6842105263157895,-0.4421764846226053
10666,1,2,81,9,1.0,-0.8319482803344727,1.0,0.8947368421052632,-0.721501711821487
10667,1,2,81,10,1.0,-0.6997666358947754,1.0,0.8421052631578947,-0.6333274813695525
10668,1,2,81,12,1.0,-0.9478278160095215,1.0,0.8947368421052632,-0.723564108097986
10669,1,2,81,13,1.0,-0.994943380355835,1.0,0.7368421052631579,-0.4826512008634657
10670,1,2,81,14,1.0,-0.7924337387084961,1.0,0.7368421052631579,-0.47903158986476196
10671,1,2,81,20,1.0,-0.8154339790344238,1.0,0.7368421052631579,-0.47940140330396586
10672,1,2,82,1,1.0,-0.8092727661132812,1.0,0.7894736842105263,-0.5543705537396156
10673,1,2,82,2,1.0,-0.8171634674072266,1.0,0.8947368421052632,-0.7212578937346222
10674,1,2,82,3,1.0,-1.1013538837432861,1.0,0.8421052631578947,-0.6405605516948017
10675,1,2,82,4,1.0,-0.7808756828308105,1.0,0.7894736842105263,-0.553918997960254
10676,1,2,82,6,1.0,-0.7575201988220215,1.0,0.7894736842105263,-0.5535596981561227
10677,1,2,82,9,1.0,-0.8315826654434204,1.0,0.9473684210526315,-0.8131853803971527
10678,1,2,82,12,1.0,-0.9318256378173828,1.0,0.7894736842105263,-0.5565043198328269
10679,1,2,82,16,1.0,-0.7244594097137451,1.0,0.8421052631578947,-0.6336791622856655
10680,1,2,82,17,1.0,-0.6851925849914551,1.0,0.7894736842105263,-0.5525162184251619
10681,1,2,83,4,1.0,-0.7261497974395752,1.0,0.7894736842105263,-0.5530942649231045
10682,1,2,83,6,1.0,-0.9553148746490479,1.0,0.8947368421052632,-0.7237065975072294
10683,1,2,83,9,1.0,-0.8303064107894897,1.0,0.7368421052631579,-0.479646164920308
10684,1,2,83,11,1.0,-0.8939393758773804,1.0,0.8421052631578947,-0.636422023999878
10685,1,2,83,12,1.0,-0.8689389228820801,1.0,0.8421052631578947,-0.6359812964394322
10686,1,2,83,15,1.0,-1.8827743530273438,1.0,0.7894736842105263,-0.5832697222840645
10687,1,2,83,18,1.0,-0.9272966384887695,1.0,0.6842105263157895,-0.4118217822472764
10688,1,2,84,5,1.0,-0.926040530204773,1.0,0.8421052631578947,-0.637006258558257
10689,1,2,84,6,1.0,-0.8292335271835327,1.0,0.631578947368421,-0.346110354448213
10690,1,2,84,9,1.0,-0.8734607696533203,1.0,0.8947368421052632,-0.7222096695712059
10691,1,2,84,10,1.0,-0.7680262327194214,1.0,0.8947368421052632,-0.720478975351424
10692,1,2,84,11,1.0,-0.7910938262939453,1.0,0.8947368421052632,-0.7208386268299761
10693,1,2,84,15,1.0,-0.6964267492294312,1.0,0.7368421052631579,-0.4776021797327495
10694,1,2,84,16,1.0,-0.926992654800415,1.0,0.7894736842105263,-0.5564144834604284
10695,1,2,84,17,1.0,-0.7893121242523193,1.0,0.8421052631578947,-0.6346608842173547
10696,1,2,84,18,1.0,-0.7721915245056152,1.0,0.7368421052631579,-0.4787148750675098
10697,1,2,85,2,1.0,-0.7884535789489746,1.0,0.7894736842105263,-0.5540379201014637
10698,1,2,85,3,1.0,-1.8029240369796753,1.0,0.8421052631578947,-0.6609360987536285
10699,1,2,85,4,1.0,-0.9028575420379639,1.0,1.0,-0.9116515174121483
10700,1,2,85,6,1.0,-0.8323684930801392,1.0,0.5263157894736842,-0.23480510438466404
10701,1,2,85,7,1.0,-0.8212273120880127,1.0,0.8947368421052632,-0.7213244753911652
10702,1,2,85,8,1.0,-0.7738066911697388,1.0,0.8421052631578947,-0.6344185158754282
10703,1,2,85,10,1.0,-0.7824184894561768,1.0,0.7894736842105263,-0.553943116566318
10704,1,2,85,11,1.0,-0.7497408390045166,1.0,0.8421052631578947,-0.6340518611791496
10705,1,2,85,13,1.0,-0.7641701698303223,1.0,0.5789473684210527,-0.2866248790441418
10706,1,2,85,15,1.0,-1.9930740594863892,1.0,0.8421052631578947,-0.6681541899884131
10707,1,2,85,17,1.0,-1.6872695684432983,1.0,0.8421052631578947,-0.656899533888386
10708,1,2,85,20,1.0,-1.622126579284668,1.0,0.7894736842105263,-0.574134276032107
10709,1,2,86,2,1.0,-0.7157162427902222,1.0,0.8421052631578947,-0.6335532453243751
10710,1,2,86,3,1.0,-0.969778299331665,1.0,0.7894736842105263,-0.5572260291384353
10711,1,2,86,5,1.0,-1.8235985040664673,1.0,0.7894736842105263,-0.5810764446802237
10712,1,2,86,7,1.0,-1.999979019165039,1.0,0.7894736842105263,-0.5878204904108927
10713,1,2,86,8,1.0,-0.7837908267974854,1.0,0.7894736842105263,-0.553964610241608
10714,1,2,86,9,1.0,-0.7774250507354736,1.0,0.7368421052631579,-0.4787959746574373
10715,1,2,86,12,1.0,-0.8169260025024414,1.0,0.8947368421052632,-0.7212540133456184
10716,1,2,86,20,1.0,-1.5835576057434082,1.0,0.8421052631578947,-0.6535072948295155
10717,1,2,87,5,1.0,-0.8199107646942139,1.0,0.7368421052631579,-0.47947461418294124
10718,1,2,87,6,1.0,-0.7979743480682373,1.0,0.7894736842105263,-0.5541889602416384
10719,1,2,87,7,1.0,-0.7943854331970215,1.0,0.7894736842105263,-0.5541318118046453
10720,1,2,87,8,1.0,-0.7625237703323364,1.0,0.8947368421052632,-0.7203947574131906
10721,1,2,87,9,1.0,-0.8534886837005615,1.0,0.8421052631578947,-0.6357151772544868
10722,1,2,87,17,1.0,-0.7721168994903564,1.0,0.8421052631578947,-0.6343923929872236
10723,1,2,87,19,1.0,-1.9852913618087769,1.0,0.8947368421052632,-0.7539941503226977
10724,1,2,88,1,1.0,-0.8261454105377197,1.0,0.8947368421052632,-0.7214054948034976
10725,1,2,88,3,1.0,-0.7645862102508545,1.0,0.7368421052631579,-0.4785979982913844
10726,1,2,88,4,1.0,-0.8484575748443604,1.0,0.8421052631578947,-0.6356295504855454
10727,1,2,88,5,1.0,-1.9950016736984253,1.0,0.8947368421052632,-0.7543806491905674
10728,1,2,88,7,1.0,-0.8015391826629639,1.0,0.9473684210526315,-0.812694733715933
10729,1,2,88,8,1.0,-1.4373232126235962,1.0,0.7368421052631579,-0.49341105773779287
10730,1,2,88,14,1.0,-0.7550473213195801,1.0,0.9473684210526315,-0.8119710476768116
10731,1,2,88,17,1.0,-0.9240167140960693,1.0,0.8947368421052632,-0.7231184012892612
10732,1,2,88,20,1.0,-1.0268326997756958,1.0,0.8421052631578947,-0.6389746018557241
10733,1,2,89,5,1.0,-0.8261306285858154,1.0,0.8421052631578947,-0.6352556660773135
10734,1,2,89,6,1.0,-1.999999761581421,1.0,0.7368421052631579,-0.5127520680255842
10735,1,2,89,7,1.0,-0.7826465368270874,1.0,0.8947368421052632,-0.7207056884260465
10736,1,2,89,8,1.0,-0.8269243240356445,1.0,0.8947368421052632,-0.7214183707867903
10737,1,2,89,9,1.0,-0.8013367652893066,1.0,0.8421052631578947,-0.6348521540364809
10738,1,2,89,10,1.0,-0.9636728763580322,1.0,0.8947368421052632,-0.7238669865362538
10739,1,2,89,19,1.0,-1.0597202777862549,1.0,0.7368421052631579,-0.4839821482338405
10740,1,2,90,1,1.0,-0.8179225921630859,1.0,0.7368421052631579,-0.4794420512300345
10741,1,2,90,2,1.0,-0.8342909812927246,1.0,0.8421052631578947,-0.6353911623371014
10742,1,2,90,4,1.0,-0.9287545680999756,1.0,0.7894736842105263,-0.5564471801175549
10743,1,2,90,5,1.0,-0.8383369445800781,1.0,0.8947368421052632,-0.7216084207364508
10744,1,2,90,6,1.0,-0.7932841777801514,1.0,0.7894736842105263,-0.5541143275070525
10745,1,2,90,12,1.0,-0.7678191661834717,1.0,0.7894736842105263,-0.553716792359476
10746,1,2,90,14,1.0,-0.8571655750274658,1.0,0.8421052631578947,-0.6357780761525592
10747,1,2,90,18,1.0,-0.8862729072570801,1.0,0.631578947368421,-0.3470888686835397
10748,1,2,91,1,1.0,-0.7683093547821045,1.0,0.9473684210526315,-0.8121730757489498
10749,1,2,91,2,1.0,-0.8784351348876953,1.0,0.8421052631578947,-0.6361472307844892
10750,1,2,91,3,1.0,-0.8439047336578369,1.0,0.8421052631578947,-0.6355524999173386
10751,1,2,91,4,1.0,-0.7483224868774414,1.0,0.9473684210526315,-0.8118699485461573
10752,1,2,91,5,1.0,-1.9893125295639038,1.0,0.6842105263157895,-0.4427966350925501
10753,1,2,91,6,1.0,-1.1043548583984375,1.0,0.8947368421052632,-0.7267763289426545
10754,1,2,91,7,1.0,-0.7390093803405762,1.0,0.7368421052631579,-0.47821342620464036
10755,1,2,91,9,1.0,-0.792142391204834,1.0,0.8421052631578947,-0.6347056436018748
10756,1,2,91,11,1.0,0.7766506671905518,1.7766506671905518,0.631578947368421,-0.3460425852778264
10757,1,2,91,19,1.7766506671905518,-1.9988319873809814,1.0,0.9473684210526315,-0.846223376240267
10758,1,2,91,20,1.0,-0.7499434947967529,1.0,0.8947368421052632,-0.7202044848638519
10759,1,2,92,1,1.0,-0.8718245029449463,1.0,0.7894736842105263,-0.5554221092792412
10760,1,2,92,2,1.0,-0.7744086980819702,1.0,0.7894736842105263,-0.5538184179565393
10761,1,2,92,3,1.0,-0.7883388996124268,1.0,0.7894736842105263,-0.5540361118463105
10762,1,2,92,5,1.0,-0.7311866283416748,1.0,0.6842105263157895,-0.40856933054440736
10763,1,2,92,7,1.0,-0.8218343257904053,1.0,0.7894736842105263,-0.5545754462303628
10764,1,2,92,11,1.0,-1.7894119024276733,1.0,0.6842105263157895,-0.4352429412552489
10765,1,2,92,12,1.0,-0.9726725816726685,1.0,0.6842105263157895,-0.4126839112011284
10766,1,2,92,13,1.0,-0.9392786026000977,1.0,0.8421052631578947,-0.6372531908554615
10767,1,2,93,4,1.0,-0.7651956081390381,1.0,0.8421052631578947,-0.6342859911095903
10768,1,2,93,5,1.0,-0.7891175746917725,1.0,0.8421052631578947,-0.6346578133893118
10769,1,2,93,6,1.0,-0.7991540431976318,1.0,0.6842105263157895,-0.4096094635373419
10770,1,2,94,4,1.0,-0.7371425628662109,1.0,0.8947368421052632,-0.7200141239898619
10771,1,2,94,5,1.0,-0.8304352760314941,1.0,0.7894736842105263,-0.5547175571166642
10772,1,2,94,8,1.0,-0.7327249050140381,1.0,0.8947368421052632,-0.7199491902742505
10773,1,2,94,10,1.0,-1.997910499572754,1.0,0.7368421052631579,-0.5126685412053572
10774,1,2,94,13,1.0,-0.8167192935943604,1.0,0.8947368421052632,-0.7212506364552649
10775,1,2,94,14,1.0,-0.9807078838348389,1.0,0.7368421052631579,-0.48236995709648484
10776,1,2,94,15,1.0,-0.8595502376556396,1.0,0.7894736842105263,-0.5552095957504278
10777,1,2,94,18,1.0,-0.8019604682922363,1.0,0.8947368421052632,-0.7210117383370073
10778,1,2,94,20,1.0,-1.3086814880371094,1.0,0.7368421052631579,-0.48987854993363694
10779,1,2,95,1,1.0,-0.8189941644668579,1.0,0.7368421052631579,-0.4794595919766344
10780,1,2,95,6,1.0,-0.8392711877822876,1.0,0.8421052631578947,-0.6354745091888525
10781,1,2,95,7,1.0,-0.6809824705123901,1.0,0.8421052631578947,-0.6330681191738892
10782,1,2,95,8,1.0,-1.9579575061798096,1.0,0.8947368421052632,-0.7529163083700308
10783,1,2,95,12,1.0,-0.8287105560302734,1.0,0.8421052631578947,-0.6352983597791977
10784,1,2,95,15,1.0,-1.0131051540374756,1.0,0.9473684210526315,-0.8165339036338659
10785,1,2,96,1,1.0,-0.8213388919830322,1.0,0.7894736842105263,-0.5545673053947283
10786,1,2,96,4,1.0,-0.7568073272705078,1.0,0.7368421052631579,-0.47847965086843003
10787,1,2,96,5,1.0,-0.8043966293334961,1.0,0.8421052631578947,-0.6349012872952685
10788,1,2,96,6,1.0,-0.8114883899688721,1.0,0.6842105263157895,-0.4098081257602934
10789,1,2,96,7,1.0,-0.805107593536377,1.0,0.8947368421052632,-0.7210623147816716
10790,1,2,96,8,1.0,-1.9999899864196777,1.0,0.8947368421052632,-0.7545799318677621
10791,1,2,96,11,1.0,-1.6336066722869873,1.0,0.6842105263157895,-0.42990969928715633
10792,1,2,96,12,1.0,-0.9778100252151489,1.0,0.8421052631578947,-0.6379918723765501
10793,1,2,96,17,1.0,-0.8009936809539795,1.0,0.7894736842105263,-0.5542372384091713
10794,1,2,96,18,1.0,-0.7461079359054565,1.0,0.8421052631578947,-0.6339975184426486
10795,1,2,97,1,1.0,-0.8194549083709717,1.0,0.7894736842105263,-0.554536393108422
10796,1,2,97,2,1.0,-0.9783618450164795,1.0,0.8421052631578947,-0.6380026669202781
10797,1,2,97,4,1.0,-0.882483720779419,1.0,0.7368421052631579,-0.4805398527367336
10798,1,2,97,6,1.0,-0.8053972721099854,1.0,0.8947368421052632,-0.7210669800691942
10799,1,2,97,7,1.0,-1.9904165267944336,1.0,0.8421052631578947,-0.6680483274238017
10800,1,2,97,11,1.0,-0.8337763547897339,1.0,0.8947368421052632,-0.7215321625080368
10801,1,2,97,15,1.0,-1.0495105981826782,1.0,0.8947368421052632,-0.7255950573669498
10802,1,2,97,16,1.0,-0.8575680255889893,1.0,0.7894736842105263,-0.5551755588250151
10803,1,2,97,19,1.0,-0.6921182870864868,1.0,0.7368421052631579,-0.47754235479552204
10804,1,2,98,4,1.0,-1.9237231016159058,1.0,0.7894736842105263,-0.5848284353567964
10805,1,2,98,6,1.0,-2.0,1.0,0.7368421052631579,-0.5127520775623268
10806,1,2,98,7,1.0,-0.8136768341064453,1.0,0.7894736842105263,-0.5544420295435041
10807,1,2,98,8,1.0,-1.0852060317993164,1.0,0.7894736842105263,-0.5595980509544254
10808,1,2,98,20,1.0,-0.9007558822631836,1.0,0.8947368421052632,-0.7226939440042894
10809,1,2,99,1,1.0,-0.7417149543762207,1.0,0.8947368421052632,-0.7200817431454254
10810,1,2,99,4,1.0,-0.725948691368103,1.0,0.6842105263157895,-0.4084930067147413
10811,1,2,99,9,1.0,-0.7849860191345215,1.0,0.8947368421052632,-0.7207423629123388
10812,1,2,99,11,1.0,-0.8238762617111206,1.0,0.7894736842105263,-0.5546090505860001
10813,1,2,99,19,1.0,-0.7400104999542236,1.0,0.8947368421052632,-0.7200564878103972
10814,1,2,100,1,1.0,-0.8056117296218872,1.0,0.9473684210526315,-0.8127601856915366
10815,1,2,100,2,1.0,-0.7105989456176758,1.0,0.8947368421052632,-0.7196298410251017
10816,1,2,100,5,1.0,-0.990497350692749,1.0,0.8421052631578947,-0.6382415979397311
10817,1,2,100,6,1.0,-0.05680370330810547,1.0,0.8947368421052632,-0.7146125990170673
10818,1,2,100,8,1.0,-0.8091515302658081,1.0,0.7894736842105263,-0.5543685916292042
10819,1,2,100,9,1.0,-0.9169721603393555,1.0,0.8947368421052632,-0.7229887118383465
10820,1,2,100,10,1.0,-0.790581464767456,1.0,1.0,-0.9097501905243386
10821,1,2,100,11,1.0,-0.7496720552444458,1.0,0.8421052631578947,-0.6340508298265819
10822,1,2,100,18,1.0,-0.7542597055435181,1.0,0.9473684210526315,-0.8119591601365589
10823,1,2,101,1,1.0,-0.8907194137573242,1.0,0.8947368421052632,-0.7225141431504141
10824,1,2,101,4,1.0,-0.7339622974395752,1.0,0.8947368421052632,-0.7199673389506
10825,1,2,101,5,1.0,-0.8722856044769287,1.0,0.8421052631578947,-0.6360395696802144
10826,1,2,101,7,1.0,-0.8133583068847656,1.0,0.9473684210526315,-0.8128856004562774
10827,1,2,101,8,1.0,-0.8792561292648315,1.0,0.7368421052631579,-0.4804829909708245
10828,1,2,101,9,1.0,-0.7685106992721558,1.0,0.7894736842105263,-0.5537274165888469
10829,1,2,101,15,1.0,-0.7573812007904053,1.0,0.8421052631578947,-0.6341670107555447
10830,1,2,101,19,1.0,-0.9106600284576416,1.0,0.7894736842105263,-0.5561143465141939
10831,1,2,102,3,1.0,-0.7391631603240967,1.0,0.7894736842105263,-0.5532849514156922
10832,1,2,102,5,1.0,-1.2271279096603394,1.0,0.8421052631578947,-0.6434891769891111
10833,1,2,102,11,1.0,-0.8012773990631104,1.0,0.7894736842105263,-0.5542417843423826
10834,1,2,102,15,1.0,-0.7311553955078125,1.0,0.8947368421052632,-0.719926214533774
10835,1,2,103,5,1.0,-0.8327406644821167,1.0,0.9473684210526315,-0.8132046532453141
10836,1,2,103,6,1.0,-0.7132384777069092,1.0,0.8421052631578947,-0.6335178391832543
10837,1,2,103,9,1.0,-0.8119595050811768,1.0,0.7894736842105263,-0.5544141120188059
10838,1,2,103,11,1.0,-0.8033790588378906,1.0,0.9473684210526315,-0.8127242622242855
10839,1,2,103,13,1.0,-0.7221202850341797,1.0,0.8947368421052632,-0.7197949094705507
10840,1,2,103,14,1.0,-0.7000210285186768,1.0,0.8421052631578947,-0.633331042326121
10841,1,2,103,19,1.0,-0.9946718215942383,1.0,0.8421052631578947,-0.6383244682491735
10842,1,2,104,1,1.0,-0.7992509603500366,1.0,0.8947368421052632,-0.7209683533861768
10843,1,2,104,7,1.0,-0.8048228025436401,1.0,0.7894736842105263,-0.5542987270748312
10844,1,2,104,10,1.0,-0.7572246789932251,1.0,0.7894736842105263,-0.5535552217846531
10845,1,2,104,14,1.0,-1.7543638944625854,1.0,0.8421052631578947,-0.6592086746643768
10846,1,2,104,16,1.0,-0.8136146068572998,1.0,0.7894736842105263,-0.5544410169248047
10847,1,2,104,19,1.0,-0.7332315444946289,1.0,0.7894736842105263,-0.553197614618309
10848,1,2,104,20,1.0,-0.8547961711883545,1.0,0.8947368421052632,-0.7218870973527549
10849,1,2,105,1,1.0,-0.8009202480316162,1.0,0.8947368421052632,-0.7209950648470425
10850,1,2,105,3,1.0,-0.7235352993011475,1.0,0.7894736842105263,-0.5530563629332371
10851,1,2,105,4,1.0,-0.8322576284408569,1.0,0.7894736842105263,-0.5547478572408692
10852,1,2,105,5,1.0,-1.9774503707885742,1.0,0.8421052631578947,-0.6675338476117563
10853,1,2,105,7,1.0,-0.7561073303222656,1.0,0.8947368421052632,-0.7202973153596428
10854,1,2,105,8,1.0,-1.3145860433578491,1.0,0.7894736842105263,-0.5651026942938017
10855,1,2,105,10,1.0,-0.6842501163482666,1.0,0.7894736842105263,-0.5525033118571153
10856,1,2,105,11,1.0,-0.7939271926879883,1.0,0.7894736842105263,-0.5541245335127835
10857,1,2,105,16,1.0,-0.7973642349243164,1.0,0.7894736842105263,-0.5541792268712535
10858,1,2,105,17,1.0,-1.020988941192627,1.0,0.8947368421052632,-0.7250045165903486
10859,1,2,105,20,1.0,-0.9493298530578613,1.0,0.7894736842105263,-0.5568336013389578
10860,1,2,106,1,1.0,-1.8541274070739746,1.0,0.9473684210526315,-0.8406479675191215
10861,1,2,106,2,1.0,-0.8790826797485352,1.0,0.8947368421052632,-0.7223081959883109
10862,1,2,106,3,1.0,-0.8472446203231812,1.0,0.7368421052631579,-0.47993031202899245
10863,1,2,106,5,1.0,-0.8031090497970581,1.0,0.8421052631578947,-0.6348805893810969
10864,1,2,106,6,1.0,-0.8064349889755249,1.0,0.7894736842105263,-0.5543247035543287
10865,1,2,106,7,1.0,0.455780029296875,1.455780029296875,0.7894736842105263,-0.5503544640202447
10866,1,2,106,8,1.455780029296875,-0.8167648315429688,1.0,0.8421052631578947,-0.6351017958228917
10867,1,2,106,12,1.0,-0.8053719997406006,1.0,0.6842105263157895,-0.4097092322694124
10868,1,2,106,15,1.0,-0.7917745113372803,1.0,0.7368421052631579,-0.47902114633036064
10869,1,2,106,17,1.0,-0.964281439781189,1.0,0.7894736842105263,-0.5571197165909539
10870,1,2,106,19,1.0,-0.7935976982116699,1.0,0.8947368421052632,-0.7208783054760408
10871,1,2,107,1,1.0,-0.8068764209747314,1.0,0.7894736842105263,-0.5543318252271391
10872,1,2,107,6,1.0,-0.8994019031524658,1.0,0.7894736842105263,-0.5559105674738319
10873,1,2,107,7,1.0,-0.7873871326446533,1.0,0.8947368421052632,-0.7207801173765159
10874,1,2,107,8,1.0,-1.0445016622543335,1.0,0.9473684210526315,-0.8171799203270136
10875,1,2,107,9,1.0,-0.7285668849945068,1.0,0.7894736842105263,-0.5531294266989951
10876,1,2,107,10,1.0,-1.5059244632720947,1.0,1.0,-0.9261780848908134
10877,1,2,107,16,1.0,-1.8582481145858765,1.0,0.8421052631578947,-0.6629616084760572
10878,1,2,107,17,1.0,-1.999810814857483,1.0,0.8421052631578947,-0.668423180874647
10879,1,2,107,19,1.0,-0.8747297525405884,1.0,0.8947368421052632,-0.7222318538097694
10880,1,2,107,20,1.0,-0.7788183689117432,1.0,0.8421052631578947,-0.634496328439981
10881,1,2,108,3,1.0,-0.810417652130127,1.0,0.7894736842105263,-0.5543890973487302
10882,1,2,108,4,1.0,-1.322118878364563,1.0,0.8421052631578947,-0.6459107312077172
10883,1,2,108,6,1.0,-1.9943631887435913,1.0,0.7894736842105263,-0.5875961749260442
10884,1,2,108,7,1.0,-0.7609155178070068,1.0,0.8947368421052632,-0.7203702566623673
10885,1,2,108,8,1.0,-0.7759077548980713,1.0,0.7894736842105263,-0.5538416580809988
10886,1,2,108,9,1.0,-0.9203510284423828,1.0,0.7894736842105263,-0.5562917897954387
10887,1,2,108,10,1.0,-0.8371884822845459,1.0,0.8421052631578947,-0.6354395934711365
10888,1,2,108,12,1.0,-0.867215633392334,1.0,0.7894736842105263,-0.5553419591878899
10889,1,2,108,15,1.0,-2.0,1.0,0.8947368421052632,-0.7545803324099722
10890,1,2,109,4,1.0,-0.9692412614822388,1.0,0.8947368421052632,-0.723974618639569
10891,1,2,109,7,1.0,-0.7429276704788208,1.0,0.9473684210526315,-0.8117894983381237
10892,1,2,109,10,1.0,-0.767585277557373,1.0,0.7368421052631579,-0.478643949145555
10893,1,2,109,13,1.0,-0.9549643993377686,1.0,0.8947368421052632,-0.7236999024499977
10894,1,2,109,17,1.0,-1.0297383069992065,1.0,0.7894736842105263,-0.558424939448905
10895,1,2,109,18,1.0,-0.8780428171157837,1.0,0.7894736842105263,-0.5555309215267754
10896,1,2,109,19,1.0,-0.6792473793029785,1.0,0.7894736842105263,-0.5524350996627888
10897,1,2,109,20,1.0,-0.7893897294998169,1.0,0.7368421052631579,-0.47898343901272467
10898,1,2,110,2,1.0,-0.8726463317871094,1.0,0.8421052631578947,-0.6360458641262525
10899,1,2,110,3,1.0,-1.9876914024353027,1.0,0.8947368421052632,-0.7540895035231244
10900,1,2,110,5,1.0,-0.72300124168396,1.0,0.8421052631578947,-0.633658055877203
10901,1,2,110,6,1.0,-0.8278121948242188,1.0,0.9473684210526315,-0.8131228134014898
10902,1,2,110,8,1.0,-1.1289769411087036,1.0,0.8421052631578947,-0.6411766372579892
10903,1,2,110,9,1.0,-0.8533422946929932,1.0,0.7894736842105263,-0.5551032603590081
10904,1,2,110,10,1.0,-0.8247939348220825,1.0,0.7894736842105263,-0.5546241799890821
10905,1,2,110,15,1.0,-0.8229579925537109,1.0,0.631578947368421,-0.3460066705972409
10906,1,2,110,18,1.0,-2.0,1.0,0.8421052631578947,-0.6684307479224376
10907,1,2,111,2,1.0,-0.8442428112030029,1.0,0.7894736842105263,-0.5549487888825687
10908,1,2,111,5,1.0,-0.7473430633544922,1.0,0.9473684210526315,-0.8118552996459337
10909,1,2,111,6,1.0,-0.8054065704345703,1.0,0.6842105263157895,-0.40970978912674244
10910,1,2,111,8,1.0,-1.8796417713165283,1.0,0.8421052631578947,-0.663761279807217
10911,1,2,111,9,1.0,-0.8385351896286011,1.0,0.6842105263157895,-0.4102544043322054
10912,1,2,111,10,1.0,-0.6941447257995605,1.0,0.9473684210526315,-0.8110884521060464
10913,1,2,111,11,1.0,-0.8810238838195801,1.0,0.8947368421052632,-0.7223423632485776
10914,1,2,111,12,1.0,-0.8116490840911865,1.0,0.8947368421052632,-0.7211680747670328
10915,1,2,111,14,1.0,-0.7989742755889893,1.0,0.8421052631578947,-0.6348143468529671
10916,1,2,111,16,1.0,-0.8071298599243164,1.0,0.7894736842105263,-0.5543359157477036
10917,1,2,111,19,1.0,-0.7588164806365967,1.0,1.0,-0.9092580245128571
10918,1,2,112,2,1.0,-0.798816442489624,1.0,0.7368421052631579,-0.47913315465024453
10919,1,2,112,4,1.0,-0.8913137912750244,1.0,0.8421052631578947,-0.6363751506676082
10920,1,2,112,5,1.0,-0.5897575616836548,1.0,0.8421052631578947,-0.6319088877380681
10921,1,2,112,6,1.0,-0.8037750720977783,1.0,0.7368421052631579,-0.4792126212275846
10922,1,2,112,7,1.0,-1.058000922203064,1.0,0.8947368421052632,-0.7257739919237975
10923,1,2,112,8,1.0,-0.8446822166442871,1.0,0.9473684210526315,-0.813404963573644
10924,1,2,112,12,1.0,-0.9026944637298584,1.0,0.8421052631578947,-0.636579320870923
10925,1,2,112,13,1.0,-0.8191366195678711,1.0,0.7368421052631579,-0.4794619255774975
10926,1,2,112,15,1.0,-0.8453710079193115,1.0,0.8421052631578947,-0.6355772693327427
10927,1,2,112,16,1.0,-0.7427517175674438,1.0,0.8947368421052632,-0.7200971335494661
10928,1,2,112,20,1.0,-0.8960521221160889,1.0,0.7894736842105263,-0.5558504236953766
10929,1,2,113,1,1.0,-0.7796189785003662,1.0,0.7368421052631579,-0.47883013507870625
10930,1,2,113,3,1.0,-0.7567569017410278,1.0,0.7894736842105263,-0.5535481397232159
10931,1,2,113,4,1.0,-0.7799451351165771,1.0,0.7894736842105263,-0.5539044737778093
10932,1,2,113,5,1.0,-0.7969003915786743,1.0,0.7894736842105263,-0.5541718319808716
10933,1,2,113,6,1.0,-0.8165030479431152,1.0,0.9473684210526315,-0.8129368553754969
10934,1,2,113,8,1.0,-0.8152651786804199,1.0,0.9473684210526315,-0.8129166562181811
10935,1,2,113,9,1.0,-0.6780301332473755,1.0,0.8947368421052632,-0.7191775810258867
10936,1,2,113,13,1.0,-1.8787592649459839,1.0,0.8947368421052632,-0.7498776961661759
10937,1,2,114,3,1.0,-0.8144674301147461,1.0,0.6842105263157895,-0.40985656363692785
10938,1,2,114,4,1.0,-0.8621020317077637,1.0,0.8421052631578947,-0.6358629470531841
10939,1,2,114,11,1.0,-0.7265610694885254,1.0,0.7368421052631579,-0.47803098743928985
10940,1,2,115,1,1.0,-0.7771445512771606,1.0,0.7894736842105263,-0.553860866175687
10941,1,2,115,5,1.0,-0.8346762657165527,1.0,0.6842105263157895,-0.41018983637525597
10942,1,2,115,6,1.0,0.9004502296447754,1.9004502296447754,0.47368421052631576,-0.18951686663962553
10943,1,2,115,7,1.9004502296447754,-0.9103410243988037,1.0,0.8421052631578947,-0.6367179557294722
10944,1,2,115,8,1.0,-0.820049524307251,1.0,0.8947368421052632,-0.7213051446331377
10945,1,2,115,10,1.0,-0.8245141506195068,1.0,0.8947368421052632,-0.7213785682556902
10946,1,2,115,13,1.0,-0.892528772354126,1.0,0.8421052631578947,-0.6363968240172372
10947,1,2,115,14,1.0,-1.9862916469573975,1.0,0.7894736842105263,-0.5872748747076164
10948,1,2,115,18,1.0,-0.6894062757492065,1.0,0.7894736842105263,-0.5525741397703131
10949,1,2,116,1,1.0,-0.7879152297973633,1.0,0.8947368421052632,-0.7207884365034385
10950,1,2,116,2,1.0,-0.7672984600067139,1.0,0.8421052631578947,-0.6343182171897244
10951,1,2,116,3,1.0,-0.8076977729797363,1.0,0.7894736842105263,-0.5543450865646534
10952,1,2,116,4,1.0,-0.9081881046295166,1.0,0.7894736842105263,-0.5560693859737947
10953,1,2,116,7,1.0,-1.7486337423324585,1.0,0.7894736842105263,-0.5783985292881254
10954,1,2,116,12,1.0,-1.2005151510238647,1.0,0.8421052631578947,-0.6428431142008161
10955,1,2,116,13,1.0,-0.8163821697235107,1.0,0.7894736842105263,-0.5544861281103138
10956,1,2,116,15,1.0,-0.6994034051895142,1.0,0.7894736842105263,-0.552712980871796
10957,1,2,117,1,1.0,0.8322415351867676,1.8322415351867676,0.5789473684210527,-0.28854381982364374
10958,1,2,117,6,1.8322415351867676,-0.7475731372833252,1.0846683979034424,0.8947368421052632,-0.720253656763752
10959,1,2,117,9,1.0846683979034424,-0.8309189081192017,1.0,0.7368421052631579,-0.4796563398810268
10960,1,2,117,10,1.0,-0.792626142501831,1.0,0.8421052631578947,-0.6347133099402109
10961,1,2,117,13,1.0,-0.01061403751373291,1.0,0.8947368421052632,-0.7145814589878956
10962,1,2,117,14,1.0,-0.721275806427002,1.0,0.7368421052631579,-0.47795446545169595
10963,1,2,117,19,1.0,-0.8466438055038452,1.0,0.8421052631578947,-0.6355988052564179
10964,1,2,118,1,1.0,-1.099387764930725,1.0,0.8421052631578947,-0.6405172824992313
10965,1,2,118,3,1.0,-0.8658305406570435,1.0,0.6842105263157895,-0.4107196169410954
10966,1,2,118,5,1.0,-1.475547194480896,1.0,0.7894736842105263,-0.5695937248712936
10967,1,2,118,6,1.0,-1.9994778633117676,1.0,0.7368421052631579,-0.5127311948210647
10968,1,2,118,7,1.0,-0.9385079145431519,1.0,0.7894736842105263,-0.5566293006964905
10969,1,2,118,10,1.0,-0.7415385246276855,1.0,0.7368421052631579,-0.4782508713973968
10970,1,2,118,11,1.0,-0.737116813659668,1.0,0.7894736842105263,-0.553254741609687
10971,1,2,118,12,1.0,-0.8100802898406982,1.0,0.8947368421052632,-0.721142633169856
10972,1,2,118,14,1.0,-0.7147250175476074,1.0,0.9473684210526315,-0.8113784016095772
10973,1,2,118,16,1.0,-0.6947370767593384,1.0,0.7894736842105263,-0.5526479256981303
10974,1,2,118,17,1.0,-0.8445509672164917,1.0,0.8947368421052632,-0.7217129957722354
10975,1,2,119,4,1.0,-0.8579065799713135,1.0,0.7894736842105263,-0.5551813666394699
10976,1,2,119,5,1.0,-0.8312091827392578,1.0,0.7368421052631579,-0.4796611646170274
10977,1,2,119,6,1.0,-0.7942553758621216,1.0,0.9473684210526315,-0.8125784991233518
10978,1,2,119,8,1.0,-0.8325483798980713,1.0,0.8421052631578947,-0.6353621159711467
10979,1,2,119,13,1.0,-0.7853549718856812,1.0,0.8947368421052632,-0.7207481567286278
10980,1,2,119,15,1.0,-0.837307333946228,1.0,0.8947368421052632,-0.7215911681247736
10981,1,2,119,16,1.0,-0.753399133682251,1.0,0.7894736842105263,-0.5534974321862208
10982,1,2,119,17,1.0,-0.9198839664459229,1.0,0.8947368421052632,-0.723042197527215
10983,1,2,119,18,1.0,-0.888232946395874,1.0,0.7894736842105263,-0.5557109073105201
10984,1,2,119,19,1.0,-0.7355625629425049,1.0,0.7894736842105263,-0.5532318524799146
10985,1,2,120,1,1.0,-0.8368964195251465,1.0,0.8421052631578947,-0.6354347040925776
10986,1,2,120,2,1.0,-0.7199580669403076,1.0,0.6842105263157895,-0.4084063878712749
10987,1,2,120,3,1.0,-1.9920424222946167,1.0,0.7894736842105263,-0.5875036597621032
10988,1,2,120,4,1.0,-0.8303451538085938,1.0,0.8421052631578947,-0.6353254786669718
10989,1,2,120,6,1.0,-0.8413870334625244,1.0,0.8421052631578947,-0.6355100693232263
10990,1,2,120,7,1.0,-0.7840018272399902,1.0,0.8421052631578947,-0.634577336573594
10991,1,2,120,9,1.0,-0.7666480541229248,1.0,0.8947368421052632,-0.7204578247988769
10992,1,2,120,10,1.0,-0.7871842384338379,1.0,0.8947368421052632,-0.7207769226623588
10993,1,2,120,12,1.0,-0.8051795959472656,1.0,0.9473684210526315,-0.812753224919791
10994,1,2,120,19,1.0,-0.8818879127502441,1.0,0.7894736842105263,-0.555598592546439
10995,2,0,1,7,1.0,-0.8580416440963745,1.0,0.7894736842105263,-0.5551836842699253
10996,2,0,2,19,1.0,-0.8445093631744385,1.0,0.8947368421052632,-0.7217122930548652
10997,2,0,3,1,1.0,-0.9523658752441406,1.0,0.9473684210526315,-0.8153400907057883
10998,2,0,3,5,1.0,-0.7709701061248779,1.0,0.9473684210526315,-0.812214032147875
10999,2,0,3,7,1.0,-0.7941997051239014,1.0,0.8947368421052632,-0.7208878641261611
11000,2,0,3,9,1.0,-0.8621816635131836,1.0,0.8947368421052632,-0.7220139046189558
11001,2,0,3,10,1.0,-0.9611876010894775,1.0,0.9473684210526315,-0.8155088991473743
11002,2,0,3,11,1.0,-0.8041238784790039,1.0,0.8947368421052632,-0.7210464845293734
11003,2,0,5,14,1.0,-0.7834650278091431,1.0,0.8947368421052632,-0.720718506907972
11004,2,0,5,16,1.0,-0.6609162092208862,1.0,0.8947368421052632,-0.7189484347660813
11005,2,0,6,3,1.0,-0.8095893859863281,1.0,0.8947368421052632,-0.7211346821489895
11006,2,0,6,4,1.0,-0.9082002639770508,1.0,0.8947368421052632,-0.7228286096048521
11007,2,0,6,9,1.0,-0.8828916549682617,1.0,0.9473684210526315,-0.8140650598466189
11008,2,0,6,10,1.0,-0.7784415483474731,1.0,0.8421052631578947,-0.6344904603643737
11009,2,0,6,13,1.0,-0.7999906539916992,1.0,1.0,-0.9098998504647406
11010,2,0,6,17,1.0,-1.2439112663269043,1.0,0.7894736842105263,-0.5632944820248392
11011,2,0,6,18,1.0,-0.8480985164642334,1.0,0.8421052631578947,-0.635623458858726
11012,2,0,7,2,1.0,-0.7812325954437256,1.0,0.9473684210526315,-0.8123733267843303
11013,2,0,7,3,1.0,-0.9223287105560303,1.0,0.8421052631578947,-0.636937650425597
11014,2,0,8,6,1.0,-0.9042394161224365,1.0,1.0,-0.9116764892166944
11015,2,0,8,11,1.0,-0.711493968963623,1.0,0.9473684210526315,-0.811332319781209
11016,2,0,10,7,1.0,-0.703963041305542,1.0,0.8421052631578947,-0.6333863875576791
11017,2,0,10,15,1.0,-0.7710385322570801,1.0,0.8947368421052632,-0.7205253365922237
11018,2,0,11,9,1.0,-0.7675575017929077,1.0,1.0,-0.9093914451855857
11019,2,0,11,16,1.0,-0.783358097076416,1.0,0.9473684210526315,-0.8124065821850448
11020,2,0,12,5,1.0,-0.7317516803741455,1.0,0.9473684210526315,-0.8116246883197968
11021,2,0,12,6,1.0,-0.8006947040557861,1.0,1.0,-0.9099111200910298
11022,2,0,12,16,1.0,-0.7547345161437988,1.0,0.8947368421052632,-0.7202765743085604
11023,2,0,13,12,1.0,-0.7557880878448486,1.0,0.8947368421052632,-0.7202924887472539
11024,2,0,14,8,1.0,-0.799535870552063,1.0,0.8421052631578947,-0.6348233240054321
11025,2,0,14,9,1.0,-0.8802448511123657,1.0,0.8947368421052632,-0.7223286423890705
11026,2,0,14,13,1.0,-1.762555718421936,1.0,0.8947368421052632,-0.7456463590153909
11027,2,0,14,14,1.0,-0.7701352834701538,1.0,0.8947368421052632,-0.7205114159584287
11028,2,0,15,4,1.0,-0.7157542705535889,1.0,0.8421052631578947,-0.6335537896805946
11029,2,0,15,5,1.0,-0.7111436128616333,1.0,0.8947368421052632,-0.7196375847911112
11030,2,0,15,8,1.0,-0.7995327711105347,1.0,0.8421052631578947,-0.6348232744432345
11031,2,0,15,16,1.0,-0.8302547931671143,1.0,0.8947368421052632,-0.7214735626257419
11032,2,0,16,17,1.0,-0.8254196643829346,1.0,0.8421052631578947,-0.635243924145938
11033,2,0,17,8,1.0,-0.9045087099075317,1.0,1.0,-0.9116813600629858
11034,2,0,17,9,1.0,-0.8125343322753906,1.0,1.0,-0.9101021204112621
11035,2,0,17,13,1.0,-0.9523535966873169,1.0,0.9473684210526315,-0.8153398568337256
11036,2,0,18,1,1.0,-0.7183955907821655,1.0,0.8947368421052632,-0.7197412546585248
11037,2,0,18,2,1.0,-0.78659987449646,1.0,0.9473684210526315,-0.8124574767280714
11038,2,0,18,5,1.0,-0.7590570449829102,1.0,0.9473684210526315,-0.8120317590778748
11039,2,0,18,6,1.0,-0.7936110496520996,1.0,1.0,-0.909798184981299
11040,2,0,18,17,1.0,-1.0872786045074463,1.0,0.9473684210526315,-0.8180918307406895
11041,2,0,19,3,1.0,-0.9806094169616699,1.0,0.8421052631578947,-0.6380466962087766
11042,2,0,19,16,1.0,-0.7920527458190918,1.0,0.9473684210526315,-0.8125435586240886
11043,2,0,19,18,1.0,-0.813086748123169,1.0,1.0,-0.9101111005997351
11044,2,0,20,6,1.0,-0.8108649253845215,1.0,0.8947368421052632,-0.7211553516821607
11045,2,0,21,10,1.0,-0.8613240718841553,1.0,0.9473684210526315,-0.8136888746705639
11046,2,0,22,7,1.0,-0.833730936050415,1.0,0.9473684210526315,-0.813221155839768
11047,2,0,22,9,1.0,-0.6797683238983154,1.0,0.8421052631578947,-0.6330515976641928
11048,2,0,22,12,1.0,-0.7431206703186035,1.0,0.9473684210526315,-0.8117923664090406
11049,2,0,23,10,1.0,-0.7844438552856445,1.0,0.7894736842105263,-0.5539748512608432
11050,2,0,26,7,1.0,-0.7627785205841064,1.0,0.9473684210526315,-0.8120883938171377
11051,2,0,26,9,1.0,-0.7624286413192749,1.0,0.9473684210526315,-0.8120830574335325
11052,2,0,26,12,1.0,-0.6793878078460693,1.0,0.8421052631578947,-0.6330464258569365
11053,2,0,27,5,1.0,-0.816709041595459,1.0,1.0,-0.9101701365862377
11054,2,0,28,5,1.0,-0.7918640375137329,1.0,0.8421052631578947,-0.634701234461513
11055,2,0,28,8,1.0,-0.806074857711792,1.0,0.9473684210526315,-0.8127676498648437
11056,2,0,29,6,1.0,-0.786724328994751,1.0,1.0,-0.9096893516983224
11057,2,0,29,8,1.0,-0.7642476558685303,1.0,1.0,-0.9093407447950054
11058,2,0,29,9,1.0,-0.706052303314209,1.0,0.9473684210526315,-0.8112551816526459
11059,2,0,30,2,1.0,-0.82029128074646,1.0,1.0,-0.9102287778526866
11060,2,0,30,3,1.0,-0.6963891983032227,1.0,0.8421052631578947,-0.6332803270775716
11061,2,0,30,4,1.0,-0.7024788856506348,1.0,1.0,-0.9084347658478495
11062,2,0,30,6,1.0,-0.7174844741821289,1.0,0.8947368421052632,-0.7197281721168962
11063,2,0,31,1,1.0,-0.7749360799789429,1.0,0.8947368421052632,-0.7205855916905035
11064,2,0,31,6,1.0,-0.870105504989624,1.0,0.8947368421052632,-0.7221511683081047
11065,2,0,31,7,1.0,-0.7372796535491943,1.0,0.8421052631578947,-0.6338665607978138
11066,2,0,32,2,1.0,-0.7870173454284668,1.0,0.9473684210526315,-0.8124640461225456
11067,2,0,32,4,1.0,-0.7553554773330688,1.0,0.8947368421052632,-0.7202859513813429
11068,2,0,32,5,1.0,-0.7827270030975342,1.0,0.8947368421052632,-0.7207069480237527
11069,2,0,32,9,1.0,-0.7780685424804688,1.0,0.8947368421052632,-0.720634238977949
11070,2,0,32,12,1.0,-0.8095126152038574,1.0,0.8947368421052632,-0.7211334391517141
11071,2,0,33,2,1.0,-0.7590463161468506,1.0,0.9473684210526315,-0.812031596203054
11072,2,0,33,5,1.0,-0.7892870903015137,1.0,0.8947368421052632,-0.7208100735191385
11073,2,0,33,7,1.0,-1.7621742486953735,1.0,1.0,-0.934552580827651
11074,2,0,33,8,1.0,-0.8113329410552979,1.0,0.9473684210526315,-0.8128526945149073
11075,2,0,33,12,1.0,-0.8685226440429688,1.0,0.9473684210526315,-0.8138133989346468
11076,2,0,34,12,1.0,-1.0258874893188477,1.0,0.8421052631578947,-0.6389551993298469
11077,2,0,35,2,1.0,-0.8192822933197021,1.0,0.9473684210526315,-0.8129823178639648
11078,2,0,35,7,1.0,-0.7639466524124146,1.0,0.8947368421052632,-0.7204164772872935
11079,2,0,35,8,1.0,-0.7893402576446533,1.0,0.8947368421052632,-0.7208109128333575
11080,2,0,36,4,1.0,-0.8952782154083252,1.0,0.7894736842105263,-0.5558365604697363
11081,2,0,37,13,1.0,-0.8570032119750977,1.0,0.8947368421052632,-0.7219248774633286
11082,2,0,38,5,1.0,-0.8181444406509399,1.0,0.8947368421052632,-0.7212739356676526
11083,2,0,38,12,1.0,-0.8117260932922363,1.0,0.8947368421052632,-0.721169324915287
11084,2,0,38,13,1.0,-0.8159146308898926,1.0,0.8947368421052632,-0.7212374992589741
11085,2,0,39,4,1.0,-0.8031065464019775,1.0,0.8947368421052632,-0.7210301336587093
11086,2,0,39,6,1.0,-0.8606094121932983,1.0,0.9473684210526315,-0.8136765687060499
11087,2,0,40,8,1.0,-0.9544305801391602,1.0,0.8421052631578947,-0.6375401252454853
11088,2,0,41,2,1.0,-0.7377548217773438,1.0,1.0,-0.9089428217705572
11089,2,0,41,6,1.0,-0.9036660194396973,1.0,0.8947368421052632,-0.7227464551568721
11090,2,0,41,14,1.0,-0.7645080089569092,1.0,0.8421052631578947,-0.6342754728800302
11091,2,0,42,2,1.0,-0.7821096181869507,1.0,0.8421052631578947,-0.634547702471043
11092,2,0,42,3,1.0,-0.9001657962799072,1.0,0.8947368421052632,-0.7226833170178946
11093,2,0,42,8,1.0,-1.9621174335479736,1.0,1.0,-0.9419990482303289
11094,2,0,42,9,1.0,-0.7903428077697754,1.0,0.9473684210526315,-0.812516500640427
11095,2,0,42,11,1.0,-0.7154202461242676,1.0,0.8947368421052632,-0.7196985936956173
11096,2,0,42,18,1.0,-0.8275423049926758,1.0,0.8421052631578947,-0.6352790105879635
11097,2,0,43,1,1.0,-0.8299933671951294,1.0,0.8947368421052632,-0.7214692223058513
11098,2,0,44,19,1.0,-0.8589905500411987,1.0,0.9473684210526315,-0.8136487307530937
11099,2,0,46,4,1.0,-0.7262885570526123,1.0,0.8947368421052632,-0.7198552830910279
11100,2,0,46,6,1.0,-0.8050941228866577,1.0,0.8421052631578947,-0.6349125133895039
11101,2,0,47,3,1.0,-0.7893047332763672,1.0,0.9473684210526315,-0.8125001027222177
11102,2,0,47,5,1.0,-0.7427847385406494,1.0,0.8421052631578947,-0.6339480396005266
11103,2,0,47,6,1.0,-0.9583919048309326,1.0,0.9473684210526315,-0.8154552335349475
11104,2,0,47,7,1.0,-0.9711216688156128,1.0,0.8421052631578947,-0.6378615208788698
11105,2,0,47,8,1.0,-0.7830108404159546,1.0,0.8421052631578947,-0.6345618076845265
11106,2,0,47,10,1.0,-0.8335690498352051,1.0,0.8947368421052632,-0.7215287060184039
11107,2,0,48,7,1.0,-0.8935108184814453,1.0,0.8947368421052632,-0.722563948237406
11108,2,0,48,8,1.0,-0.8227713108062744,1.0,1.0,-0.9102695262988587
11109,2,0,49,8,1.0,-0.8096151351928711,1.0,0.8947368421052632,-0.7211350990813059
11110,2,0,50,6,1.0,-0.8966223001480103,1.0,0.8947368421052632,-0.7226196479011993
11111,2,0,51,2,1.0,-0.8276486396789551,1.0,0.8947368421052632,-0.7214303551175965
11112,2,0,51,7,1.0,-0.8445508480072021,1.0,1.0,-0.9106326613486968
11113,2,0,51,10,1.0,-0.8802621364593506,1.0,0.8947368421052632,-0.722328946698812
11114,2,0,52,4,1.0,0.39815425872802734,1.3981542587280273,0.8421052631578947,-0.6304141703185983
11115,2,0,52,10,1.3981542587280273,-0.9423571825027466,1.0,1.0,-0.9123803705941451
11116,2,0,53,11,1.0,-0.9760620594024658,1.0,0.9473684210526315,-0.8157970545405427
11117,2,0,54,5,1.0,-0.7588083744049072,1.0,1.0,-0.9092579014906701
11118,2,0,54,7,1.0,-0.7772185802459717,1.0,0.8947368421052632,-0.7206210196247679
11119,2,0,55,4,1.0,-0.8962064981460571,1.0,0.9473684210526315,-0.8143019439756851
11120,2,0,55,7,1.0,-0.824546217918396,1.0,0.8421052631578947,-0.6352295125772729
11121,2,0,55,10,1.0,-0.7730209827423096,1.0,0.9473684210526315,-0.8122456975000918
11122,2,0,55,15,1.0,0.5616931915283203,1.5616931915283203,0.8947368421052632,-0.7182970180155932
11123,2,0,56,7,1.5616931915283203,-0.810945987701416,1.0,1.0,-0.9100763339496902
11124,2,0,56,9,1.0,-0.7652151584625244,1.0,0.9473684210526315,-0.8121256254899012
11125,2,0,57,10,1.0,-0.7571415901184082,1.0,0.8947368421052632,-0.7203129662848425
11126,2,0,57,18,1.0,-1.2131946086883545,1.0,1.0,-0.9182184115855049
11127,2,0,58,1,1.0,-0.8579318523406982,1.0,0.8947368421052632,-0.7219408030425796
11128,2,0,58,5,1.0,-0.8659104108810425,1.0,1.0,-0.9109980083967217
11129,2,0,58,6,1.0,-0.8053939342498779,1.0,0.8947368421052632,-0.7210669263032372
11130,2,0,58,11,1.0,-0.7641305923461914,1.0,0.8947368421052632,-0.7204192880315656
11131,2,0,59,10,1.0,-0.8664563894271851,1.0,0.7894736842105263,-0.5553287963876811
11132,2,0,60,5,1.0,-0.844304084777832,1.0,0.8947368421052632,-0.7217088262856975
11133,2,0,61,10,1.0,-0.7484233379364014,1.0,0.9473684210526315,-0.8118714580301716
11134,2,0,62,4,1.0,-0.7558248043060303,1.0,0.8947368421052632,-0.7202930437580147
11135,2,0,62,5,1.0,-1.9964792728424072,1.0,1.0,-0.9433592948688935
11136,2,0,62,7,1.0,-0.8103477954864502,1.0,0.9473684210526315,-0.8128367185989904
11137,2,0,62,8,1.0,-0.7688009738922119,1.0,0.9473684210526315,-0.8121806324770691
11138,2,0,62,17,1.0,-0.8313949108123779,1.0,0.9473684210526315,-0.8131822580797401
11139,2,0,63,9,1.0,-0.890277624130249,1.0,0.9473684210526315,-0.8141960255827629
11140,2,0,63,14,1.0,-0.8499206304550171,1.0,0.9473684210526315,-0.8134937338832234
11141,2,0,64,13,1.0,-0.9036412239074707,1.0,1.0,-0.9116656746154499
11142,2,0,65,11,1.0,-0.6851315498352051,1.0,1.0,-0.9081940524057959
11143,2,0,66,15,1.0,-0.7948503494262695,1.0,0.9473684210526315,-0.8125879538823235
11144,2,0,67,2,1.0,-0.809308648109436,1.0,0.8947368421052632,-0.7211301372890194
11145,2,0,67,6,1.0,-1.9663933515548706,1.0,1.0,-0.942167028130392
11146,2,0,68,7,1.0,-0.801764965057373,1.0,0.9473684210526315,-0.8126983536944274
11147,2,0,68,8,1.0,-0.7641408443450928,1.0,0.8947368421052632,-0.7204194447099366
11148,2,0,68,10,1.0,-0.8054095506668091,1.0,0.8947368421052632,-0.7210671778530253
11149,2,0,69,4,1.0,-0.09014225006103516,1.0,0.9473684210526315,-0.8063513393549536
11150,2,0,69,10,1.0,-0.8331271409988403,1.0,0.9473684210526315,-0.8132110914331819
11151,2,0,70,4,1.0,-0.7958188056945801,1.0,0.9473684210526315,-0.8126033588174644
11152,2,0,70,18,1.0,-0.8123092651367188,1.0,0.8947368421052632,-0.7211787958322418
11153,2,0,71,6,1.0,-0.8078362941741943,1.0,0.8947368421052632,-0.7211063271918232
11154,2,0,71,14,1.0,-0.6967434883117676,1.0,0.7894736842105263,-0.5526758445249377
11155,2,0,72,11,1.0,-0.9809837341308594,1.0,0.8421052631578947,-0.6380540387887308
11156,2,0,73,8,1.0,-0.8590776920318604,1.0,0.9473684210526315,-0.8136502279119608
11157,2,0,74,2,1.0,-0.746185302734375,1.0,0.8421052631578947,-0.6339986729826055
11158,2,0,74,12,1.0,-0.7913675308227539,1.0,1.0,-0.909762625688405
11159,2,0,74,14,1.0,-0.7448170185089111,1.0,0.8421052631578947,-0.6339782718330427
11160,2,0,74,16,1.0,-0.7825304269790649,1.0,0.7368421052631579,-0.4788756162538071
11161,2,0,74,17,1.0,-0.7950437068939209,1.0,0.9473684210526315,-0.8125910280612092
11162,2,0,74,19,1.0,-0.7402822971343994,1.0,0.8421052631578947,-0.6339109267169434
11163,2,0,75,7,1.0,-0.855461835861206,1.0,1.0,-0.9108181495261503
11164,2,0,75,8,1.0,-0.7352889776229858,1.0,0.9473684210526315,-0.8116765819086315
11165,2,0,76,7,1.0,-0.8002166748046875,1.0,0.8947368421052632,-0.7209837996763269
11166,2,0,76,10,1.0,-0.7776894569396973,1.0,0.8947368421052632,-0.7206283413243239
11167,2,0,77,3,1.0,-0.9063458442687988,1.0,0.9473684210526315,-0.8144847109967261
11168,2,0,77,4,1.0,-0.7331433296203613,1.0,1.0,-0.9088749914176683
11169,2,0,77,8,1.0,-0.8230198621749878,1.0,0.9473684210526315,-0.8130437000378383
11170,2,0,77,9,1.0,-0.807552695274353,1.0,0.9473684210526315,-0.8127914966589417
11171,2,0,78,6,1.0,-0.8738728761672974,1.0,0.9473684210526315,-0.813906621139502
11172,2,0,78,7,1.0,-0.8295001983642578,1.0,1.0,-0.9103807057908634
11173,2,0,79,7,1.0,-0.7938191890716553,1.0,0.7894736842105263,-0.5541228186892729
11174,2,0,79,9,1.0,-0.7780077457427979,1.0,0.8947368421052632,-0.7206332929343301
11175,2,0,79,15,1.0,-0.8718795776367188,1.0,0.9473684210526315,-0.8138718230814928
11176,2,0,80,3,1.0,-0.6897189617156982,1.0,0.9473684210526315,-0.8110272055639948
11177,2,0,80,5,1.0,-0.7688825130462646,1.0,0.9473684210526315,-0.8121818862911763
11178,2,0,80,8,1.0,-0.7867350578308105,1.0,0.8947368421052632,-0.7207698529221727
11179,2,0,80,10,1.0,-0.8664771318435669,1.0,1.0,-0.9110078262000785
11180,2,0,81,9,1.0,-0.9773952960968018,1.0,0.8947368421052632,-0.7241333480582938
11181,2,0,81,15,1.0,-0.8629828691482544,1.0,0.8947368421052632,-0.7220277267344057
11182,2,0,82,1,1.0,-0.8884514570236206,1.0,0.8947368421052632,-0.7224737923248461
11183,2,0,82,7,1.0,-0.719188928604126,1.0,0.9473684210526315,-0.8114424102527604
11184,2,0,83,6,1.0,-0.7981240749359131,1.0,0.9473684210526315,-0.812640103492416
11185,2,0,84,5,1.0,-0.8317784070968628,1.0,0.9473684210526315,-0.8131886362876188
11186,2,0,84,7,1.0,-0.8201382160186768,1.0,0.8947368421052632,-0.7213065993437152
11187,2,0,84,12,1.0,-0.7968428134918213,1.0,0.9473684210526315,-0.8126196677966285
11188,2,0,85,3,1.0,-0.882414698600769,1.0,0.8947368421052632,-0.7223668894130391
11189,2,0,85,6,1.0,-0.8616386651992798,1.0,0.7894736842105263,-0.5552455415335531
11190,2,0,85,11,1.0,-0.8644211292266846,1.0,0.9473684210526315,-0.8137423219890283
11191,2,0,86,7,1.0,-0.7985901832580566,1.0,0.8947368421052632,-0.7209577952179336
11192,2,0,86,10,1.0,-0.8062446117401123,1.0,1.0,-0.9100003037395996
11193,2,0,86,12,1.0,-0.8483572006225586,1.0,0.8421052631578947,-0.635627847320919
11194,2,0,87,5,1.0,-0.8214606046676636,1.0,0.9473684210526315,-0.8130180583527026
11195,2,0,87,8,1.0,-0.8049159049987793,1.0,0.8947368421052632,-0.7210592285511722
11196,2,0,88,1,1.0,-0.8463655710220337,1.0,1.0,-0.9106633467981144
11197,2,0,88,5,1.0,-0.848963737487793,1.0,0.8421052631578947,-0.63563814219813
11198,2,0,88,6,1.0,-0.7588222026824951,1.0,0.8947368421052632,-0.7203384437628113
11199,2,0,88,9,1.0,-0.7940170764923096,1.0,0.9473684210526315,-0.8125747142801069
11200,2,0,89,1,1.0,-0.7636494636535645,1.0,1.0,-0.9093316050333837
11201,2,0,89,4,1.0,-0.8248569965362549,1.0,0.9473684210526315,-0.813073973749841
11202,2,0,89,6,1.0,-0.8209218978881836,1.0,0.8947368421052632,-0.7213194600342956
11203,2,0,90,14,1.0,-0.7714077234268188,1.0,0.9473684210526315,-0.8122207818601184
11204,2,0,90,17,1.0,-0.8366166353225708,1.0,0.7894736842105263,-0.5548206035848737
11205,2,0,91,6,1.0,-0.6912620067596436,1.0,0.8947368421052632,-0.7193587640298659
11206,2,0,92,2,1.0,-0.7314379215240479,1.0,0.9473684210526315,-0.8116200974329271
11207,2,0,92,6,1.0,-0.7623285055160522,1.0,0.8421052631578947,-0.634242195425661
11208,2,0,92,16,1.0,-0.7673916816711426,1.0,0.8421052631578947,-0.6343196478534182
11209,2,0,93,7,1.0,-0.7929610013961792,1.0,1.0,-0.9097878714973523
11210,2,0,93,12,1.0,-0.951166033744812,1.0,0.9473684210526315,-0.8153172513399913
11211,2,0,94,4,1.0,-0.779815673828125,1.0,0.8947368421052632,-0.7206614572614524
11212,2,0,94,6,1.0,-0.7144029140472412,1.0,0.8947368421052632,-0.719684047645964
11213,2,0,95,7,1.0,-0.7929545640945435,1.0,0.9473684210526315,-0.8125578525096766
11214,2,0,95,15,1.0,-0.8028981685638428,1.0,0.9473684210526315,-0.8127165377933246
11215,2,0,95,18,1.0,-0.7495020627975464,1.0,0.8947368421052632,-0.7201978658313499
11216,2,0,95,19,1.0,-0.8139936923980713,1.0,0.8947368421052632,-0.7212061897226106
11217,2,0,97,2,1.0,-0.7666177749633789,1.0,0.8421052631578947,-0.6343077760513356
11218,2,0,97,4,1.0,-0.7229256629943848,1.0,0.9473684210526315,-0.8114962982446516
11219,2,0,97,7,1.0,-0.8727922439575195,1.0,1.0,-0.911117663011124
11220,2,0,97,16,1.0,-0.7993242740631104,1.0,0.9473684210526315,-0.8126592760535581
11221,2,0,99,8,1.0,-0.7386302947998047,1.0,1.0,-0.9089557471239604
11222,2,0,100,9,1.0,-0.7011337280273438,1.0,0.8947368421052632,-0.7194962174557474
11223,2,0,100,18,1.0,-0.7954552173614502,1.0,0.7894736842105263,-0.5541488196681646
11224,2,0,101,5,1.0,-0.758336067199707,1.0,0.8947368421052632,-0.7203310683181314
11225,2,0,101,6,1.0,-0.7541706562042236,1.0,0.8947368421052632,-0.7202680661967673
11226,2,0,101,8,1.0,-0.8514502048492432,1.0,0.8947368421052632,-0.7218300069233504
11227,2,0,101,11,1.0,-0.816809892654419,1.0,0.8421052631578947,-0.6351025319298188
11228,2,0,103,14,1.0,-0.7887189388275146,1.0,1.0,-0.9097207756446519
11229,2,0,104,10,1.0,-0.8068890571594238,1.0,0.8947368421052632,-0.7210910319156084
11230,2,0,104,11,1.0,-0.8099797964096069,1.0,0.9473684210526315,-0.8128307558084105
11231,2,0,105,9,1.0,-0.8217277526855469,1.0,0.9473684210526315,-0.8130224480978293
11232,2,0,105,14,1.0,-0.7596545219421387,1.0,1.0,-0.9092707499270714
11233,2,0,106,6,1.0,-0.9488601684570312,1.0,0.9473684210526315,-0.815273439295336
11234,2,0,107,7,1.0,0.27784180641174316,1.2778418064117432,0.8947368421052632,-0.7156301349102854
11235,2,0,107,18,1.2778418064117432,-0.7902929782867432,1.0,1.0,-0.9097456299152933
11236,2,0,108,12,1.0,-0.9112060070037842,1.0,0.9473684210526315,-0.8145730469744907
11237,2,0,109,14,1.0,-0.9842181205749512,1.0,0.9473684210526315,-0.8159569361911738
11238,2,0,109,16,1.0,-0.6966671943664551,1.0,0.7894736842105263,-0.5526747814369535
11239,2,0,110,9,1.0,-0.8664284944534302,1.0,0.7894736842105263,-0.5553283129998975
11240,2,0,110,14,1.0,-0.8189845085144043,1.0,1.0,-0.9102073562518658
11241,2,0,112,9,1.0,-0.7878055572509766,1.0,0.9473684210526315,-0.8124764590628482
11242,2,0,112,15,1.0,-0.9055299758911133,1.0,1.0,-0.9116998453723736
11243,2,0,113,3,1.0,-0.833648681640625,1.0,0.9473684210526315,-0.8132197843465044
11244,2,0,113,12,1.0,-0.7741799354553223,1.0,0.8947368421052632,-0.7205738781345883
11245,2,0,114,15,1.0,-0.7913918495178223,1.0,0.7894736842105263,-0.5540843402347215
11246,2,0,115,11,1.0,-0.8185992240905762,1.0,0.8947368421052632,-0.7212813793067891
11247,2,0,116,6,1.0,-0.8096399307250977,1.0,0.7894736842105263,-0.5543764978141346
11248,2,0,116,19,1.0,-0.79323410987854,1.0,0.8421052631578947,-0.6347229514531856
11249,2,0,117,6,1.0,-0.8021231889724731,1.0,0.7894736842105263,-0.5542553457427629
11250,2,0,117,9,1.0,-0.7842198610305786,1.0,0.8947368421052632,-0.7207303403143204
11251,2,0,120,4,1.0,-0.8128774166107178,1.0,0.9473684210526315,-0.8128777800468501
11252,2,0,120,12,1.0,-0.7151422500610352,1.0,0.9473684210526315,-0.8113843674807165
11253,2,1,1,2,1.0,-0.9112412929534912,1.0,0.9473684210526315,-0.8145736900423284
11254,2,1,1,14,1.0,-0.8363360166549683,1.0,1.0,-0.910494579327543
11255,2,1,1,16,1.0,-1.027754306793213,1.0,0.8947368421052632,-0.7251431215612922
11256,2,1,2,17,1.0,-0.928205132484436,1.0,1.0,-0.9121156476797044
11257,2,1,3,12,1.0,-0.8299129009246826,1.0,0.8947368421052632,-0.7214678866411844
11258,2,1,6,11,1.0,-0.9131805896759033,1.0,0.8947368421052632,-0.7229193203035805
11259,2,1,6,19,1.0,-0.8251039981842041,1.0,0.8947368421052632,-0.7213882984881678
11260,2,1,7,1,1.0,-1.0570664405822754,1.0,0.8947368421052632,-0.725754227008025
11261,2,1,7,5,1.0,-0.998031497001648,1.0,0.8421052631578947,-0.6383914166125111
11262,2,1,7,10,1.0,-0.8253294229507446,1.0,0.8947368421052632,-0.7213920189738543
11263,2,1,7,14,1.0,-0.9791134595870972,1.0,0.8947368421052632,-0.7241669640774183
11264,2,1,8,11,1.0,-1.1858325004577637,1.0,0.8947368421052632,-0.7286423196013914
11265,2,1,9,16,1.0,-0.8436553478240967,1.0,0.8421052631578947,-0.6355482913815595
11266,2,1,10,2,1.0,-0.912327766418457,1.0,0.9473684210526315,-0.8145935026362738
11267,2,1,12,19,1.0,-0.8418633937835693,1.0,0.8947368421052632,-0.7216676721479001
11268,2,1,13,18,1.0,-0.8257513046264648,1.0,0.9473684210526315,-0.813088735273416
11269,2,1,14,17,1.0,-1.0590331554412842,1.0,0.9473684210526315,-0.8174855953457322
11270,2,1,17,1,1.0,-1.012378215789795,1.0,0.8421052631578947,-0.6386798444404949
11271,2,1,17,7,1.0,-1.0395959615707397,1.0,0.8947368421052632,-0.7253879300431141
11272,2,1,17,8,1.0,-1.679042935371399,1.0,0.8947368421052632,-0.7427721841981783
11273,2,1,17,9,1.0,-0.9200663566589355,1.0,0.9473684210526315,-0.8147353041090494
11274,2,1,17,18,1.0,-0.9717328548431396,1.0,0.9473684210526315,-0.8157127305143089
11275,2,1,18,2,1.0,-1.0202836990356445,1.0,0.8421052631578947,-0.6388405361876162
11276,2,1,18,3,1.0,-1.015561819076538,1.0,0.8421052631578947,-0.638744406006098
11277,2,1,18,15,1.0,-1.0248470306396484,1.0,0.8421052631578947,-0.6389338622845466
11278,2,1,19,6,1.0,-0.9491598606109619,1.0,0.9473684210526315,-0.8152791275124431
11279,2,1,20,5,1.0,-0.8729169368743896,1.0,1.0,-0.9111198397868217
11280,2,1,20,10,1.0,-0.8537955284118652,1.0,0.8947368421052632,-0.7218700004533332
11281,2,1,20,11,1.0,-0.9185764789581299,1.0,0.8421052631578947,-0.6368685753993888
11282,2,1,20,15,1.0,-0.7456772327423096,1.0,0.9473684210526315,-0.8118304284567952
11283,2,1,20,18,1.0,-0.8393423557281494,1.0,0.8947368421052632,-0.721625288311165
11284,2,1,21,7,1.0,-1.0136628150939941,1.0,1.0,-0.9137751230270428
11285,2,1,21,11,1.0,-0.9639263153076172,1.0,0.8421052631578947,-0.6377222873358628
11286,2,1,22,5,1.0,-0.8151264190673828,1.0,0.9473684210526315,-0.812914393893109
11287,2,1,22,6,1.0,-0.859727144241333,1.0,1.0,-0.9108913076254536
11288,2,1,22,7,1.0,-0.9364736080169678,1.0,0.7894736842105263,-0.5565911578250123
11289,2,1,22,17,1.0,-0.9789363145828247,1.0,0.8421052631578947,-0.6380139110025276
11290,2,1,23,8,1.0,-1.272948145866394,1.0,0.8947368421052632,-0.7307843022306191
11291,2,1,23,10,1.0,-0.8239061832427979,1.0,0.7894736842105263,-0.5546095436277463
11292,2,1,23,19,1.0,-0.9139494895935059,1.0,0.8947368421052632,-0.7229333691052545
11293,2,1,24,4,1.0,-0.845486044883728,1.0,0.9473684210526315,-0.8134185496234242
11294,2,1,26,2,1.0,-1.0292526483535767,1.0,0.8947368421052632,-0.7251739425514008
11295,2,1,27,19,1.0,-0.7907013893127441,1.0,0.8421052631578947,-0.6346828347930487
11296,2,1,28,5,1.0,-1.0475395917892456,1.0,0.7894736842105263,-0.5587947216035489
11297,2,1,29,13,1.0,-0.8379878997802734,1.0,0.8421052631578947,-0.6354529851242191
11298,2,1,32,10,1.0,-0.83799147605896,1.0,1.0,-0.9105222971394747
11299,2,1,32,18,1.0,-1.0450916290283203,1.0,0.8421052631578947,-0.6393529130530883
11300,2,1,32,19,1.0,-0.7539083957672119,1.0,0.8947368421052632,-0.7202641111020551
11301,2,1,33,5,1.0,-0.814910888671875,1.0,0.8947368421052632,-0.7212211299747321
11302,2,1,34,19,1.0,-0.8659920692443848,1.0,0.8421052631578947,-0.6359301705623793
11303,2,1,35,8,1.0,-0.8195641040802002,1.0,0.8421052631578947,-0.6351476011294054
11304,2,1,35,20,1.0,-0.7871382236480713,1.0,0.9473684210526315,-0.8124659489337713
11305,2,1,36,2,1.0,-0.8786883354187012,1.0,0.8421052631578947,-0.6361516798304465
11306,2,1,36,5,1.0,-0.8200187683105469,1.0,0.9473684210526315,-0.8129943909063084
11307,2,1,36,12,1.0,-0.8146631717681885,1.0,0.8947368421052632,-0.7212170932443263
11308,2,1,37,8,1.0,-1.0649807453155518,1.0,0.7894736842105263,-0.5591631695188178
11309,2,1,37,16,1.0,-0.9321746826171875,1.0,0.8947368421052632,-0.7232698287990967
11310,2,1,38,2,1.0,-0.9343782663345337,1.0,1.0,-0.9122306274459833
11311,2,1,38,13,1.0,-1.014999270439148,1.0,0.9473684210526315,-0.816572318292413
11312,2,1,38,19,1.0,-0.822056770324707,1.0,0.9473684210526315,-0.8130278564388598
11313,2,1,39,13,1.0,-0.8168809413909912,1.0,0.8947368421052632,-0.7212532771340505
11314,2,1,40,15,1.0,-0.810463547706604,1.0,1.0,-0.9100685116216117
11315,2,1,40,17,1.0,-0.9319807291030884,1.0,0.8947368421052632,-0.7232662132041674
11316,2,1,41,11,1.0,-1.0015147924423218,1.0,0.8421052631578947,-0.6384610667172455
11317,2,1,41,19,1.0,-0.7966535091400146,1.0,0.8947368421052632,-0.7209269005462232
11318,2,1,42,1,1.0,-0.8359341621398926,1.0,0.7894736842105263,-0.5548091888742144
11319,2,1,42,19,1.0,-0.8329260349273682,1.0,0.7894736842105263,-0.5547589874364874
11320,2,1,44,2,1.0,-0.8409440517425537,1.0,0.8421052631578947,-0.6355026169040494
11321,2,1,44,10,1.0,-0.9968665838241577,1.0,1.0,-0.9134374298594524
11322,2,1,45,10,1.0,-0.795525312423706,1.0,0.8947368421052632,-0.7209089376370406
11323,2,1,46,10,1.0,-0.9150469303131104,1.0,0.9473684210526315,-0.8146431919492474
11324,2,1,46,14,1.0,-0.9161800146102905,1.0,0.8421052631578947,-0.6368246061141507
11325,2,1,46,15,1.0,-0.8555171489715576,1.0,0.8421052631578947,-0.6357498438442818
11326,2,1,46,19,1.0,-0.837020754814148,1.0,0.7894736842105263,-0.5548273670797856
11327,2,1,48,3,1.0,-1.8783085346221924,1.0,0.7894736842105263,-0.5831017591522348
11328,2,1,49,13,1.0,-0.9802160263061523,1.0,0.8947368421052632,-0.7241885669922464
11329,2,1,50,6,1.0,-0.8294805288314819,1.0,0.8947368421052632,-0.7214607118870777
11330,2,1,50,17,1.0,-0.8648135662078857,1.0,0.8947368421052632,-0.7220593574529443
11331,2,1,51,7,1.0,-0.958240270614624,1.0,0.8421052631578947,-0.6376129920847134
11332,2,1,51,19,1.0,-0.967212438583374,1.0,0.8947368421052632,-0.7239353314234762
11333,2,1,52,5,1.0,-1.009669303894043,1.0,0.8421052631578947,-0.6386250689546964
11334,2,1,53,2,1.0,-0.814712405204773,1.0,0.9473684210526315,-0.8129076461344384
11335,2,1,56,19,1.0,-1.0135467052459717,1.0,0.9473684210526315,-0.8165428523396425
11336,2,1,57,6,1.0,-0.8316800594329834,1.0,0.8947368421052632,-0.7214972496225567
11337,2,1,57,12,1.0,-0.9601486921310425,1.0,0.8947368421052632,-0.7237991875199817
11338,2,1,57,15,1.0,-1.031273365020752,1.0,0.8421052631578947,-0.6390659954564498
11339,2,1,58,4,1.0,-0.7584540843963623,1.0,0.7894736842105263,-0.5535738556212644
11340,2,1,59,2,1.0,-0.9462389945983887,1.0,0.9473684210526315,-0.8152237654514787
11341,2,1,59,9,1.0,-0.7872481346130371,1.0,0.8421052631578947,-0.6346283441769547
11342,2,1,59,14,1.0,-0.8414351940155029,1.0,0.9473684210526315,-0.813350214959772
11343,2,1,59,17,1.0,-0.9975763559341431,1.0,0.8947368421052632,-0.7245319182691606
11344,2,1,62,14,1.0,-0.9679639339447021,1.0,0.8947368421052632,-0.7239498741841492
11345,2,1,63,5,1.0,-1.1870534420013428,1.0,0.8421052631578947,-0.6425217066641099
11346,2,1,63,7,1.0,-0.9422612190246582,1.0,0.7894736842105263,-0.5566998916886675
11347,2,1,64,1,1.0,-0.8237578868865967,1.0,0.8947368421052632,-0.721366102972051
11348,2,1,64,5,1.0,-1.0351110696792603,1.0,0.7894736842105263,-0.5585358789056146
11349,2,1,64,15,1.0,-0.950824499130249,1.0,0.9473684210526315,-0.8153107553839558
11350,2,1,64,18,1.0,-0.925827145576477,1.0,0.8947368421052632,-0.723151891444835
11351,2,1,65,4,1.0,-0.8355001211166382,1.0,0.9473684210526315,-0.8132506876263521
11352,2,1,65,13,1.0,-1.185511827468872,1.0,0.9473684210526315,-0.8203244660331788
11353,2,1,66,5,1.0,-0.886279821395874,1.0,0.9473684210526315,-0.8141250023206279
11354,2,1,66,10,1.0,-0.9799525737762451,1.0,0.9473684210526315,-0.8158731535709998
11355,2,1,66,13,1.0,-0.9103182554244995,1.0,0.7368421052631579,-0.4810388708239178
11356,2,1,67,6,1.0,-0.8115532398223877,1.0,0.7368421052631579,-0.47933826417298886
11357,2,1,68,10,1.0,-0.985107421875,1.0,0.8421052631578947,-0.6381351142487697
11358,2,1,68,17,1.0,-0.9527218341827393,1.0,0.7894736842105263,-0.5568981185731744
11359,2,1,70,6,1.0,-1.3205262422561646,1.0,0.8421052631578947,-0.6458686434873094
11360,2,1,71,6,1.0,-1.0780668258666992,1.0,0.9473684210526315,-0.8178923639128359
11361,2,1,71,7,1.0,-0.9384497404098511,1.0,0.8421052631578947,-0.6372376270751907
11362,2,1,71,9,1.0,-0.8412607908248901,1.0,0.8421052631578947,-0.6355079451042308
11363,2,1,72,7,1.0,-0.9156935214996338,1.0,1.0,-0.911884946253164
11364,2,1,72,15,1.0,-0.8063414096832275,1.0,0.7894736842105263,-0.5543231943295885
11365,2,1,72,20,1.0,-0.8151357173919678,1.0,0.8947368421052632,-0.7212247947876533
11366,2,1,74,16,1.0,-0.8962831497192383,1.0,0.8947368421052632,-0.7226135672546786
11367,2,1,74,18,1.0,-0.9068430662155151,1.0,0.9473684210526315,-0.8144937265699245
11368,2,1,74,19,1.0,-0.7836179733276367,1.0,0.8421052631578947,-0.6345713192036587
11369,2,1,75,11,1.0,-0.817878007888794,1.0,0.7368421052631579,-0.47944132192020816
11370,2,1,76,1,1.0,-0.9305713176727295,1.0,0.8421052631578947,-0.6370903776951892
11371,2,1,77,3,1.0,-1.036314845085144,1.0,0.8947368421052632,-0.7253198169914107
11372,2,1,77,5,1.0,-0.758312463760376,1.0,0.8421052631578947,-0.6341811258493809
11373,2,1,77,6,1.0,-0.9520814418792725,1.0,0.8421052631578947,-0.6374953386421467
11374,2,1,77,15,1.0,-0.8575060367584229,1.0,0.8421052631578947,-0.635783913953209
11375,2,1,78,12,1.0,-0.8270009756088257,1.0,0.8421052631578947,-0.635270054059017
11376,2,1,79,5,1.0,-1.0646929740905762,1.0,0.8421052631578947,-0.639766459213216
11377,2,1,79,9,1.0,-0.8463037014007568,1.0,0.7368421052631579,-0.47991437711237295
11378,2,1,79,11,1.0,-0.9608570337295532,1.0,0.8947368421052632,-0.7238127948026478
11379,2,1,81,1,1.0,-0.8140175342559814,1.0,0.9473684210526315,-0.8128963285632548
11380,2,1,82,17,1.0,-0.8750903606414795,1.0,0.8421052631578947,-0.6360885793153139
11381,2,1,84,19,1.0,-0.9885514974594116,1.0,0.9473684210526315,-0.8160424237337853
11382,2,1,85,10,1.0,-1.012322187423706,1.0,0.8947368421052632,-0.7248282945214753
11383,2,1,85,20,1.0,-0.940138578414917,1.0,0.9473684210526315,-0.8151086885687331
11384,2,1,86,4,1.0,-0.7978065013885498,1.0,1.0,-0.9098649521365784
11385,2,1,87,9,1.0,-1.1533805131912231,1.0,0.8421052631578947,-0.6417336140045301
11386,2,1,88,9,1.0,-0.9379847049713135,1.0,0.8421052631578947,-0.6372289009900388
11387,2,1,88,15,1.0,-0.9342596530914307,1.0,1.0,-0.9122284109939451
11388,2,1,89,17,1.0,-0.8538382053375244,1.0,0.7894736842105263,-0.5551117264488292
11389,2,1,90,5,1.0,-0.9643712043762207,1.0,0.8947368421052632,-0.7238804506082727
11390,2,1,93,4,1.0,-0.9763696193695068,1.0,1.0,-0.9130329763362776
11391,2,1,94,8,1.0,-1.9992984533309937,1.0,0.7368421052631579,-0.5127240206172438
11392,2,1,94,18,1.0,-0.9308674335479736,1.0,0.9473684210526315,-0.8149352248908949
11393,2,1,95,7,1.0,-0.8487567901611328,1.0,0.8947368421052632,-0.7217842132984185
11394,2,1,95,16,1.0,-1.0386347770690918,1.0,1.0,-0.9142876220013736
11395,2,1,96,11,1.0,-1.074104905128479,1.0,0.9473684210526315,-0.8178070965747035
11396,2,1,96,15,1.0,-0.8409826755523682,1.0,1.0,-0.9105725186057921
11397,2,1,96,17,1.0,-0.8127192258834839,1.0,0.8947368421052632,-0.7211854578111787
11398,2,1,96,20,1.0,-1.2035735845565796,1.0,0.8947368421052632,-0.729066226144396
11399,2,1,97,6,1.0,-0.8133513927459717,1.0,0.8947368421052632,-0.7211957372907903
11400,2,1,97,15,1.0,-1.1195844411849976,1.0,1.0,-0.9160346932094352
11401,2,1,99,8,1.0,-0.9373786449432373,1.0,1.0,-0.9122867872399562
11402,2,1,101,17,1.0,-0.9013347625732422,1.0,0.8947368421052632,-0.7227043759522018
11403,2,1,102,8,1.0,-0.9742617607116699,1.0,0.7894736842105263,-0.5573131894237392
11404,2,1,104,5,1.0,-0.9472702741622925,1.0,0.9473684210526315,-0.8152432928256079
11405,2,1,104,7,1.0,-0.9941670894622803,1.0,1.0,-0.913383682017699
11406,2,1,104,8,1.0,-0.9711596965789795,1.0,0.8421052631578947,-0.6378622594850314
11407,2,1,104,12,1.0,-0.7699308395385742,1.0,0.9473684210526315,-0.8121980180792187
11408,2,1,105,14,1.0,-1.029586911201477,1.0,0.8421052631578947,-0.6390312399996115
11409,2,1,106,20,1.0,-1.1906744241714478,1.0,0.9473684210526315,-0.820447138946253
11410,2,1,107,17,1.0,-0.9196186065673828,1.0,0.9473684210526315,-0.8147270669179423
11411,2,1,108,4,1.0,-0.9841816425323486,1.0,0.9473684210526315,-0.8159562181574697
11412,2,1,108,8,1.0,-0.9507040977478027,1.0,0.8947368421052632,-0.7236187152247169
11413,2,1,108,11,1.0,-1.005648136138916,1.0,1.0,-0.9136132817371967
11414,2,1,110,15,1.0,-0.9035797119140625,1.0,0.8947368421052632,-0.7227448953677992
11415,2,1,112,9,1.0,-0.8507635593414307,1.0,0.8947368421052632,-0.7218183187490053
11416,2,1,113,4,1.0,-0.8044393062591553,1.0,0.8421052631578947,-0.6349019738969847
11417,2,1,113,19,1.0,-0.9206970930099487,1.0,0.8421052631578947,-0.6369075792932073
11418,2,1,114,8,1.0,-1.0208690166473389,1.0,0.7894736842105263,-0.5582430651313942
11419,2,1,114,19,1.0,-0.8384970426559448,1.0,1.0,-0.9105307729054276
11420,2,1,118,5,1.0,-0.8887441158294678,1.0,0.8947368421052632,-0.7224789934441872
11421,2,1,118,10,1.0,-0.976245641708374,1.0,0.9473684210526315,-0.8158006386320389
11422,2,1,119,6,1.0,-0.8512594699859619,1.0,0.8947368421052632,-0.72182675926238
11423,2,1,119,14,1.0,-0.9842380285263062,1.0,0.9473684210526315,-0.8159573280704664
11424,2,1,119,19,1.0,-1.0521256923675537,1.0,0.8947368421052632,-0.7256500171353713
11425,2,1,120,11,1.0,-0.8368451595306396,1.0,1.0,-0.9105030982102986
11426,2,2,2,10,1.0,-0.9290919303894043,1.0,0.9473684210526315,-0.81490220125364
11427,2,2,2,13,1.0,-0.8472263813018799,1.0,0.8421052631578947,-0.6356086733341764
11428,2,2,3,11,1.0,-0.7315771579742432,1.0,0.9473684210526315,-0.8116221344831897
11429,2,2,5,7,1.0,-0.8372406959533691,1.0,0.8421052631578947,-0.6354404677520424
11430,2,2,6,14,1.0,-0.791521430015564,1.0,1.0,-0.9097650617417388
11431,2,2,7,11,1.0,-0.9031274318695068,1.0,1.0,-0.9116563915819521
11432,2,2,7,12,1.0,-0.7362825870513916,1.0,0.9473684210526315,-0.8116912035824438
11433,2,2,7,19,1.0,-0.77155601978302,1.0,0.8947368421052632,-0.7205333193266064
11434,2,2,10,4,1.0,-0.7582815885543823,1.0,0.8947368421052632,-0.7203302420853778
11435,2,2,10,14,1.0,-0.8021485805511475,1.0,0.8947368421052632,-0.7210147558627744
11436,2,2,10,20,1.0,-0.7646969556808472,1.0,0.9473684210526315,-0.8121176974427685
11437,2,2,11,4,1.0,-0.8129934072494507,1.0,0.8947368421052632,-0.7211899152122829
11438,2,2,12,10,1.0,-0.7660648822784424,1.0,1.0,-0.9093685540386028
11439,2,2,13,8,1.0,-0.8573918342590332,1.0,1.0,-0.9108512075745406
11440,2,2,13,20,1.0,-0.80926513671875,1.0,0.9473684210526315,-0.8128191837175771
11441,2,2,14,1,1.0,-0.7684758901596069,1.0,1.0,-0.909405551937566
11442,2,2,15,13,1.0,-0.8463747501373291,1.0,0.9473684210526315,-0.8134335852791932
11443,2,2,16,1,1.0,-0.6964998245239258,1.0,0.8947368421052632,-0.7194314524655908
11444,2,2,16,4,1.0,-0.8702821731567383,1.0,0.8421052631578947,-0.6360046585315817
11445,2,2,16,7,1.0,-0.7967171669006348,1.0,0.7894736842105263,-0.5541689120802309
11446,2,2,18,10,1.0,-0.8112180233001709,1.0,0.9473684210526315,-0.8128508299157633
11447,2,2,18,20,1.0,-0.8344926834106445,1.0,0.8947368421052632,-0.7215441127966312
11448,2,2,22,3,1.0,-0.8229881525039673,1.0,0.8947368421052632,-0.7213534274015911
11449,2,2,22,7,1.0,-0.9164807796478271,1.0,0.8947368421052632,-0.7229797026046111
11450,2,2,22,18,1.0,-0.7776634693145752,1.0,0.9473684210526315,-0.8123176878175568
11451,2,2,22,19,1.0,-0.7929548025131226,1.0,0.9473684210526315,-0.8125578562907791
11452,2,2,23,3,1.0,-0.8063807487487793,1.0,1.0,-0.9100024991195264
11453,2,2,23,10,1.0,-0.852028489112854,1.0,1.0,-0.9107595254625993
11454,2,2,24,14,1.0,-0.7686188220977783,1.0,0.9473684210526315,-0.8121778320393227
11455,2,2,25,1,1.0,-1.0096948146820068,1.0,1.0,-0.9136948361879573
11456,2,2,25,5,1.0,-0.9084274768829346,1.0,1.0,-0.9117524048075589
11457,2,2,26,6,1.0,-0.77667236328125,1.0,0.8947368421052632,-0.720612532008821
11458,2,2,26,20,1.0,-0.788733720779419,1.0,1.0,-0.9097210088229455
11459,2,2,27,7,1.0,-0.8092615604400635,1.0,0.7894736842105263,-0.5543703723719481
11460,2,2,27,10,1.0,-0.7710855007171631,1.0,0.8421052631578947,-0.6343764764166
11461,2,2,30,9,1.0,-0.8416101932525635,1.0,0.8947368421052632,-0.7216634095838383
11462,2,2,31,10,1.0,-0.8470320701599121,1.0,0.9473684210526315,-0.8134447163812868
11463,2,2,32,9,1.0,0.4848601818084717,1.4848601818084717,0.8947368421052632,-0.7174160865508141
11464,2,2,32,14,1.4848601818084717,-0.8205808401107788,1.0,0.8421052631578947,-0.6351642770740067
11465,2,2,35,10,1.0,-0.8708024024963379,1.0,0.9473684210526315,-0.8138530513444269
11466,2,2,35,15,1.0,-0.7767888307571411,1.0,1.0,-0.9095340088758904
11467,2,2,36,3,1.0,-0.8943623304367065,1.0,0.9473684210526315,-0.8142689228835347
11468,2,2,36,20,1.0,-0.8033983707427979,1.0,0.7894736842105263,-0.554275819061011
11469,2,2,37,1,1.0,-0.7896895408630371,1.0,0.9473684210526315,-0.8125061788119776
11470,2,2,37,3,1.0,-0.7584983110427856,1.0,0.7894736842105263,-0.5535745265184367
11471,2,2,38,2,1.0,-0.8466880321502686,1.0,0.8421052631578947,-0.6355995541603026
11472,2,2,38,3,1.0,-0.856989860534668,1.0,0.8947368421052632,-0.7219246486205645
11473,2,2,38,10,1.0,-0.8609169721603394,1.0,0.8421052631578947,-0.6358425282519748
11474,2,2,39,7,1.0,-0.7355184555053711,1.0,0.9473684210526315,-0.811679957086383
11475,2,2,43,9,1.0,-0.7949079275131226,1.0,0.8421052631578947,-0.6347495340546696
11476,2,2,43,16,1.0,-0.7964091300964355,1.0,0.9473684210526315,-0.8126127581275026
11477,2,2,44,5,1.0,-0.8191503286361694,1.0,0.8947368421052632,-0.7212904050190196
11478,2,2,44,6,1.0,-0.747126579284668,1.0,0.6842105263157895,-0.40880497294448676
11479,2,2,45,4,1.0,-0.8297309875488281,1.0,0.9473684210526315,-0.8131546182194804
11480,2,2,45,6,1.0,-0.8316042423248291,1.0,0.9473684210526315,-0.8131857392610194
11481,2,2,46,5,1.0,-0.7800453901290894,1.0,0.9473684210526315,-0.8123547912091094
11482,2,2,46,10,1.0,-0.8088932037353516,1.0,0.9473684210526315,-0.8128131652529853
11483,2,2,46,11,1.0,-0.8986663818359375,1.0,0.8947368421052632,-0.7226563450683932
11484,2,2,47,5,1.0,-0.972774863243103,1.0,1.0,-0.9129629093455763
11485,2,2,47,14,1.0,-0.8091540336608887,1.0,0.7894736842105263,-0.554368632141786
11486,2,2,48,20,1.0,-0.858566164970398,1.0,0.8947368421052632,-0.721951691006292
11487,2,2,49,1,1.0,-0.7663203477859497,1.0,0.8421052631578947,-0.6343032166767454
11488,2,2,50,8,1.0,-0.7419389486312866,1.0,0.9473684210526315,-0.8117748171374539
11489,2,2,50,9,1.0,-0.816378116607666,1.0,0.8947368421052632,-0.721245064702731
11490,2,2,51,7,1.0,-0.8221666812896729,1.0,0.8421052631578947,-0.6351903284406664
11491,2,2,52,2,1.0,-0.8727443218231201,1.0,0.9473684210526315,-0.8138869096152379
11492,2,2,52,5,1.0,-0.8246363401412964,1.0,1.0,-0.9103002509348163
11493,2,2,52,7,1.0,-0.8693472146987915,1.0,0.8421052631578947,-0.635988393719483
11494,2,2,55,5,1.0,-0.7780870199203491,1.0,0.9473684210526315,-0.8123242772081782
11495,2,2,55,16,1.0,-0.7895584106445312,1.0,0.9473684210526315,-0.8125041079406881
11496,2,2,56,1,1.0,-1.0404475927352905,1.0,0.8421052631578947,-0.6392560598547242
11497,2,2,58,19,1.0,-0.6693891286849976,1.0,0.9473684210526315,-0.8107509011585096
11498,2,2,59,2,1.0,-0.7776278257369995,1.0,0.9473684210526315,-0.8123171334560975
11499,2,2,59,5,1.0,-0.8086618185043335,1.0,0.8947368421052632,-0.7211196717770396
11500,2,2,59,20,1.0,-0.815584659576416,1.0,0.8421052631578947,-0.6350825312918014
11501,2,2,60,4,1.0,-0.7605001926422119,1.0,0.9473684210526315,-0.8120536885325813
11502,2,2,60,9,1.0,-0.7477920055389404,1.0,0.9473684210526315,-0.8118620119379725
11503,2,2,61,7,1.0,1.787477970123291,2.787477970123291,0.7368421052631579,-0.5064903304692109
11504,2,2,61,16,2.787477970123291,-0.8666396141052246,1.9208383560180664,0.8947368421052632,-0.7230118129733548
11505,2,2,62,2,1.9208383560180664,-0.7498667240142822,1.1709716320037842,1.0,-0.9092939726698428
11506,2,2,63,12,1.1709716320037842,-0.767115592956543,1.0,0.9473684210526315,-0.8121547464320636
11507,2,2,63,13,1.0,-0.9309241771697998,1.0,0.8421052631578947,-0.6370969461588303
11508,2,2,63,15,1.0,-0.7674617767333984,1.0,1.0,-0.9093899757874678
11509,2,2,63,18,1.0,-0.8610513210296631,1.0,0.9473684210526315,-0.8136841768769623
11510,2,2,64,8,1.0,-0.7922916412353516,1.0,0.7368421052631579,-0.47902933801004083
11511,2,2,64,9,1.0,-0.9008886814117432,1.0,0.8947368421052632,-0.7226963365729301
11512,2,2,65,1,1.0,-0.8192272186279297,1.0,1.0,-0.9102113323574085
11513,2,2,66,19,1.0,-0.7273967266082764,1.0,0.8947368421052632,-0.7198713923887765
11514,2,2,67,2,1.0,-0.8094191551208496,1.0,0.8421052631578947,-0.6349823416092031
11515,2,2,67,5,1.0,-0.938637375831604,1.0,0.9473684210526315,-0.8150804843355733
11516,2,2,67,6,1.0,-0.7834986448287964,1.0,0.9473684210526315,-0.8124087843669785
11517,2,2,67,20,1.0,-0.8355247974395752,1.0,0.8947368421052632,-0.7215613492813366
11518,2,2,68,5,1.0,-0.9598182439804077,1.0,0.8947368421052632,-0.7237928430247486
11519,2,2,68,19,1.0,-0.863059401512146,1.0,0.8421052631578947,-0.6358794632278226
11520,2,2,69,7,1.0,-0.7472013235092163,1.0,0.9473684210526315,-0.8118531812810321
11521,2,2,69,11,1.0,-0.7705786228179932,1.0,0.9473684210526315,-0.8122079972419337
11522,2,2,70,13,1.0,-0.813422679901123,1.0,0.9473684210526315,-0.8128866476642682
11523,2,2,71,19,1.0,-0.6853080987930298,1.0,0.8947368421052632,-0.7192768043126854
11524,2,2,73,10,1.0,-0.6867504119873047,1.0,0.8947368421052632,-0.7192965936936195
11525,2,2,73,17,1.0,-0.8101344108581543,1.0,0.7894736842105263,-0.554384507276454
11526,2,2,76,17,1.0,-0.8070204257965088,1.0,1.0,-0.9100128196765278
11527,2,2,78,2,1.0,-0.8293559551239014,1.0,1.0,-0.9103783130029948
11528,2,2,79,18,1.0,-0.692965030670166,1.0,0.9473684210526315,-0.8110720884398099
11529,2,2,80,12,1.0,-0.6903283596038818,1.0,1.0,-0.9082655324407338
11530,2,2,83,8,1.0,-0.7955135107040405,1.0,0.8421052631578947,-0.6347591653795642
11531,2,2,83,16,1.0,-0.8824481964111328,1.0,0.8421052631578947,-0.6362178961159302
11532,2,2,87,15,1.0,-0.7743068933486938,1.0,1.0,-0.9094955116508731
11533,2,2,87,19,1.0,-0.7467702627182007,1.0,0.8947368421052632,-0.7201569906627743
11534,2,2,87,20,1.0,-0.8876001834869385,1.0,0.8947368421052632,-0.7224586732672327
11535,2,2,88,5,1.0,-0.8738951683044434,1.0,0.9473684210526315,-0.8139070107543515
11536,2,2,89,9,1.0,-0.8034968376159668,1.0,0.8421052631578947,-0.6348868196030262
11537,2,2,91,13,1.0,-0.7734570503234863,1.0,0.8947368421052632,-0.7205626904969233
11538,2,2,92,5,1.0,-0.788616418838501,1.0,0.9473684210526315,-0.8124892416631095
11539,2,2,93,7,1.0,-0.8078010082244873,1.0,0.9473684210526315,-0.8127955077913779
11540,2,2,94,6,1.0,-0.15270793437957764,1.0,0.8947368421052632,-0.714813529542197
11541,2,2,94,8,1.0,-0.8389585018157959,1.0,0.8421052631578947,-0.6354692616001276
11542,2,2,94,20,1.0,-0.8095800876617432,1.0,0.9473684210526315,-0.8128242822858769
11543,2,2,95,5,1.0,-0.7116591930389404,1.0,1.0,-0.9085645880703683
11544,2,2,99,1,1.0,-0.8159639835357666,1.0,0.9473684210526315,-0.8129280553267685
11545,2,2,99,4,1.0,-0.7439272403717041,1.0,0.7368421052631579,-0.47828635495199734
11546,2,2,99,6,1.0,-0.8632526397705078,1.0,0.8421052631578947,-0.635882799123145
11547,2,2,100,10,1.0,-0.8213392496109009,1.0,0.9473684210526315,-0.8130160647320069
11548,2,2,102,9,1.0,-0.8358039855957031,1.0,0.8947368421052632,-0.7215660154333489
11549,2,2,102,10,1.0,-0.80226731300354,1.0,0.9473684210526315,-0.8127064115176321
11550,2,2,103,11,1.0,-0.7702105045318604,1.0,0.9473684210526315,-0.8122023253154051
11551,2,2,103,19,1.0,-0.8044992685317993,1.0,0.8947368421052632,-0.7210525231406542
11552,2,2,104,3,1.0,-0.8080933094024658,1.0,0.8421052631578947,-0.6349608958894479
11553,2,2,104,14,1.0,-0.8582335710525513,1.0,0.9473684210526315,-0.8136357317273091
11554,2,2,104,16,1.0,-0.9587934017181396,1.0,0.9473684210526315,-0.8154629309742754
11555,2,2,104,20,1.0,-0.7552576065063477,1.0,0.8421052631578947,-0.6341348884442946
11556,2,2,105,3,1.0,-0.8537900447845459,1.0,0.9473684210526315,-0.8135596575082249
11557,2,2,105,19,1.0,-0.8189698457717896,1.0,0.8421052631578947,-0.6351378640052723
11558,2,2,107,9,1.0,-0.8365004062652588,1.0,0.8947368421052632,-0.7215776617067916
11559,2,2,108,18,1.0,-0.8225607872009277,1.0,0.7894736842105263,-0.5545873921262953
11560,2,2,110,16,1.0,-0.7225174903869629,1.0,0.8421052631578947,-0.6336510631615884
11561,2,2,111,16,1.0,-0.8583555221557617,1.0,0.8947368421052632,-0.7219480744341251
11562,2,2,112,16,1.0,-0.8136420249938965,1.0,0.8947368421052632,-0.7212004658583339
11563,2,2,112,18,1.0,-0.7944691181182861,1.0,0.8421052631578947,-0.634742559718874
11564,2,2,113,17,1.0,-0.8199021816253662,1.0,0.9473684210526315,-0.8129924789768332
11565,2,2,115,8,1.0,-0.7335854768753052,1.0,1.0,-0.9088814765188237
11566,2,2,116,5,1.0,-0.787339448928833,1.0,0.9473684210526315,-0.8124691171808885
11567,2,2,117,2,1.0,-0.8251466751098633,1.0,0.9473684210526315,-0.8130787534569416
11568,2,2,117,10,1.0,-0.8297781944274902,1.0,0.9473684210526315,-0.8131554016219664
11569,2,2,118,9,1.0,-1.001639723777771,1.0,1.0,-0.913532821362496
11570,2,2,118,13,1.0,-0.7248858213424683,1.0,0.8947368421052632,-0.7198349269498057
11571,2,2,118,20,1.0,-0.7339059114456177,1.0,0.9473684210526315,-0.8116562619710411
11572,2,2,119,4,1.0,-0.8183265924453735,1.0,0.7368421052631579,-0.4794486616813593
11573,2,2,119,9,1.0,-0.7673704624176025,1.0,0.9473684210526315,-0.812158657368403
11574,2,2,120,18,1.0,-0.7771041393280029,1.0,0.9473684210526315,-0.8123089915361001
11575,3,0,1,5,1.0,-0.8132741451263428,1.0,0.8947368421052632,-0.721194480761282
11576,3,0,2,12,1.0,-0.9936983585357666,1.0,0.9473684210526315,-0.8161444473800596
11577,3,0,8,8,1.0,-0.7638257741928101,1.0,0.9473684210526315,-0.8121043812357054
11578,3,0,18,1,1.0,-0.8164036273956299,1.0,0.9473684210526315,-0.8129352319307404
11579,3,0,19,17,1.0,-0.7101411819458008,1.0,0.9473684210526315,-0.8113130880854467
11580,3,0,34,7,1.0,-0.9369615316390991,1.0,1.0,-0.9122789691177149
11581,3,0,38,9,1.0,-0.8545483350753784,1.0,1.0,-0.9108025285698009
11582,3,0,40,4,1.0,-0.7784249782562256,1.0,0.9473684210526315,-0.812329537570225
11583,3,0,41,8,1.0,-0.8219054937362671,1.0,0.9473684210526315,-0.8130253695088315
11584,3,0,46,8,1.0,-0.7746375799179077,1.0,1.0,-0.9095006338022107
11585,3,0,48,6,1.0,-0.8231420516967773,1.0,0.8947368421052632,-0.721355960782688
11586,3,0,49,4,1.0,-0.8352818489074707,1.0,1.0,-0.9104769576711428
11587,3,0,52,6,1.0,-0.7972841262817383,1.0,0.9473684210526315,-0.8126267028827012
11588,3,0,58,11,1.0,-0.816954493522644,1.0,0.8947368421052632,-0.7212544788548406
11589,3,0,60,9,1.0,-0.8960475921630859,1.0,0.7894736842105263,-0.5558503425141018
11590,3,0,90,9,1.0,-0.8569140434265137,1.0,0.9473684210526315,-0.8136130998807087
11591,3,0,95,10,1.0,-0.9184341430664062,1.0,0.9473684210526315,-0.8147052958539942
11592,3,0,99,5,1.0,-0.8755877017974854,1.0,0.8421052631578947,-0.6360972861578276
11593,3,0,107,6,1.0,-0.7988607883453369,1.0,1.0,-0.9098817855915573
11594,3,0,107,14,1.0,-0.758668065071106,1.0,1.0,-0.9092557723295873
11595,3,0,111,6,1.0,-0.8922064304351807,1.0,1.0,-0.9114603231450988
11596,3,1,1,1,1.0,-0.8016961812973022,1.0,0.9473684210526315,-0.8126972507735597
11597,3,1,23,5,1.0,-0.9508054256439209,1.0,0.8947368421052632,-0.7236206419843114
11598,3,1,48,18,1.0,-0.8763687610626221,1.0,1.0,-0.9111802220536643
11599,3,1,90,12,1.0,-1.1063950061798096,1.0,1.0,-0.9157410990969962
11600,3,1,113,19,1.0,-1.1000432968139648,1.0,0.8947368421052632,-0.7266812849586256
11601,3,1,117,2,1.0,-0.8488267660140991,1.0,1.0,-0.9107050687870195
11602,3,1,120,16,1.0,-0.9101905822753906,1.0,0.9473684210526315,-0.8145545520631211
11603,3,2,9,13,1.0,-0.899635910987854,1.0,1.0,-0.9115934477233895
11604,3,2,14,19,1.0,-0.9291647672653198,1.0,0.8947368421052632,-0.7232138040572443
11605,3,2,21,7,1.0,-0.7095053195953369,1.0,1.0,-0.9085339779853407
11606,3,2,26,3,1.0,-0.7968229055404663,1.0,1.0,-0.9098492674279395
11607,3,2,26,7,1.0,-0.8372478485107422,1.0,0.8947368421052632,-0.7215901720083309
11608,3,2,33,7,1.0,-0.7802550792694092,1.0,0.8947368421052632,-0.7206683122972293
11609,3,2,36,8,1.0,-0.7909324169158936,1.0,0.9473684210526315,-0.8125258239837772
11610,3,2,45,9,1.0,-0.8235040903091431,1.0,0.9473684210526315,-0.8130516729700519
11611,3,2,53,19,1.0,-0.8175246715545654,1.0,0.8947368421052632,-0.7212637982959762
11612,3,2,58,15,1.0,-0.7740010023117065,1.0,0.9473684210526315,-0.8122608586182882
11613,3,2,68,13,1.0,-0.7524728775024414,1.0,1.0,-0.909162154313768
11614,3,2,96,2,1.0,-0.7782993316650391,1.0,0.8947368421052632,-0.7206378309066747
11615,3,2,99,12,1.0,-0.776984691619873,1.0,1.0,-0.9095370521101163
11616,3,2,106,3,1.0,-0.7320847511291504,1.0,0.9473684210526315,-0.8116295639308513
11617,3,2,106,3,1.0,-0.7818918228149414,1.0,0.9473684210526315,-0.8123836313283417
